<?xml version='1.0' encoding='utf-8'?>
<gpx version="1.1" creator="update_rws_vhf.py" xmlns="http://www.topografix.com/GPX/1/1">
  <metadata>
    <name>Rijkswaterstaat marifoonborden</name>
    <desc>Rijkswaterstaat marifoonborden, automatisch gegenereerd uit de RWS WFS-service</desc>
    <time>2026-10-05T12:04:07Z</time>
  </metadata>
  <wpt lat="53.3151844" lon="6.9342840">
    <name>B.11.b - VHF 26</name>
    <desc>B.11.b - Verplichting zich te melden op het aangegeven marifoonkanaal
VHF 26

Locatie: Kanaalvak 000,000-006,847 EMK Zeesluizen Farmsum - Woldbrug
Vaarwegkilometer: 1.281
Stroomrichting: Stroomafwaarts
Plaatsing: Rechter oever
Orientatie: 308°

https://data.rws.nl/id/a/verkeersbord-24097</desc>
    <sym>vhf_b11b_26</sym>
    <type>RWS VHF-bord</type>
  </wpt>
  <wpt lat="53.2515250" lon="6.3343267">
    <name>E.23 - VHF 20</name>
    <desc>E.23 - Marifoonkanaal voor nautische informatie
VHF 20

Locatie: Kanaalvak 026,945-047,020 VSK Oostersluis - Gaarkeukensluis
Vaarwegkilometer: 45.431
Stroomrichting: Stroomafwaarts
Plaatsing: Rechter oever
Orientatie: 259°

https://data.rws.nl/id/a/verkeersbord-23012</desc>
    <sym>vhf_e23_20</sym>
    <type>RWS VHF-bord</type>
  </wpt>
  <wpt lat="51.4991145" lon="5.2688381">
    <name>E.23 - VHF 20</name>
    <desc>E.23 - Marifoonkanaal voor nautische informatie
VHF 20

Locatie: BK03
Vaarwegkilometer: 0
Stroomrichting: Stroomopwaarts
Plaatsing: Rechter oever
Orientatie: 0°

https://data.rws.nl/id/a/verkeersbord-46575</desc>
    <sym>vhf_e23_20</sym>
    <type>RWS VHF-bord</type>
  </wpt>
  <wpt lat="53.2220740" lon="6.5951666">
    <name>E.23 - VHF 31</name>
    <desc>E.23 - Marifoonkanaal voor nautische informatie
VHF 31

Locatie: Kanaalvak 026,400-026,945 VSK Winschoterdiep - Oostersluis
Vaarwegkilometer: 26.4
Stroomrichting: Stroomopwaarts
Plaatsing: Linker oever
Orientatie: 360°

https://data.rws.nl/id/a/verkeersbord-52955</desc>
    <sym>vhf_e23_31</sym>
    <type>RWS VHF-bord</type>
  </wpt>
  <wpt lat="51.7739046" lon="5.8475689">
    <name>E.23 - VHF 22</name>
    <desc>E.23 - Marifoonkanaal voor nautische informatie
VHF 22

Locatie: NM4 Maas-Waalkanaal-2030
Vaarwegkilometer: 2.3
Stroomrichting: Stroomopwaarts
Plaatsing: Linker oever
Orientatie: 0°

https://data.rws.nl/id/a/verkeersbord-24521</desc>
    <sym>vhf_e23_22</sym>
    <type>RWS VHF-bord</type>
  </wpt>
  <wpt lat="52.2508463" lon="6.7527431">
    <name>E.23 - VHF 12</name>
    <desc>E.23 - Marifoonkanaal voor nautische informatie
VHF 12

Locatie: TK2 Twentekanaal van Bolksbeek tot Enschede km 20,7 -48,3 - 363
Vaarwegkilometer: 41.602
Stroomrichting: Stroomopwaarts
Plaatsing: Rechter oever
Orientatie: 0°

https://data.rws.nl/id/a/verkeersbord-31132</desc>
    <sym>vhf_e23_12</sym>
    <type>RWS VHF-bord</type>
  </wpt>
  <wpt lat="51.7910713" lon="5.3678163">
    <name>E.23 - VHF 20</name>
    <desc>E.23 - Marifoonkanaal voor nautische informatie
VHF 20
Vaarwegkilometer: 0.3
Plaatsing: Linker oever
Orientatie: 123°

https://data.rws.nl/id/a/verkeersbord-50433</desc>
    <sym>vhf_e23_20</sym>
    <type>RWS VHF-bord</type>
  </wpt>
  <wpt lat="50.8674895" lon="5.6872435">
    <name>E.23 - VHF 18</name>
    <desc>E.23 - Marifoonkanaal voor nautische informatie
VHF 18
Vaarwegkilometer: 0
Stroomrichting: Stroomafwaarts
Plaatsing: Rechter oever
Orientatie: 0°

https://data.rws.nl/id/a/verkeersbord-47015</desc>
    <sym>vhf_e23_18</sym>
    <type>RWS VHF-bord</type>
  </wpt>
  <wpt lat="51.8432993" lon="4.3928801">
    <name>B.11.b - VHF 62</name>
    <desc>B.11.b - Verplichting zich te melden op het aangegeven marifoonkanaal
VHF 62

Locatie: 120A Afgedamde Maas (ten zuiden van de sluis + Heusdens Kanaal)-677
Vaarwegkilometer: 998.2
Stroomrichting: Stroomafwaarts
Plaatsing: Rechter oever
Orientatie: 0°

https://data.rws.nl/id/a/verkeersbord-41735</desc>
    <sym>vhf_b11b_62</sym>
    <type>RWS VHF-bord</type>
  </wpt>
  <wpt lat="52.0892833" lon="5.0795457">
    <name>B.11.b - VHF 61</name>
    <desc>B.11.b - Verplichting zich te melden op het aangegeven marifoonkanaal
VHF 61

Locatie: ARK1 Amsterdam Rijnkanaal
Vaarwegkilometer: 36.3
Stroomrichting: Stroomafwaarts
Plaatsing: Rechter oever
Orientatie: 354°

https://data.rws.nl/id/a/verkeersbord-22287</desc>
    <sym>vhf_b11b_61</sym>
    <type>RWS VHF-bord</type>
  </wpt>
  <wpt lat="53.3075674" lon="6.8604622">
    <name>E.23 - VHF 81</name>
    <desc>E.23 - Marifoonkanaal voor nautische informatie
VHF 81

Locatie: Kanaalvak 000,000-006,847 EMK Zeesluizen Farmsum - Woldbrug
Vaarwegkilometer: 6.428
Stroomrichting: Stroomafwaarts
Plaatsing: Rechter oever
Orientatie: 255°

https://data.rws.nl/id/a/verkeersbord-52421</desc>
    <sym>vhf_e23_81</sym>
    <type>RWS VHF-bord</type>
  </wpt>
  <wpt lat="52.0081260" lon="5.0932864">
    <name>E.23 - VHF 78</name>
    <desc>E.23 - Marifoonkanaal voor nautische informatie
VHF 78

Locatie: ARK6 Merwedekanaal
Vaarwegkilometer: 46.86
Stroomrichting: Stroomopwaarts
Plaatsing: Linker oever
Orientatie: 178°

https://data.rws.nl/id/a/verkeersbord-21277</desc>
    <sym>vhf_e23_78</sym>
    <type>RWS VHF-bord</type>
  </wpt>
  <wpt lat="51.8955414" lon="5.4571623">
    <name>B.11.b - VHF 69</name>
    <desc>B.11.b - Verplichting zich te melden op het aangegeven marifoonkanaal
VHF 69

Locatie: ARK4 Amsterdam Rijnkanaal
Vaarwegkilometer: 71.78
Stroomrichting: Stroomopwaarts
Plaatsing: Linker oever
Orientatie: 159°

https://data.rws.nl/id/a/verkeersbord-22385</desc>
    <sym>vhf_b11b_69</sym>
    <type>RWS VHF-bord</type>
  </wpt>
  <wpt lat="52.3777393" lon="4.9107310">
    <name>E.23 - VHF 22</name>
    <desc>E.23 - Marifoonkanaal voor nautische informatie
VHF 22

Locatie: Bord 522: NZK5 Sluizen te IJmuiden &amp; Noorzeekanaal tot IJ Lekkanaal-563
Vaarwegkilometer: 0
Stroomrichting: Stroomopwaarts
Plaatsing: Rechter oever
Orientatie: 0°

https://data.rws.nl/id/a/verkeersbord-41330</desc>
    <sym>vhf_e23_22</sym>
    <type>RWS VHF-bord</type>
  </wpt>
  <wpt lat="51.8548859" lon="6.0902004">
    <name>B.11.b - VHF 64</name>
    <desc>B.11.b - Verplichting zich te melden op het aangegeven marifoonkanaal
VHF 64

Locatie: BR1 Lobith - Nijmegen - 286
Vaarwegkilometer: 863.315
Plaatsing: Rechter oever
Orientatie: 0°

https://data.rws.nl/id/a/verkeersbord-53522</desc>
    <sym>vhf_b11b_64</sym>
    <type>RWS VHF-bord</type>
  </wpt>
  <wpt lat="52.0035156" lon="5.0922865">
    <name>E.23 - VHF 78</name>
    <desc>E.23 - Marifoonkanaal voor nautische informatie
VHF 78

Locatie: ARK6 Merwedekanaal
Vaarwegkilometer: 47.38
Stroomrichting: Stroomafwaarts
Plaatsing: Rechter oever
Orientatie: 2°

https://data.rws.nl/id/a/verkeersbord-50459</desc>
    <sym>vhf_e23_78</sym>
    <type>RWS VHF-bord</type>
  </wpt>
  <wpt lat="51.8454039" lon="5.8171103">
    <name>E.23 - VHF 12</name>
    <desc>E.23 - Marifoonkanaal voor nautische informatie
VHF 12

Locatie: NM4 Maas-Waalkanaal-2087
Vaarwegkilometer: 11.09
Plaatsing: Rechter oever
Orientatie: 0°

https://data.rws.nl/id/a/verkeersbord-24947</desc>
    <sym>vhf_e23_12</sym>
    <type>RWS VHF-bord</type>
  </wpt>
  <wpt lat="53.4680135" lon="6.1678846">
    <name>E.23 - VHF 31</name>
    <desc>E.23 - Marifoonkanaal voor nautische informatie
VHF 31

Locatie: Nog in te winnen
Vaarwegkilometer: 0
Stroomrichting: Stroomopwaarts
Plaatsing: Haven
Orientatie: 179°

https://data.rws.nl/id/a/verkeersbord-23635</desc>
    <sym>vhf_e23_31</sym>
    <type>RWS VHF-bord</type>
  </wpt>
  <wpt lat="51.6897552" lon="4.4060009">
    <name>B.11.a - VHF 25</name>
    <desc>B.11.a - Verplichting gebruik te maken van marifoon overeenkomstig de daartoe bij algemene regeling vastgestelde voorschriften
VHF 25

Locatie: 108C Hollandsch Diep (benedenstrooms van oversteek)-148
Vaarwegkilometer: 1000
Stroomrichting: Stroomafwaarts
Plaatsing: Kunstwerk
Orientatie: 50°

https://data.rws.nl/id/a/verkeersbord-42080</desc>
    <sym>vhf_b11a</sym>
    <type>RWS VHF-bord</type>
  </wpt>
  <wpt lat="52.1654050" lon="6.1942706">
    <name>E.23 - VHF 22</name>
    <desc>E.23 - Marifoonkanaal voor nautische informatie
VHF 22

Locatie: TK1 Twentekanaal van Zutphen naar Bolsbeek km 0,0 - 20,7 - 5433
Vaarwegkilometer: 1.36
Stroomrichting: Stroomopwaarts
Plaatsing: Rechter oever
Orientatie: 0°

https://data.rws.nl/id/a/verkeersbord-26028</desc>
    <sym>vhf_e23_22</sym>
    <type>RWS VHF-bord</type>
  </wpt>
  <wpt lat="51.8565620" lon="4.6554556">
    <name>E.23 - VHF 22</name>
    <desc>E.23 - Marifoonkanaal voor nautische informatie
VHF 22

Locatie: 101F Noord
Vaarwegkilometer: 980.6
Plaatsing: Kunstwerk
Orientatie: 337°

https://data.rws.nl/id/a/verkeersbord-44104</desc>
    <sym>vhf_e23_22</sym>
    <type>RWS VHF-bord</type>
  </wpt>
  <wpt lat="52.0279032" lon="5.1139379">
    <name>E.23 - VHF 20</name>
    <desc>E.23 - Marifoonkanaal voor nautische informatie
VHF 20

Locatie: ARK2 Lekkanaal
Vaarwegkilometer: 43.639
Stroomrichting: Stroomopwaarts
Plaatsing: Linker oever
Orientatie: 179°

https://data.rws.nl/id/a/verkeersbord-21546</desc>
    <sym>vhf_e23_20</sym>
    <type>RWS VHF-bord</type>
  </wpt>
  <wpt lat="52.9499293" lon="4.7876896">
    <name>E.23 - VHF 62</name>
    <desc>E.23 - Marifoonkanaal voor nautische informatie
VHF 62

Locatie: Nog in te winnen
Vaarwegkilometer: 0
Stroomrichting: Stroomopwaarts
Plaatsing: Haven
Orientatie: 314°

https://data.rws.nl/id/a/verkeersbord-23254</desc>
    <sym>vhf_e23_62</sym>
    <type>RWS VHF-bord</type>
  </wpt>
  <wpt lat="51.8277377" lon="4.0337007">
    <name>E.23 - VHF 20</name>
    <desc>E.23 - Marifoonkanaal voor nautische informatie
VHF 20

Locatie: 117 Haringvlie
Vaarwegkilometer: 1029.7
Stroomrichting: Stroomopwaarts
Plaatsing: Linker oever
Orientatie: 0°

https://data.rws.nl/id/a/verkeersbord-41755</desc>
    <sym>vhf_e23_20</sym>
    <type>RWS VHF-bord</type>
  </wpt>
  <wpt lat="51.3316716" lon="3.8170098">
    <name>B.11.b</name>
    <desc>B.11.b - Verplichting zich te melden op het aangegeven marifoonkanaal
Vaarwegkilometer: 14.3

https://data.rws.nl/id/a/verkeersbord-53591</desc>
    <sym>vhf_b11b_unknown</sym>
    <type>RWS VHF-bord</type>
  </wpt>
  <wpt lat="52.3835474" lon="4.9312080">
    <name>B.11.a - VHF 68</name>
    <desc>B.11.a - Verplichting gebruik te maken van marifoon overeenkomstig de daartoe bij algemene regeling vastgestelde voorschriften
VHF 68

Locatie: Bord 700: NZK5 Sluizen te IJmuiden &amp; Noorzeekanaal tot IJ Lekkanaal-743
Vaarwegkilometer: 0
Stroomrichting: Stroomafwaarts
Plaatsing: Rechter oever
Orientatie: 0°

https://data.rws.nl/id/a/verkeersbord-41413</desc>
    <sym>vhf_b11a</sym>
    <type>RWS VHF-bord</type>
  </wpt>
  <wpt lat="51.3361681" lon="3.8194839">
    <name>B.11.b - VHF 3</name>
    <desc>B.11.b - Verplichting zich te melden op het aangegeven marifoonkanaal
VHF 3

Locatie: NMZ1 Westerschelde (noordelijke oevers en Westerschelde)-187
Vaarwegkilometer: 0
Stroomrichting: Stroomafwaarts
Plaatsing: Linker oever
Orientatie: 0°

https://data.rws.nl/id/a/verkeersbord-44742</desc>
    <sym>vhf_b11b_3</sym>
    <type>RWS VHF-bord</type>
  </wpt>
  <wpt lat="53.2301350" lon="6.6281664">
    <name>E.23 - VHF 81</name>
    <desc>E.23 - Marifoonkanaal voor nautische informatie
VHF 81

Locatie: Kanaalvak 022,543-026,400 EMK Slochterdiep - Winschoterdiep
Vaarwegkilometer: 24.231
Stroomrichting: Stroomopwaarts
Plaatsing: Linker oever
Orientatie: 360°

https://data.rws.nl/id/a/verkeersbord-52925</desc>
    <sym>vhf_e23_81</sym>
    <type>RWS VHF-bord</type>
  </wpt>
  <wpt lat="51.6651364" lon="4.0985080">
    <name>E.23</name>
    <desc>E.23 - Marifoonkanaal voor nautische informatie
Plaatsing: Rechter oever

https://data.rws.nl/id/a/verkeersbord-53262</desc>
    <sym>vhf_e23_unknown</sym>
    <type>RWS VHF-bord</type>
  </wpt>
  <wpt lat="52.0504665" lon="5.1075201">
    <name>E.23 - VHF 78</name>
    <desc>E.23 - Marifoonkanaal voor nautische informatie
VHF 78

Locatie: ARK5 Merwedekanaal
Vaarwegkilometer: 41.6
Stroomrichting: Stroomafwaarts
Plaatsing: Rechter oever
Orientatie: 18°

https://data.rws.nl/id/a/verkeersbord-21404</desc>
    <sym>vhf_e23_78</sym>
    <type>RWS VHF-bord</type>
  </wpt>
  <wpt lat="51.7622105" lon="5.8587709">
    <name>E.23 - VHF 22</name>
    <desc>E.23 - Marifoonkanaal voor nautische informatie
VHF 22

Locatie: NM4 Maas-Waalkanaal-2002
Vaarwegkilometer: 0.9
Stroomrichting: Stroomafwaarts
Plaatsing: Rechter oever
Orientatie: 0°

https://data.rws.nl/id/a/verkeersbord-25008</desc>
    <sym>vhf_e23_22</sym>
    <type>RWS VHF-bord</type>
  </wpt>
  <wpt lat="52.9475985" lon="4.7875544">
    <name>E.23 - VHF 62</name>
    <desc>E.23 - Marifoonkanaal voor nautische informatie
VHF 62

Locatie: Nog in te winnen
Vaarwegkilometer: 0
Stroomrichting: Stroomopwaarts
Plaatsing: Haven
Orientatie: 23°

https://data.rws.nl/id/a/verkeersbord-23524</desc>
    <sym>vhf_e23_62</sym>
    <type>RWS VHF-bord</type>
  </wpt>
  <wpt lat="53.3546567" lon="5.2199911">
    <name>B.11.b - VHF 2</name>
    <desc>B.11.b - Verplichting zich te melden op het aangegeven marifoonkanaal
VHF 2

Locatie: Nog in te winnen
Vaarwegkilometer: 0
Stroomrichting: Stroomopwaarts
Plaatsing: Haven
Orientatie: 200°

https://data.rws.nl/id/a/verkeersbord-23636</desc>
    <sym>vhf_b11b_2</sym>
    <type>RWS VHF-bord</type>
  </wpt>
  <wpt lat="51.7599141" lon="4.6252883">
    <name>B.11.a - VHF 71</name>
    <desc>B.11.a - Verplichting gebruik te maken van marifoon overeenkomstig de daartoe bij algemene regeling vastgestelde voorschriften
VHF 71

Locatie: 120A Afgedamde Maas (ten zuiden van de sluis + Heusdens Kanaal)-152
Vaarwegkilometer: 984.07
Stroomrichting: Stroomopwaarts
Plaatsing: Linker oever
Orientatie: 0°

https://data.rws.nl/id/a/verkeersbord-44186</desc>
    <sym>vhf_b11a</sym>
    <type>RWS VHF-bord</type>
  </wpt>
  <wpt lat="51.9656776" lon="5.3284661">
    <name>E.23 - VHF 22</name>
    <desc>E.23 - Marifoonkanaal voor nautische informatie
VHF 22

Locatie: ARK3 Amsterdam Rijnkanaal
Vaarwegkilometer: 59.69
Stroomrichting: Stroomafwaarts
Plaatsing: Rechter oever
Orientatie: 295°

https://data.rws.nl/id/a/verkeersbord-22627</desc>
    <sym>vhf_e23_22</sym>
    <type>RWS VHF-bord</type>
  </wpt>
  <wpt lat="51.0234379" lon="5.7906675">
    <name>E.23 - VHF 22</name>
    <desc>E.23 - Marifoonkanaal voor nautische informatie
VHF 22
Vaarwegkilometer: 19.4
Stroomrichting: Stroomafwaarts
Plaatsing: Rechter oever
Orientatie: 0°

https://data.rws.nl/id/a/verkeersbord-48624</desc>
    <sym>vhf_e23_22</sym>
    <type>RWS VHF-bord</type>
  </wpt>
  <wpt lat="51.9727185" lon="5.8248245">
    <name>E.23 - VHF 20</name>
    <desc>E.23 - Marifoonkanaal voor nautische informatie
VHF 20

Locatie: RL 2, IJsselkop - Amsterdam-Rijnkanaal - 744
Vaarwegkilometer: 889.86
Stroomrichting: Stroomafwaarts
Plaatsing: Rechter oever
Orientatie: 0°

https://data.rws.nl/id/a/verkeersbord-24955</desc>
    <sym>vhf_e23_20</sym>
    <type>RWS VHF-bord</type>
  </wpt>
  <wpt lat="52.3830137" lon="4.9543168">
    <name>B.11.a - VHF 18</name>
    <desc>B.11.a - Verplichting gebruik te maken van marifoon overeenkomstig de daartoe bij algemene regeling vastgestelde voorschriften
VHF 18

Locatie: Bord 915
Vaarwegkilometer: 0
Orientatie: 0°

https://data.rws.nl/id/a/verkeersbord-41547</desc>
    <sym>vhf_b11a</sym>
    <type>RWS VHF-bord</type>
  </wpt>
  <wpt lat="51.8481938" lon="6.1407333">
    <name>B.11.b - VHF 64</name>
    <desc>B.11.b - Verplichting zich te melden op het aangegeven marifoonkanaal
VHF 64
Vaarwegkilometer: 859.64
Plaatsing: Rechter oever
Orientatie: 0°

https://data.rws.nl/id/a/verkeersbord-52243</desc>
    <sym>vhf_b11b_64</sym>
    <type>RWS VHF-bord</type>
  </wpt>
  <wpt lat="53.2564053" lon="6.5089800">
    <name>E.23 - VHF 78</name>
    <desc>E.23 - Marifoonkanaal voor nautische informatie
VHF 78

Locatie: Kanaalvak 026,945-047,020 VSK Oostersluis - Gaarkeukensluis
Vaarwegkilometer: 33.532
Stroomrichting: Stroomopwaarts
Plaatsing: Linker oever
Orientatie: 0°

https://data.rws.nl/id/a/verkeersbord-23056</desc>
    <sym>vhf_e23_78</sym>
    <type>RWS VHF-bord</type>
  </wpt>
  <wpt lat="51.7256788" lon="4.6974056">
    <name>E.23 - VHF 71</name>
    <desc>E.23 - Marifoonkanaal voor nautische informatie
VHF 71

Locatie: 150R Amer-9
Vaarwegkilometer: 261.5
Stroomrichting: Stroomafwaarts
Plaatsing: Rechter oever
Orientatie: 0°

https://data.rws.nl/id/a/verkeersbord-44330</desc>
    <sym>vhf_e23_71</sym>
    <type>RWS VHF-bord</type>
  </wpt>
  <wpt lat="52.5046797" lon="5.4196875">
    <name>B.11.b</name>
    <desc>B.11.b - Verplichting zich te melden op het aangegeven marifoonkanaal

Locatie: MMMM Markermeer (Ijmeer, Amsterdam-Lelystad, Almere-Enkhuizen, Oostvaardersdiep-Zuid; MarkermeerOostvaardersdiep Noord)
Vaarwegkilometer: 0
Plaatsing: Rechter oever
Orientatie: 0°

https://data.rws.nl/id/a/verkeersbord-22121</desc>
    <sym>vhf_b11b_unknown</sym>
    <type>RWS VHF-bord</type>
  </wpt>
  <wpt lat="51.8200532" lon="4.7600739">
    <name>E.23 - VHF 11</name>
    <desc>E.23 - Marifoonkanaal voor nautische informatie
VHF 11

Locatie: -219
Vaarwegkilometer: 970
Plaatsing: Rechter oever
Orientatie: 0°

https://data.rws.nl/id/a/verkeersbord-44008</desc>
    <sym>vhf_e23_11</sym>
    <type>RWS VHF-bord</type>
  </wpt>
  <wpt lat="51.7364228" lon="5.1345828">
    <name>E.23 - VHF 31</name>
    <desc>E.23 - Marifoonkanaal voor nautische informatie
VHF 31

Locatie: 150Q Bergsche
Vaarwegkilometer: 230
Stroomrichting: Stroomopwaarts
Plaatsing: Linker oever
Orientatie: 0°

https://data.rws.nl/id/a/verkeersbord-46298</desc>
    <sym>vhf_e23_31</sym>
    <type>RWS VHF-bord</type>
  </wpt>
  <wpt lat="51.8415854" lon="4.3997977">
    <name>B.11.b - VHF 4</name>
    <desc>B.11.b - Verplichting zich te melden op het aangegeven marifoonkanaal
VHF 4

Locatie: 120A Afgedamde Maas (ten zuiden van de sluis + Heusdens Kanaal)-676
Vaarwegkilometer: 997.79
Plaatsing: Linker oever
Orientatie: 0°

https://data.rws.nl/id/a/verkeersbord-41737</desc>
    <sym>vhf_b11b_4</sym>
    <type>RWS VHF-bord</type>
  </wpt>
  <wpt lat="51.5065105" lon="4.2498122">
    <name>E.23 - VHF 22</name>
    <desc>E.23 - Marifoonkanaal voor nautische informatie
VHF 22

Locatie: SR1 Krammer-Volkerak-Eendracht-Zoomm.(incl. Kreekraksluizen)-97
Vaarwegkilometer: 0
Plaatsing: Rechter oever
Orientatie: 0°

https://data.rws.nl/id/a/verkeersbord-45280</desc>
    <sym>vhf_e23_22</sym>
    <type>RWS VHF-bord</type>
  </wpt>
  <wpt lat="51.8564592" lon="5.8232471">
    <name>B.11.b - VHF 4</name>
    <desc>B.11.b - Verplichting zich te melden op het aangegeven marifoonkanaal
VHF 4

Locatie: NM4 Maas-Waalkanaal-2143
Vaarwegkilometer: 12.5
Stroomrichting: Stroomafwaarts
Plaatsing: Linker oever
Orientatie: 0°

https://data.rws.nl/id/a/verkeersbord-24490</desc>
    <sym>vhf_b11b_4</sym>
    <type>RWS VHF-bord</type>
  </wpt>
  <wpt lat="51.8307891" lon="4.4259638">
    <name>B.11.a - VHF 4</name>
    <desc>B.11.a - Verplichting gebruik te maken van marifoon overeenkomstig de daartoe bij algemene regeling vastgestelde voorschriften
VHF 4

Locatie: 113 Spui-1
Vaarwegkilometer: 996
Plaatsing: Rechter oever
Orientatie: 0°

https://data.rws.nl/id/a/verkeersbord-44122</desc>
    <sym>vhf_b11a</sym>
    <type>RWS VHF-bord</type>
  </wpt>
  <wpt lat="51.8147467" lon="5.2290972">
    <name>B.11.b - VHF 64</name>
    <desc>B.11.b - Verplichting zich te melden op het aangegeven marifoonkanaal
VHF 64

Locatie: BR4 Zaltbommel - Gorinchem-1655
Vaarwegkilometer: 935.9
Plaatsing: Haven
Orientatie: 0°

https://data.rws.nl/id/a/verkeersbord-24787</desc>
    <sym>vhf_b11b_64</sym>
    <type>RWS VHF-bord</type>
  </wpt>
  <wpt lat="51.4615475" lon="4.0069484">
    <name>E.23</name>
    <desc>E.23 - Marifoonkanaal voor nautische informatie

Locatie: SR6 Kanaal door Zuid-Beveland (incl. sluizen complex Hansweert)-32
Vaarwegkilometer: 0
Plaatsing: Rechter oever
Orientatie: 0°

https://data.rws.nl/id/a/verkeersbord-53397</desc>
    <sym>vhf_e23_unknown</sym>
    <type>RWS VHF-bord</type>
  </wpt>
  <wpt lat="51.4663040" lon="4.0084542">
    <name>E.23</name>
    <desc>E.23 - Marifoonkanaal voor nautische informatie

Locatie: SR6 Kanaal door Zuid-Beveland (incl. sluizen complex Hansweert)-32
Vaarwegkilometer: 0
Plaatsing: Rechter oever
Orientatie: 0°

https://data.rws.nl/id/a/verkeersbord-53416</desc>
    <sym>vhf_e23_unknown</sym>
    <type>RWS VHF-bord</type>
  </wpt>
  <wpt lat="51.9706233" lon="5.3874822">
    <name>B.11.b - VHF 60</name>
    <desc>B.11.b - Verplichting zich te melden op het aangegeven marifoonkanaal
VHF 60

Locatie: RL 2, IJsselkop - Amsterdam-Rijnkanaal - 807
Vaarwegkilometer: 923.8
Stroomrichting: Stroomafwaarts
Plaatsing: Rechter oever
Orientatie: 0°

https://data.rws.nl/id/a/verkeersbord-24884</desc>
    <sym>vhf_b11b_60</sym>
    <type>RWS VHF-bord</type>
  </wpt>
  <wpt lat="51.3210638" lon="5.7486979">
    <name>E.23 - VHF 18</name>
    <desc>E.23 - Marifoonkanaal voor nautische informatie
VHF 18

Locatie: WR09
Vaarwegkilometer: 0
Stroomrichting: Stroomafwaarts
Plaatsing: Rechter oever
Orientatie: 89°

https://data.rws.nl/id/a/verkeersbord-48965</desc>
    <sym>vhf_e23_18</sym>
    <type>RWS VHF-bord</type>
  </wpt>
  <wpt lat="53.2533969" lon="6.3937354">
    <name>E.23 - VHF 81</name>
    <desc>E.23 - Marifoonkanaal voor nautische informatie
VHF 81

Locatie: Kanaalvak 026,945-047,020 VSK Oostersluis - Gaarkeukensluis
Vaarwegkilometer: 41.429
Stroomrichting: Stroomafwaarts
Plaatsing: Linker oever
Orientatie: 360°

https://data.rws.nl/id/a/verkeersbord-53039</desc>
    <sym>vhf_e23_81</sym>
    <type>RWS VHF-bord</type>
  </wpt>
  <wpt lat="51.8961099" lon="6.0209303">
    <name>B.11.b - VHF 5</name>
    <desc>B.11.b - Verplichting zich te melden op het aangegeven marifoonkanaal
VHF 5

Locatie: RL 1, Pannerdensche Kop - IJsselkop - 2119
Vaarwegkilometer: 870.385
Stroomrichting: Stroomopwaarts
Plaatsing: Linker oever
Orientatie: 0°

https://data.rws.nl/id/a/verkeersbord-25019</desc>
    <sym>vhf_b11b_5</sym>
    <type>RWS VHF-bord</type>
  </wpt>
  <wpt lat="52.2743942" lon="5.0189303">
    <name>E.23 - VHF 66</name>
    <desc>E.23 - Marifoonkanaal voor nautische informatie
VHF 66

Locatie: ARK1 Amsterdam Rijnkanaal
Vaarwegkilometer: 13.2
Stroomrichting: Stroomopwaarts
Plaatsing: Linker oever
Orientatie: 194°

https://data.rws.nl/id/a/verkeersbord-22244</desc>
    <sym>vhf_e23_66</sym>
    <type>RWS VHF-bord</type>
  </wpt>
  <wpt lat="51.7579625" lon="4.6259980">
    <name>B.11.a - VHF 71</name>
    <desc>B.11.a - Verplichting gebruik te maken van marifoon overeenkomstig de daartoe bij algemene regeling vastgestelde voorschriften
VHF 71

Locatie: 120A Afgedamde Maas (ten zuiden van de sluis + Heusdens Kanaal)-149
Vaarwegkilometer: 984.3
Stroomrichting: Stroomopwaarts
Plaatsing: Linker oever
Orientatie: 0°

https://data.rws.nl/id/a/verkeersbord-44187</desc>
    <sym>vhf_b11a</sym>
    <type>RWS VHF-bord</type>
  </wpt>
  <wpt lat="51.8130463" lon="4.8819740">
    <name>B.11.a - VHF 12</name>
    <desc>B.11.a - Verplichting gebruik te maken van marifoon overeenkomstig de daartoe bij algemene regeling vastgestelde voorschriften
VHF 12

Locatie: -184
Vaarwegkilometer: 961.7
Stroomrichting: Stroomopwaarts
Plaatsing: Linker oever
Orientatie: 0°

https://data.rws.nl/id/a/verkeersbord-44432</desc>
    <sym>vhf_b11a</sym>
    <type>RWS VHF-bord</type>
  </wpt>
  <wpt lat="52.5191732" lon="5.4361404">
    <name>B.11.b - VHF 14</name>
    <desc>B.11.b - Verplichting zich te melden op het aangegeven marifoonkanaal
VHF 14

Locatie: MMMM Markermeer (Ijmeer, Amsterdam-Lelystad, Almere-Enkhuizen, Oostvaardersdiep-Zuid; MarkermeerOostvaardersdiep Noord)
Vaarwegkilometer: 0
Plaatsing: Rechter oever
Orientatie: 0°

https://data.rws.nl/id/a/verkeersbord-22100</desc>
    <sym>vhf_b11b_14</sym>
    <type>RWS VHF-bord</type>
  </wpt>
  <wpt lat="51.1349893" lon="5.8713633">
    <name>E.23 - VHF 85</name>
    <desc>E.23 - Marifoonkanaal voor nautische informatie
VHF 85
Vaarwegkilometer: 33.1
Stroomrichting: Stroomafwaarts
Plaatsing: Linker oever
Orientatie: 0°

https://data.rws.nl/id/a/verkeersbord-49078</desc>
    <sym>vhf_e23_85</sym>
    <type>RWS VHF-bord</type>
  </wpt>
  <wpt lat="53.2282036" lon="6.1748467">
    <name>E.23 - VHF 81</name>
    <desc>E.23 - Marifoonkanaal voor nautische informatie
VHF 81

Locatie: Kanaalvak 052,870-066,060 PMK Stroobos - Bergummermeer
Vaarwegkilometer: 56.605
Stroomrichting: Stroomafwaarts
Plaatsing: Linker oever
Orientatie: 240°

https://data.rws.nl/id/a/verkeersbord-23309</desc>
    <sym>vhf_e23_81</sym>
    <type>RWS VHF-bord</type>
  </wpt>
  <wpt lat="53.2344935" lon="6.6415320">
    <name>E.23 - VHF 81</name>
    <desc>E.23 - Marifoonkanaal voor nautische informatie
VHF 81

Locatie: Kanaalvak 022,543-026,400 EMK Slochterdiep - Winschoterdiep
Vaarwegkilometer: 23.241
Stroomrichting: Stroomafwaarts
Plaatsing: Rechter oever
Orientatie: 246°

https://data.rws.nl/id/a/verkeersbord-23927</desc>
    <sym>vhf_e23_81</sym>
    <type>RWS VHF-bord</type>
  </wpt>
  <wpt lat="51.9729967" lon="5.2972398">
    <name>E.23 - VHF 22</name>
    <desc>E.23 - Marifoonkanaal voor nautische informatie
VHF 22

Locatie: ARK3 Amsterdam Rijnkanaal
Vaarwegkilometer: 57.4
Stroomrichting: Stroomopwaarts
Plaatsing: Linker oever
Orientatie: 115°

https://data.rws.nl/id/a/verkeersbord-22503</desc>
    <sym>vhf_e23_22</sym>
    <type>RWS VHF-bord</type>
  </wpt>
  <wpt lat="52.4297602" lon="4.7405695">
    <name>E.23 - VHF 14</name>
    <desc>E.23 - Marifoonkanaal voor nautische informatie
VHF 14

Locatie: verkeersbord
Vaarwegkilometer: 0
Orientatie: 0°

https://data.rws.nl/id/a/verkeersbord-41693</desc>
    <sym>vhf_e23_14</sym>
    <type>RWS VHF-bord</type>
  </wpt>
  <wpt lat="51.9567323" lon="5.6497547">
    <name>E.23 - VHF 12</name>
    <desc>E.23 - Marifoonkanaal voor nautische informatie
VHF 12

Locatie: RL 2, IJsselkop - Amsterdam-Rijnkanaal - 1722
Vaarwegkilometer: 903.25
Plaatsing: Rechter oever
Orientatie: 0°

https://data.rws.nl/id/a/verkeersbord-25816</desc>
    <sym>vhf_e23_12</sym>
    <type>RWS VHF-bord</type>
  </wpt>
  <wpt lat="52.6108849" lon="5.6420777">
    <name>B.11.b - VHF 18</name>
    <desc>B.11.b - Verplichting zich te melden op het aangegeven marifoonkanaal
VHF 18

Locatie: RNKM Ketelmeer
Vaarwegkilometer: 0
Plaatsing: Kunstwerk
Orientatie: 0°

https://data.rws.nl/id/a/verkeersbord-22161</desc>
    <sym>vhf_b11b_18</sym>
    <type>RWS VHF-bord</type>
  </wpt>
  <wpt lat="51.5187749" lon="4.0172596">
    <name>B.11.b</name>
    <desc>B.11.b - Verplichting zich te melden op het aangegeven marifoonkanaal

Locatie: SR6 Kanaal door Zuid-Beveland (incl. sluizen complex Hansweert)-32
Vaarwegkilometer: 0
Plaatsing: Rechter oever
Orientatie: 0°

https://data.rws.nl/id/a/verkeersbord-53437</desc>
    <sym>vhf_b11b_unknown</sym>
    <type>RWS VHF-bord</type>
  </wpt>
  <wpt lat="52.5953113" lon="6.0830876">
    <name>E.23 - VHF 81</name>
    <desc>E.23 - Marifoonkanaal voor nautische informatie
VHF 81

Locatie: ZW2, Zwarte Water - 6115
Vaarwegkilometer: 11.96
Stroomrichting: Stroomafwaarts
Plaatsing: Linker oever
Orientatie: 360°

https://data.rws.nl/id/a/verkeersbord-51652</desc>
    <sym>vhf_e23_81</sym>
    <type>RWS VHF-bord</type>
  </wpt>
  <wpt lat="51.5196844" lon="5.6490958">
    <name>E.23 - VHF 18</name>
    <desc>E.23 - Marifoonkanaal voor nautische informatie
VHF 18

Locatie: BK02
Vaarwegkilometer: 0
Stroomrichting: Stroomopwaarts
Plaatsing: Linker oever
Orientatie: 84°

https://data.rws.nl/id/a/verkeersbord-46956</desc>
    <sym>vhf_e23_18</sym>
    <type>RWS VHF-bord</type>
  </wpt>
  <wpt lat="51.9050189" lon="4.5742860">
    <name>B.11.b - VHF 81</name>
    <desc>B.11.b - Verplichting zich te melden op het aangegeven marifoonkanaal
VHF 81

Locatie: 120A Afgedamde Maas (ten zuiden van de sluis + Heusdens Kanaal)-283
Vaarwegkilometer: 992.95
Plaatsing: Rechter oever
Orientatie: 297°

https://data.rws.nl/id/a/verkeersbord-43168</desc>
    <sym>vhf_b11b_81</sym>
    <type>RWS VHF-bord</type>
  </wpt>
  <wpt lat="51.6597017" lon="4.1378788">
    <name>E.23</name>
    <desc>E.23 - Marifoonkanaal voor nautische informatie

Locatie: SR5 Oosterschelde-Oost ,(incl. Krammersluizen, Bergsediepsl., Oesterdam, Philipsdam, oostmond Zandkreek-2
Vaarwegkilometer: 0
Plaatsing: Rechter oever
Orientatie: 0°

https://data.rws.nl/id/a/verkeersbord-45112</desc>
    <sym>vhf_e23_unknown</sym>
    <type>RWS VHF-bord</type>
  </wpt>
  <wpt lat="50.8674690" lon="5.6860623">
    <name>E.23 - VHF 20</name>
    <desc>E.23 - Marifoonkanaal voor nautische informatie
VHF 20
Vaarwegkilometer: 200.9
Stroomrichting: Stroomopwaarts
Plaatsing: Linker oever
Orientatie: 0°

https://data.rws.nl/id/a/verkeersbord-46971</desc>
    <sym>vhf_e23_20</sym>
    <type>RWS VHF-bord</type>
  </wpt>
  <wpt lat="52.6414057" lon="6.0801474">
    <name>E.23 - VHF 22</name>
    <desc>E.23 - Marifoonkanaal voor nautische informatie
VHF 22

Locatie: ZW3, Meppelerdiep - 6064
Vaarwegkilometer: 0.7
Plaatsing: Linker oever
Orientatie: 360°

https://data.rws.nl/id/a/verkeersbord-51342</desc>
    <sym>vhf_e23_22</sym>
    <type>RWS VHF-bord</type>
  </wpt>
  <wpt lat="50.8675307" lon="5.6996357">
    <name>E.23 - VHF 20</name>
    <desc>E.23 - Marifoonkanaal voor nautische informatie
VHF 20
Vaarwegkilometer: 0
Stroomrichting: Stroomafwaarts
Plaatsing: Rechter oever
Orientatie: 0°

https://data.rws.nl/id/a/verkeersbord-47194</desc>
    <sym>vhf_e23_20</sym>
    <type>RWS VHF-bord</type>
  </wpt>
  <wpt lat="51.8288515" lon="4.9655301">
    <name>E.23 - VHF 18</name>
    <desc>E.23 - Marifoonkanaal voor nautische informatie
VHF 18

Locatie: -60
Vaarwegkilometer: 955.5
Stroomrichting: Stroomopwaarts
Plaatsing: Kunstwerk
Orientatie: 0°

https://data.rws.nl/id/a/verkeersbord-43319</desc>
    <sym>vhf_e23_18</sym>
    <type>RWS VHF-bord</type>
  </wpt>
  <wpt lat="52.6105868" lon="5.6424901">
    <name>B.11.b - VHF 18</name>
    <desc>B.11.b - Verplichting zich te melden op het aangegeven marifoonkanaal
VHF 18

Locatie: RNKM Ketelmeer
Vaarwegkilometer: 0
Plaatsing: Kunstwerk
Orientatie: 0°

https://data.rws.nl/id/a/verkeersbord-22162</desc>
    <sym>vhf_b11b_18</sym>
    <type>RWS VHF-bord</type>
  </wpt>
  <wpt lat="51.9836141" lon="5.1424737">
    <name>E.23 - VHF 18</name>
    <desc>E.23 - Marifoonkanaal voor nautische informatie
VHF 18

Locatie: RL 3, Amsterdam-Rijnkanaal - Vreeswijk - 459
Vaarwegkilometer: 945.84
Stroomrichting: Stroomafwaarts
Plaatsing: Rechter oever
Orientatie: 0°

https://data.rws.nl/id/a/verkeersbord-24780</desc>
    <sym>vhf_e23_18</sym>
    <type>RWS VHF-bord</type>
  </wpt>
  <wpt lat="53.4679758" lon="6.1677500">
    <name>B.11.b - VHF 5</name>
    <desc>B.11.b - Verplichting zich te melden op het aangegeven marifoonkanaal
VHF 5

Locatie: Nog in te winnen
Vaarwegkilometer: 0
Stroomrichting: Stroomopwaarts
Plaatsing: Haven
Orientatie: 180°

https://data.rws.nl/id/a/verkeersbord-23634</desc>
    <sym>vhf_b11b_5</sym>
    <type>RWS VHF-bord</type>
  </wpt>
  <wpt lat="52.9383129" lon="5.0338991">
    <name>E.23 - VHF 11</name>
    <desc>E.23 - Marifoonkanaal voor nautische informatie
VHF 11

Locatie: WAD2 Waddenzee-west-65
Vaarwegkilometer: 0
Plaatsing: Rechter oever
Orientatie: 0°

https://data.rws.nl/id/a/verkeersbord-21070</desc>
    <sym>vhf_e23_11</sym>
    <type>RWS VHF-bord</type>
  </wpt>
  <wpt lat="52.3766585" lon="4.9706735">
    <name>B.11.a - VHF 18</name>
    <desc>B.11.a - Verplichting gebruik te maken van marifoon overeenkomstig de daartoe bij algemene regeling vastgestelde voorschriften
VHF 18

Locatie: Bord 358: NZK5 Sluizen te IJmuiden &amp; Noorzeekanaal tot IJ Lekkanaal-382
Vaarwegkilometer: 0
Stroomrichting: Stroomopwaarts
Plaatsing: Rechter oever
Orientatie: 0°

https://data.rws.nl/id/a/verkeersbord-41118</desc>
    <sym>vhf_b11a</sym>
    <type>RWS VHF-bord</type>
  </wpt>
  <wpt lat="52.0532735" lon="5.1082758">
    <name>E.23 - VHF 78</name>
    <desc>E.23 - Marifoonkanaal voor nautische informatie
VHF 78

Locatie: ARK5 Merwedekanaal
Vaarwegkilometer: 41.28
Stroomrichting: Stroomopwaarts
Plaatsing: Linker oever
Orientatie: 200°

https://data.rws.nl/id/a/verkeersbord-21431</desc>
    <sym>vhf_e23_78</sym>
    <type>RWS VHF-bord</type>
  </wpt>
  <wpt lat="52.9245766" lon="5.0499091">
    <name>E.23 - VHF 1</name>
    <desc>E.23 - Marifoonkanaal voor nautische informatie
VHF 1

Locatie: YMYM Ijsselmeer (Enkhuizen-Den Oever; Enkhuizen-Lemmer; Ketelmeer-VAL; URK-Kornwerderzand; Lelystad-Lemmer)-18
Vaarwegkilometer: 0
Plaatsing: Rechter oever
Orientatie: 0°

https://data.rws.nl/id/a/verkeersbord-21176</desc>
    <sym>vhf_e23_1</sym>
    <type>RWS VHF-bord</type>
  </wpt>
  <wpt lat="52.3816496" lon="4.9438662">
    <name>B.11.a - VHF 18</name>
    <desc>B.11.a - Verplichting gebruik te maken van marifoon overeenkomstig de daartoe bij algemene regeling vastgestelde voorschriften
VHF 18

Locatie: Bord 677: NZK5 Sluizen te IJmuiden &amp; Noorzeekanaal tot IJ Lekkanaal-721
Vaarwegkilometer: 0
Stroomrichting: Stroomopwaarts
Plaatsing: Rechter oever
Orientatie: 0°

https://data.rws.nl/id/a/verkeersbord-41455</desc>
    <sym>vhf_b11a</sym>
    <type>RWS VHF-bord</type>
  </wpt>
  <wpt lat="51.8548859" lon="6.0902004">
    <name>B.11.b - VHF 10</name>
    <desc>B.11.b - Verplichting zich te melden op het aangegeven marifoonkanaal
VHF 10

Locatie: BR1 Lobith - Nijmegen - 286
Vaarwegkilometer: 863.315
Plaatsing: Rechter oever
Orientatie: 0°

https://data.rws.nl/id/a/verkeersbord-53511</desc>
    <sym>vhf_b11b_10</sym>
    <type>RWS VHF-bord</type>
  </wpt>
  <wpt lat="51.8584164" lon="5.8247194">
    <name>B.11.b - VHF 4</name>
    <desc>B.11.b - Verplichting zich te melden op het aangegeven marifoonkanaal
VHF 4

Locatie: NM4 Maas-Waalkanaal-2148
Vaarwegkilometer: 12.75
Plaatsing: Linker oever
Orientatie: 0°

https://data.rws.nl/id/a/verkeersbord-24431</desc>
    <sym>vhf_b11b_4</sym>
    <type>RWS VHF-bord</type>
  </wpt>
  <wpt lat="51.8775871" lon="4.3255871">
    <name>B.11.b - VHF 62</name>
    <desc>B.11.b - Verplichting zich te melden op het aangegeven marifoonkanaal
VHF 62

Locatie: 120A Afgedamde Maas (ten zuiden van de sluis + Heusdens Kanaal)-738
Vaarwegkilometer: 1004.92
Plaatsing: Linker oever
Orientatie: 0°

https://data.rws.nl/id/a/verkeersbord-41714</desc>
    <sym>vhf_b11b_62</sym>
    <type>RWS VHF-bord</type>
  </wpt>
  <wpt lat="53.0795589" lon="5.3340699">
    <name>E.23 - VHF 4</name>
    <desc>E.23 - Marifoonkanaal voor nautische informatie
VHF 4

Locatie: WAD2 Waddenzee-west-44
Vaarwegkilometer: 0
Plaatsing: Rechter oever
Orientatie: 0°

https://data.rws.nl/id/a/verkeersbord-21640</desc>
    <sym>vhf_e23_4</sym>
    <type>RWS VHF-bord</type>
  </wpt>
  <wpt lat="51.9646617" lon="5.3276738">
    <name>B.11.b - VHF 60</name>
    <desc>B.11.b - Verplichting zich te melden op het aangegeven marifoonkanaal
VHF 60

Locatie: ARK3 Amsterdam Rijnkanaal
Vaarwegkilometer: 59.7
Stroomrichting: Stroomopwaarts
Plaatsing: Linker oever
Orientatie: 115°

https://data.rws.nl/id/a/verkeersbord-22591</desc>
    <sym>vhf_b11b_60</sym>
    <type>RWS VHF-bord</type>
  </wpt>
  <wpt lat="53.2343904" lon="6.5837782">
    <name>B.11.b - VHF 10</name>
    <desc>B.11.b - Verplichting zich te melden op het aangegeven marifoonkanaal
VHF 10

Locatie: Kanaalvak 026,945-047,020 VSK Oostersluis - Gaarkeukensluis
Vaarwegkilometer: 27.977
Stroomrichting: Stroomafwaarts
Plaatsing: Rechter oever
Orientatie: 360°

https://data.rws.nl/id/a/verkeersbord-52969</desc>
    <sym>vhf_b11b_10</sym>
    <type>RWS VHF-bord</type>
  </wpt>
  <wpt lat="53.3125456" lon="6.8894077">
    <name>E.23 - VHF 64</name>
    <desc>E.23 - Marifoonkanaal voor nautische informatie
VHF 64

Locatie: Kanaalvak 000,000-006,847 EMK Zeesluizen Farmsum - Woldbrug
Vaarwegkilometer: 4.42
Stroomrichting: Stroomafwaarts
Plaatsing: Rechter oever
Orientatie: 254°

https://data.rws.nl/id/a/verkeersbord-22898</desc>
    <sym>vhf_e23_64</sym>
    <type>RWS VHF-bord</type>
  </wpt>
  <wpt lat="51.6992515" lon="4.6066348">
    <name>B.11.b - VHF 12</name>
    <desc>B.11.b - Verplichting zich te melden op het aangegeven marifoonkanaal
VHF 12

Locatie: 108C Hollandsch Diep (benedenstrooms van oversteek)-239
Vaarwegkilometer: 985.85
Stroomrichting: Stroomopwaarts
Plaatsing: Linker oever
Orientatie: 0°

https://data.rws.nl/id/a/verkeersbord-42177</desc>
    <sym>vhf_b11b_12</sym>
    <type>RWS VHF-bord</type>
  </wpt>
  <wpt lat="52.3807077" lon="4.9615763">
    <name>B.11.a - VHF 60</name>
    <desc>B.11.a - Verplichting gebruik te maken van marifoon overeenkomstig de daartoe bij algemene regeling vastgestelde voorschriften
VHF 60

Locatie: Bord 462: NZK5 Sluizen te IJmuiden &amp; Noorzeekanaal tot IJ Lekkanaal-759
Vaarwegkilometer: 0
Stroomrichting: Stroomopwaarts
Plaatsing: Rechter oever
Orientatie: 0°

https://data.rws.nl/id/a/verkeersbord-41251</desc>
    <sym>vhf_b11a</sym>
    <type>RWS VHF-bord</type>
  </wpt>
  <wpt lat="52.3795292" lon="4.9624096">
    <name>B.11.a - VHF 60</name>
    <desc>B.11.a - Verplichting gebruik te maken van marifoon overeenkomstig de daartoe bij algemene regeling vastgestelde voorschriften
VHF 60

Locatie: Bord 467: NZK5 Sluizen te IJmuiden &amp; Noorzeekanaal tot IJ Lekkanaal-503
Vaarwegkilometer: 0
Stroomrichting: Stroomafwaarts
Plaatsing: Rechter oever
Orientatie: 0°

https://data.rws.nl/id/a/verkeersbord-41255</desc>
    <sym>vhf_b11a</sym>
    <type>RWS VHF-bord</type>
  </wpt>
  <wpt lat="51.8943762" lon="5.4594541">
    <name>E.23 - VHF 18</name>
    <desc>E.23 - Marifoonkanaal voor nautische informatie
VHF 18

Locatie: ARK4 Amsterdam Rijnkanaal
Vaarwegkilometer: 71.94
Stroomrichting: Stroomafwaarts
Plaatsing: Rechter oever
Orientatie: 339°

https://data.rws.nl/id/a/verkeersbord-21916</desc>
    <sym>vhf_e23_18</sym>
    <type>RWS VHF-bord</type>
  </wpt>
  <wpt lat="51.8937659" lon="5.6839211">
    <name>B.11.b</name>
    <desc>B.11.b - Verplichting zich te melden op het aangegeven marifoonkanaal
Plaatsing: Linker oever
Orientatie: 0°

https://data.rws.nl/id/a/verkeersbord-53507</desc>
    <sym>vhf_b11b_unknown</sym>
    <type>RWS VHF-bord</type>
  </wpt>
  <wpt lat="52.3820783" lon="4.9575033">
    <name>B.11.a - VHF 60</name>
    <desc>B.11.a - Verplichting gebruik te maken van marifoon overeenkomstig de daartoe bij algemene regeling vastgestelde voorschriften
VHF 60

Locatie: Bord 289: NZK5 Sluizen te IJmuiden &amp; Noorzeekanaal tot IJ Lekkanaal-292
Vaarwegkilometer: 0
Stroomrichting: Stroomopwaarts
Plaatsing: Rechter oever
Orientatie: 0°

https://data.rws.nl/id/a/verkeersbord-41056</desc>
    <sym>vhf_b11a</sym>
    <type>RWS VHF-bord</type>
  </wpt>
  <wpt lat="51.4572368" lon="4.0093428">
    <name>B.11.b - VHF 68</name>
    <desc>B.11.b - Verplichting zich te melden op het aangegeven marifoonkanaal
VHF 68

Locatie: SR6 Kanaal door Zuid-Beveland (incl. sluizen complex Hansweert)-22
Vaarwegkilometer: 0
Stroomrichting: Stroomopwaarts
Plaatsing: Rechter oever
Orientatie: 0°

https://data.rws.nl/id/a/verkeersbord-45154</desc>
    <sym>vhf_b11b_68</sym>
    <type>RWS VHF-bord</type>
  </wpt>
  <wpt lat="52.1660454" lon="6.1935240">
    <name>E.23</name>
    <desc>E.23 - Marifoonkanaal voor nautische informatie

Locatie: TK1 Twentekanaal van Zutphen naar Bolsbeek km 0,0 - 20,7 - 5430
Vaarwegkilometer: 0.198
Plaatsing: Linker oever
Orientatie: 0°

https://data.rws.nl/id/a/verkeersbord-51984</desc>
    <sym>vhf_e23_unknown</sym>
    <type>RWS VHF-bord</type>
  </wpt>
  <wpt lat="51.3301020" lon="3.8153191">
    <name>B.11.b - VHF 3</name>
    <desc>B.11.b - Verplichting zich te melden op het aangegeven marifoonkanaal
VHF 3

Locatie: NMZ1 Westerschelde (noordelijke oevers en Westerschelde)-409
Vaarwegkilometer: 0
Stroomrichting: Stroomopwaarts
Plaatsing: Kunstwerk
Orientatie: 167°

https://data.rws.nl/id/a/verkeersbord-44759</desc>
    <sym>vhf_b11b_3</sym>
    <type>RWS VHF-bord</type>
  </wpt>
  <wpt lat="53.2584480" lon="6.5078346">
    <name>E.23 - VHF 78</name>
    <desc>E.23 - Marifoonkanaal voor nautische informatie
VHF 78

Locatie: Kanaalvak 026,945-047,020 VSK Oostersluis - Gaarkeukensluis
Vaarwegkilometer: 33.691
Stroomrichting: Stroomafwaarts
Plaatsing: Rechter oever
Orientatie: 89°

https://data.rws.nl/id/a/verkeersbord-23066</desc>
    <sym>vhf_e23_78</sym>
    <type>RWS VHF-bord</type>
  </wpt>
  <wpt lat="52.2320883" lon="6.8410206">
    <name>E.23</name>
    <desc>E.23 - Marifoonkanaal voor nautische informatie

Locatie: TK2 Twentekanaal van Bolksbeek tot Enschede
Vaarwegkilometer: 48.206
Stroomrichting: Stroomafwaarts
Plaatsing: Linker oever
Orientatie: 0°

https://data.rws.nl/id/a/verkeersbord-52298</desc>
    <sym>vhf_e23_unknown</sym>
    <type>RWS VHF-bord</type>
  </wpt>
  <wpt lat="52.0118352" lon="6.1282328">
    <name>E.23 - VHF 20</name>
    <desc>E.23 - Marifoonkanaal voor nautische informatie
VHF 20

Locatie: YS1, IJssel van IJsselkop tot Twentekanalen - 3661
Vaarwegkilometer: 901.72
Stroomrichting: Stroomafwaarts
Plaatsing: Rechter oever
Orientatie: 360°

https://data.rws.nl/id/a/verkeersbord-51716</desc>
    <sym>vhf_e23_20</sym>
    <type>RWS VHF-bord</type>
  </wpt>
  <wpt lat="51.9731006" lon="5.3966951">
    <name>E.23 - VHF 20</name>
    <desc>E.23 - Marifoonkanaal voor nautische informatie
VHF 20

Locatie: RL 2, IJsselkop - Amsterdam-Rijnkanaal - 805
Vaarwegkilometer: 923.04
Stroomrichting: Stroomopwaarts
Plaatsing: Rechter oever
Orientatie: 0°

https://data.rws.nl/id/a/verkeersbord-24885</desc>
    <sym>vhf_e23_20</sym>
    <type>RWS VHF-bord</type>
  </wpt>
  <wpt lat="51.8383553" lon="5.3963877">
    <name>B.11.b - VHF 68</name>
    <desc>B.11.b - Verplichting zich te melden op het aangegeven marifoonkanaal
VHF 68

Locatie: BR3 Tiel - Zaltbommel - 209
Vaarwegkilometer: 921
Stroomrichting: Stroomafwaarts
Plaatsing: Rechter oever
Orientatie: 0°

https://data.rws.nl/id/a/verkeersbord-24692</desc>
    <sym>vhf_b11b_68</sym>
    <type>RWS VHF-bord</type>
  </wpt>
  <wpt lat="51.0237949" lon="5.7894937">
    <name>E.23 - VHF 22</name>
    <desc>E.23 - Marifoonkanaal voor nautische informatie
VHF 22
Vaarwegkilometer: 19.4
Stroomrichting: Stroomafwaarts
Plaatsing: Linker oever
Orientatie: 0°

https://data.rws.nl/id/a/verkeersbord-48885</desc>
    <sym>vhf_e23_22</sym>
    <type>RWS VHF-bord</type>
  </wpt>
  <wpt lat="53.2580003" lon="6.5067580">
    <name>E.23 - VHF 81</name>
    <desc>E.23 - Marifoonkanaal voor nautische informatie
VHF 81

Locatie: Kanaalvak 026,945-047,020 VSK Oostersluis - Gaarkeukensluis
Vaarwegkilometer: 33.744
Stroomrichting: Stroomafwaarts
Plaatsing: Rechter oever
Orientatie: 120°

https://data.rws.nl/id/a/verkeersbord-22885</desc>
    <sym>vhf_e23_81</sym>
    <type>RWS VHF-bord</type>
  </wpt>
  <wpt lat="51.5792561" lon="5.0596779">
    <name>E.23 - VHF 20</name>
    <desc>E.23 - Marifoonkanaal voor nautische informatie
VHF 20

Locatie: BK03
Vaarwegkilometer: 0
Stroomrichting: Stroomopwaarts
Plaatsing: Linker oever
Orientatie: 0°

https://data.rws.nl/id/a/verkeersbord-46003</desc>
    <sym>vhf_e23_20</sym>
    <type>RWS VHF-bord</type>
  </wpt>
  <wpt lat="51.6916954" lon="4.4112461">
    <name>B.11.a - VHF 7</name>
    <desc>B.11.a - Verplichting gebruik te maken van marifoon overeenkomstig de daartoe bij algemene regeling vastgestelde voorschriften
VHF 7

Locatie: 108C Hollandsch Diep (benedenstrooms van oversteek)-156
Vaarwegkilometer: 999.8
Stroomrichting: Stroomopwaarts
Plaatsing: Kunstwerk
Orientatie: 0°

https://data.rws.nl/id/a/verkeersbord-42055</desc>
    <sym>vhf_b11a</sym>
    <type>RWS VHF-bord</type>
  </wpt>
  <wpt lat="52.6358246" lon="6.0773835">
    <name>E.23 - VHF 22</name>
    <desc>E.23 - Marifoonkanaal voor nautische informatie
VHF 22

Locatie: ZW3, Meppelerdiep - 6086
Vaarwegkilometer: 0.07
Plaatsing: Rechter oever
Orientatie: 360°

https://data.rws.nl/id/a/verkeersbord-51628</desc>
    <sym>vhf_e23_22</sym>
    <type>RWS VHF-bord</type>
  </wpt>
  <wpt lat="52.4690230" lon="4.6126916">
    <name>B.11.a - VHF 22</name>
    <desc>B.11.a - Verplichting gebruik te maken van marifoon overeenkomstig de daartoe bij algemene regeling vastgestelde voorschriften
VHF 22

Locatie: Bord 56: NZK5 Sluizen te IJmuiden &amp; Noorzeekanaal tot IJ Lekkanaal-56
Vaarwegkilometer: 0
Plaatsing: Rechter oever
Orientatie: 0°

https://data.rws.nl/id/a/verkeersbord-40951</desc>
    <sym>vhf_b11a</sym>
    <type>RWS VHF-bord</type>
  </wpt>
  <wpt lat="52.2612516" lon="5.4700599">
    <name>E.23 - VHF 18</name>
    <desc>E.23 - Marifoonkanaal voor nautische informatie
VHF 18

Locatie: ROWN Wolderwijd/Nuldernauw-45
Vaarwegkilometer: 0
Plaatsing: Rechter oever
Orientatie: 103°

https://data.rws.nl/id/a/verkeersbord-21923</desc>
    <sym>vhf_e23_18</sym>
    <type>RWS VHF-bord</type>
  </wpt>
  <wpt lat="53.0767219" lon="5.8223882">
    <name>E.23 - VHF 18</name>
    <desc>E.23 - Marifoonkanaal voor nautische informatie
VHF 18

Locatie: Kanaalvak 085,475-089,410 PMK Nieuw Kanaal
Vaarwegkilometer: 87.937
Stroomrichting: Stroomopwaarts
Plaatsing: Linker oever
Orientatie: 0°

https://data.rws.nl/id/a/verkeersbord-53138</desc>
    <sym>vhf_e23_18</sym>
    <type>RWS VHF-bord</type>
  </wpt>
  <wpt lat="51.6890512" lon="4.4070009">
    <name>B.11.a - VHF 25</name>
    <desc>B.11.a - Verplichting gebruik te maken van marifoon overeenkomstig de daartoe bij algemene regeling vastgestelde voorschriften
VHF 25

Locatie: 108C Hollandsch Diep (benedenstrooms van oversteek)-151
Vaarwegkilometer: 1000
Stroomrichting: Stroomopwaarts
Plaatsing: Kunstwerk
Orientatie: 50°

https://data.rws.nl/id/a/verkeersbord-42043</desc>
    <sym>vhf_b11a</sym>
    <type>RWS VHF-bord</type>
  </wpt>
  <wpt lat="53.2358340" lon="6.6508179">
    <name>E.23 - VHF 64</name>
    <desc>E.23 - Marifoonkanaal voor nautische informatie
VHF 64

Locatie: Kanaalvak 022,543-026,400 EMK Slochterdiep - Winschoterdiep
Vaarwegkilometer: 22.612
Stroomrichting: Stroomafwaarts
Plaatsing: Linker oever
Orientatie: 325°

https://data.rws.nl/id/a/verkeersbord-24069</desc>
    <sym>vhf_e23_64</sym>
    <type>RWS VHF-bord</type>
  </wpt>
  <wpt lat="52.3560789" lon="4.9739827">
    <name>B.11.b - VHF 60</name>
    <desc>B.11.b - Verplichting zich te melden op het aangegeven marifoonkanaal
VHF 60

Locatie: ARK1 Amsterdam Rijnkanaal
Vaarwegkilometer: 2.86
Stroomrichting: Stroomafwaarts
Plaatsing: Rechter oever
Orientatie: 299°

https://data.rws.nl/id/a/verkeersbord-22229</desc>
    <sym>vhf_b11b_60</sym>
    <type>RWS VHF-bord</type>
  </wpt>
  <wpt lat="51.8567442" lon="4.6553226">
    <name>E.23 - VHF 22</name>
    <desc>E.23 - Marifoonkanaal voor nautische informatie
VHF 22

Locatie: 101F Noord
Vaarwegkilometer: 980.65
Stroomrichting: Stroomopwaarts
Plaatsing: Kunstwerk
Orientatie: 157°

https://data.rws.nl/id/a/verkeersbord-44100</desc>
    <sym>vhf_e23_22</sym>
    <type>RWS VHF-bord</type>
  </wpt>
  <wpt lat="52.8378672" lon="5.7116844">
    <name>B.11.b</name>
    <desc>B.11.b - Verplichting zich te melden op het aangegeven marifoonkanaal

Locatie: YMYM Ijsselmeer (Enkhuizen-Den Oever; Enkhuizen-Lemmer; Ketelmeer-VAL; URK-Kornwerderzand; Lelystad-Lemmer)
Vaarwegkilometer: 0
Plaatsing: Rechter oever
Orientatie: 0°

https://data.rws.nl/id/a/verkeersbord-22107</desc>
    <sym>vhf_b11b_unknown</sym>
    <type>RWS VHF-bord</type>
  </wpt>
  <wpt lat="51.8283837" lon="4.9664957">
    <name>E.23 - VHF 71</name>
    <desc>E.23 - Marifoonkanaal voor nautische informatie
VHF 71

Locatie: 101D Boven-Mer
Vaarwegkilometer: 955.5
Stroomrichting: Stroomopwaarts
Plaatsing: Rechter oever
Orientatie: 0°

https://data.rws.nl/id/a/verkeersbord-44476</desc>
    <sym>vhf_e23_71</sym>
    <type>RWS VHF-bord</type>
  </wpt>
  <wpt lat="51.8991511" lon="5.5394289">
    <name>B.11.b - VHF 64</name>
    <desc>B.11.b - Verplichting zich te melden op het aangegeven marifoonkanaal
VHF 64

Locatie: BR2 Nijmegen - Tiel - 1580
Vaarwegkilometer: 907.73
Plaatsing: Haven
Orientatie: 0°

https://data.rws.nl/id/a/verkeersbord-24856</desc>
    <sym>vhf_b11b_64</sym>
    <type>RWS VHF-bord</type>
  </wpt>
  <wpt lat="51.4499264" lon="4.0133693">
    <name>E.23</name>
    <desc>E.23 - Marifoonkanaal voor nautische informatie

Locatie: SR6 Kanaal door Zuid-Beveland (incl. sluizen complex Hansweert)-17
Vaarwegkilometer: 0
Stroomrichting: Stroomopwaarts
Plaatsing: Linker oever
Orientatie: 0°

https://data.rws.nl/id/a/verkeersbord-53368</desc>
    <sym>vhf_e23_unknown</sym>
    <type>RWS VHF-bord</type>
  </wpt>
  <wpt lat="52.9549560" lon="4.7795004">
    <name>E.23 - VHF 18</name>
    <desc>E.23 - Marifoonkanaal voor nautische informatie
VHF 18

Locatie: Nog in te winnen
Vaarwegkilometer: 0
Stroomrichting: Stroomopwaarts
Plaatsing: Haven
Orientatie: 338°

https://data.rws.nl/id/a/verkeersbord-23608</desc>
    <sym>vhf_e23_18</sym>
    <type>RWS VHF-bord</type>
  </wpt>
  <wpt lat="51.2173330" lon="5.9787680">
    <name>E.23 - VHF 20</name>
    <desc>E.23 - Marifoonkanaal voor nautische informatie
VHF 20

Locatie: WR06 Maas Belf
Vaarwegkilometer: 81.7
Plaatsing: Linker oever
Orientatie: 0°

https://data.rws.nl/id/a/verkeersbord-48537</desc>
    <sym>vhf_e23_20</sym>
    <type>RWS VHF-bord</type>
  </wpt>
  <wpt lat="51.8051843" lon="4.6378855">
    <name>B.11.a - VHF 79</name>
    <desc>B.11.a - Verplichting gebruik te maken van marifoon overeenkomstig de daartoe bij algemene regeling vastgestelde voorschriften
VHF 79

Locatie: 120A Afgedamde Maas (ten zuiden van de sluis + Heusdens Kanaal)-435
Vaarwegkilometer: 979.22
Plaatsing: Rechter oever
Orientatie: 0°

https://data.rws.nl/id/a/verkeersbord-42714</desc>
    <sym>vhf_b11a</sym>
    <type>RWS VHF-bord</type>
  </wpt>
  <wpt lat="51.8644267" lon="6.0716339">
    <name>B.11.b - VHF 24</name>
    <desc>B.11.b - Verplichting zich te melden op het aangegeven marifoonkanaal
VHF 24

Locatie: BR1 Lobith - Nijmegen - 186
Vaarwegkilometer: 864.99
Stroomrichting: Stroomopwaarts
Plaatsing: Rechter oever
Orientatie: 0°

https://data.rws.nl/id/a/verkeersbord-24358</desc>
    <sym>vhf_b11b_24</sym>
    <type>RWS VHF-bord</type>
  </wpt>
  <wpt lat="51.8270836" lon="4.9631581">
    <name>B.11.b - VHF 71</name>
    <desc>B.11.b - Verplichting zich te melden op het aangegeven marifoonkanaal
VHF 71

Locatie: 150Q Bergsche Maas-217
Vaarwegkilometer: 955.5
Plaatsing: Rechter oever
Orientatie: 290°

https://data.rws.nl/id/a/verkeersbord-44350</desc>
    <sym>vhf_b11b_71</sym>
    <type>RWS VHF-bord</type>
  </wpt>
  <wpt lat="52.3790825" lon="4.9294116">
    <name>B.11.a - VHF 60</name>
    <desc>B.11.a - Verplichting gebruik te maken van marifoon overeenkomstig de daartoe bij algemene regeling vastgestelde voorschriften
VHF 60

Locatie: Bord 559: NZK5 Sluizen te IJmuiden &amp; Noorzeekanaal tot IJ Lekkanaal-598
Vaarwegkilometer: 0
Stroomrichting: Stroomopwaarts
Plaatsing: Rechter oever
Orientatie: 0°

https://data.rws.nl/id/a/verkeersbord-41299</desc>
    <sym>vhf_b11a</sym>
    <type>RWS VHF-bord</type>
  </wpt>
  <wpt lat="51.8548831" lon="6.0901989">
    <name>B.11.b - VHF 64</name>
    <desc>B.11.b - Verplichting zich te melden op het aangegeven marifoonkanaal
VHF 64

Locatie: BR1 Lobith - Nijmegen - 286
Vaarwegkilometer: 863.315
Plaatsing: Rechter oever
Orientatie: 0°

https://data.rws.nl/id/a/verkeersbord-53506</desc>
    <sym>vhf_b11b_64</sym>
    <type>RWS VHF-bord</type>
  </wpt>
  <wpt lat="51.4717545" lon="5.6911385">
    <name>B.11.b - VHF 18</name>
    <desc>B.11.b - Verplichting zich te melden op het aangegeven marifoonkanaal
VHF 18

Locatie: BK02
Vaarwegkilometer: 0
Stroomrichting: Stroomopwaarts
Plaatsing: Linker oever
Orientatie: 0°

https://data.rws.nl/id/a/verkeersbord-47011</desc>
    <sym>vhf_b11b_18</sym>
    <type>RWS VHF-bord</type>
  </wpt>
  <wpt lat="52.1011671" lon="5.0748321">
    <name>B.11.b - VHF 61</name>
    <desc>B.11.b - Verplichting zich te melden op het aangegeven marifoonkanaal
VHF 61

Locatie: ARK1 Amsterdam Rijnkanaal
Vaarwegkilometer: 34.98
Stroomrichting: Stroomopwaarts
Plaatsing: Linker oever
Orientatie: 93°

https://data.rws.nl/id/a/verkeersbord-22267</desc>
    <sym>vhf_b11b_61</sym>
    <type>RWS VHF-bord</type>
  </wpt>
  <wpt lat="51.3319069" lon="3.8179695">
    <name>B.11.b</name>
    <desc>B.11.b - Verplichting zich te melden op het aangegeven marifoonkanaal
Vaarwegkilometer: 14.3
Plaatsing: Rechter oever

https://data.rws.nl/id/a/verkeersbord-53587</desc>
    <sym>vhf_b11b_unknown</sym>
    <type>RWS VHF-bord</type>
  </wpt>
  <wpt lat="51.8690962" lon="5.4214937">
    <name>B.11.b - VHF 10</name>
    <desc>B.11.b - Verplichting zich te melden op het aangegeven marifoonkanaal
VHF 10

Locatie: BR3 Tiel - Zaltbommel - 206
Vaarwegkilometer: 917
Stroomrichting: Stroomafwaarts
Plaatsing: Rechter oever
Orientatie: 0°

https://data.rws.nl/id/a/verkeersbord-24329</desc>
    <sym>vhf_b11b_10</sym>
    <type>RWS VHF-bord</type>
  </wpt>
  <wpt lat="51.8789461" lon="4.3291015">
    <name>B.11.b - VHF 61</name>
    <desc>B.11.b - Verplichting zich te melden op het aangegeven marifoonkanaal
VHF 61

Locatie: 120A Afgedamde Maas (ten zuiden van de sluis + Heusdens Kanaal)-739
Vaarwegkilometer: 1005
Plaatsing: Rechter oever
Orientatie: 0°

https://data.rws.nl/id/a/verkeersbord-41716</desc>
    <sym>vhf_b11b_61</sym>
    <type>RWS VHF-bord</type>
  </wpt>
  <wpt lat="51.9089616" lon="4.5668792">
    <name>B.11.a - VHF 81</name>
    <desc>B.11.a - Verplichting gebruik te maken van marifoon overeenkomstig de daartoe bij algemene regeling vastgestelde voorschriften
VHF 81

Locatie: 120A Afgedamde Maas (ten zuiden van de sluis + Heusdens Kanaal)-278
Vaarwegkilometer: 19.2
Stroomrichting: Stroomopwaarts
Plaatsing: Linker oever
Orientatie: 0°

https://data.rws.nl/id/a/verkeersbord-44135</desc>
    <sym>vhf_b11a</sym>
    <type>RWS VHF-bord</type>
  </wpt>
  <wpt lat="51.8481843" lon="6.1407295">
    <name>B.11.b - VHF 64</name>
    <desc>B.11.b - Verplichting zich te melden op het aangegeven marifoonkanaal
VHF 64
Vaarwegkilometer: 859.64
Plaatsing: Rechter oever
Orientatie: 0°

https://data.rws.nl/id/a/verkeersbord-52245</desc>
    <sym>vhf_b11b_64</sym>
    <type>RWS VHF-bord</type>
  </wpt>
  <wpt lat="51.0440534" lon="5.8034519">
    <name>E.23 - VHF 22</name>
    <desc>E.23 - Marifoonkanaal voor nautische informatie
VHF 22
Vaarwegkilometer: 21.8
Stroomrichting: Stroomopwaarts
Plaatsing: Rechter oever
Orientatie: 0°

https://data.rws.nl/id/a/verkeersbord-49060</desc>
    <sym>vhf_e23_22</sym>
    <type>RWS VHF-bord</type>
  </wpt>
  <wpt lat="51.8548834" lon="6.0901960">
    <name>B.11.b - VHF 64</name>
    <desc>B.11.b - Verplichting zich te melden op het aangegeven marifoonkanaal
VHF 64

Locatie: BR1 Lobith - Nijmegen - 286
Vaarwegkilometer: 863.315
Plaatsing: Rechter oever
Orientatie: 225°

https://data.rws.nl/id/a/verkeersbord-25061</desc>
    <sym>vhf_b11b_64</sym>
    <type>RWS VHF-bord</type>
  </wpt>
  <wpt lat="51.8004138" lon="5.3528911">
    <name>B.11.b - VHF 68</name>
    <desc>B.11.b - Verplichting zich te melden op het aangegeven marifoonkanaal
VHF 68

Locatie: BR3 Tiel - Zaltbommel - 895
Vaarwegkilometer: 926
Stroomrichting: Stroomopwaarts
Plaatsing: Linker oever
Orientatie: 0°

https://data.rws.nl/id/a/verkeersbord-24876</desc>
    <sym>vhf_b11b_68</sym>
    <type>RWS VHF-bord</type>
  </wpt>
  <wpt lat="51.3406675" lon="3.8198009">
    <name>B.11.b - VHF 18</name>
    <desc>B.11.b - Verplichting zich te melden op het aangegeven marifoonkanaal
VHF 18

Locatie: NMZ1 Westerschelde (noordelijke oevers en Westerschelde)-180
Vaarwegkilometer: 0
Plaatsing: Kunstwerk
Orientatie: 0°

https://data.rws.nl/id/a/verkeersbord-44749</desc>
    <sym>vhf_b11b_18</sym>
    <type>RWS VHF-bord</type>
  </wpt>
  <wpt lat="52.4636661" lon="4.6146806">
    <name>B.11.a - VHF 22</name>
    <desc>B.11.a - Verplichting gebruik te maken van marifoon overeenkomstig de daartoe bij algemene regeling vastgestelde voorschriften
VHF 22

Locatie: Bord B.11: NZK5 Sluizen te IJmuiden &amp; Noorzeekanaal tot IJ Lekkanaal-27
Vaarwegkilometer: 0
Stroomrichting: Stroomopwaarts
Plaatsing: Rechter oever
Orientatie: 0°

https://data.rws.nl/id/a/verkeersbord-40879</desc>
    <sym>vhf_b11a</sym>
    <type>RWS VHF-bord</type>
  </wpt>
  <wpt lat="50.8306249" lon="5.6985145">
    <name>E.23 - VHF 20</name>
    <desc>E.23 - Marifoonkanaal voor nautische informatie
VHF 20
Vaarwegkilometer: 0
Stroomrichting: Stroomafwaarts
Plaatsing: Rechter oever
Orientatie: 0°

https://data.rws.nl/id/a/verkeersbord-47107</desc>
    <sym>vhf_e23_20</sym>
    <type>RWS VHF-bord</type>
  </wpt>
  <wpt lat="52.3790825" lon="4.9294116">
    <name>B.11.a - VHF 4</name>
    <desc>B.11.a - Verplichting gebruik te maken van marifoon overeenkomstig de daartoe bij algemene regeling vastgestelde voorschriften
VHF 4

Locatie: Bord 557: NZK5 Sluizen te IJmuiden &amp; Noorzeekanaal tot IJ Lekkanaal-596
Vaarwegkilometer: 0
Stroomrichting: Stroomopwaarts
Plaatsing: Rechter oever
Orientatie: 0°

https://data.rws.nl/id/a/verkeersbord-41296</desc>
    <sym>vhf_b11a</sym>
    <type>RWS VHF-bord</type>
  </wpt>
  <wpt lat="53.2369871" lon="6.2043791">
    <name>E.23 - VHF 81</name>
    <desc>E.23 - Marifoonkanaal voor nautische informatie
VHF 81

Locatie: Kanaalvak 052,870-066,060 PMK Stroobos - Bergummermeer
Vaarwegkilometer: 54.266
Stroomrichting: Stroomopwaarts
Plaatsing: Linker oever
Orientatie: 0°

https://data.rws.nl/id/a/verkeersbord-53133</desc>
    <sym>vhf_e23_81</sym>
    <type>RWS VHF-bord</type>
  </wpt>
  <wpt lat="52.1050888" lon="5.0744912">
    <name>B.11.b - VHF 61</name>
    <desc>B.11.b - Verplichting zich te melden op het aangegeven marifoonkanaal
VHF 61

Locatie: ARK1 Amsterdam Rijnkanaal
Vaarwegkilometer: 34.54
Stroomrichting: Stroomopwaarts
Plaatsing: Linker oever
Orientatie: 103°

https://data.rws.nl/id/a/verkeersbord-22265</desc>
    <sym>vhf_b11b_61</sym>
    <type>RWS VHF-bord</type>
  </wpt>
  <wpt lat="51.6620532" lon="4.1516231">
    <name>B.11.a</name>
    <desc>B.11.a - Verplichting gebruik te maken van marifoon overeenkomstig de daartoe bij algemene regeling vastgestelde voorschriften

Locatie: SR5 Oosterschelde-Oost ,(incl. Krammersluizen, Bergsediepsl., Oesterdam, Philipsdam, oostmond Zandkreek-13
Vaarwegkilometer: 0
Plaatsing: Linker oever
Orientatie: 0°

https://data.rws.nl/id/a/verkeersbord-45117</desc>
    <sym>vhf_b11a</sym>
    <type>RWS VHF-bord</type>
  </wpt>
  <wpt lat="51.8883166" lon="4.3205473">
    <name>E.23 - VHF 18</name>
    <desc>E.23 - Marifoonkanaal voor nautische informatie
VHF 18

Locatie: 120A Afgedamde Maas (ten zuiden van de sluis + Heusdens Kanaal)-728
Vaarwegkilometer: 1006.17
Plaatsing: Rechter oever
Orientatie: 0°

https://data.rws.nl/id/a/verkeersbord-41704</desc>
    <sym>vhf_e23_18</sym>
    <type>RWS VHF-bord</type>
  </wpt>
  <wpt lat="51.7196245" lon="4.4034587">
    <name>E.23 - VHF 20</name>
    <desc>E.23 - Marifoonkanaal voor nautische informatie
VHF 20

Locatie: 108B Hollandsch Diep (bovenstrooms van oversteek + oversteek)-126
Vaarwegkilometer: 1000.3
Stroomrichting: Stroomopwaarts
Plaatsing: Kunstwerk
Orientatie: 292°

https://data.rws.nl/id/a/verkeersbord-43824</desc>
    <sym>vhf_e23_20</sym>
    <type>RWS VHF-bord</type>
  </wpt>
  <wpt lat="51.7975183" lon="5.0459689">
    <name>E.23 - VHF 22</name>
    <desc>E.23 - Marifoonkanaal voor nautische informatie
VHF 22

Locatie: 120B-50
Vaarwegkilometer: 243.3
Plaatsing: Rechter oever
Orientatie: 0°

https://data.rws.nl/id/a/verkeersbord-45940</desc>
    <sym>vhf_e23_22</sym>
    <type>RWS VHF-bord</type>
  </wpt>
  <wpt lat="52.2813731" lon="5.0225142">
    <name>E.23 - VHF 66</name>
    <desc>E.23 - Marifoonkanaal voor nautische informatie
VHF 66

Locatie: ARK1 Amsterdam Rijnkanaal
Vaarwegkilometer: 12.4
Plaatsing: Rechter oever
Orientatie: 90°

https://data.rws.nl/id/a/verkeersbord-22250</desc>
    <sym>vhf_e23_66</sym>
    <type>RWS VHF-bord</type>
  </wpt>
  <wpt lat="51.8382739" lon="5.3961752">
    <name>B.11.b - VHF 10</name>
    <desc>B.11.b - Verplichting zich te melden op het aangegeven marifoonkanaal
VHF 10

Locatie: BR3 Tiel - Zaltbommel - 208
Vaarwegkilometer: 921
Stroomrichting: Stroomopwaarts
Plaatsing: Rechter oever
Orientatie: 0°

https://data.rws.nl/id/a/verkeersbord-24218</desc>
    <sym>vhf_b11b_10</sym>
    <type>RWS VHF-bord</type>
  </wpt>
  <wpt lat="53.2460637" lon="6.2875916">
    <name>E.23 - VHF 20</name>
    <desc>E.23 - Marifoonkanaal voor nautische informatie
VHF 20

Locatie: Kanaalvak 047,020-052,870 VSK Gaarkeukensluis - Stroobos
Vaarwegkilometer: 48.611
Stroomrichting: Stroomopwaarts
Plaatsing: Linker oever
Orientatie: 80°

https://data.rws.nl/id/a/verkeersbord-23225</desc>
    <sym>vhf_e23_20</sym>
    <type>RWS VHF-bord</type>
  </wpt>
  <wpt lat="51.9151117" lon="4.5769575">
    <name>E.23 - VHF 22</name>
    <desc>E.23 - Marifoonkanaal voor nautische informatie
VHF 22

Locatie: 211 Hollandsche IJssel-269
Vaarwegkilometer: 18.12
Stroomrichting: Stroomafwaarts
Plaatsing: Rechter oever
Orientatie: 0°

https://data.rws.nl/id/a/verkeersbord-42477</desc>
    <sym>vhf_e23_22</sym>
    <type>RWS VHF-bord</type>
  </wpt>
  <wpt lat="53.3049396" lon="6.8489774">
    <name>E.23 - VHF 81</name>
    <desc>E.23 - Marifoonkanaal voor nautische informatie
VHF 81

Locatie: Kanaalvak 006,847-015,545 EMK Woldbrug - Woltersum
Vaarwegkilometer: 7.251
Stroomrichting: Stroomopwaarts
Plaatsing: Linker oever
Orientatie: 73°

https://data.rws.nl/id/a/verkeersbord-52465</desc>
    <sym>vhf_e23_81</sym>
    <type>RWS VHF-bord</type>
  </wpt>
  <wpt lat="51.9874484" lon="5.0593331">
    <name>E.23 - VHF 31</name>
    <desc>E.23 - Marifoonkanaal voor nautische informatie
VHF 31

Locatie: RL 4, Vreeswijk - Schoonhoven - 567
Vaarwegkilometer: 953.46
Plaatsing: Linker oever
Orientatie: 0°

https://data.rws.nl/id/a/verkeersbord-26291</desc>
    <sym>vhf_e23_31</sym>
    <type>RWS VHF-bord</type>
  </wpt>
  <wpt lat="53.2337080" lon="6.5841594">
    <name>E.23 - VHF 20</name>
    <desc>E.23 - Marifoonkanaal voor nautische informatie
VHF 20

Locatie: Kanaalvak 026,945-047,020 VSK Oostersluis - Gaarkeukensluis
Vaarwegkilometer: 27.908
Stroomrichting: Stroomopwaarts
Plaatsing: Kunstwerk
Orientatie: 133°

https://data.rws.nl/id/a/verkeersbord-22894</desc>
    <sym>vhf_e23_20</sym>
    <type>RWS VHF-bord</type>
  </wpt>
  <wpt lat="51.9599267" lon="5.3455512">
    <name>B.11.b - VHF 60</name>
    <desc>B.11.b - Verplichting zich te melden op het aangegeven marifoonkanaal
VHF 60

Locatie: ARK4 Amsterdam Rijnkanaal
Vaarwegkilometer: 61.07
Stroomrichting: Stroomafwaarts
Plaatsing: Rechter oever
Orientatie: 305°

https://data.rws.nl/id/a/verkeersbord-22634</desc>
    <sym>vhf_b11b_60</sym>
    <type>RWS VHF-bord</type>
  </wpt>
  <wpt lat="53.3072553" lon="6.8472059">
    <name>E.23 - VHF 64</name>
    <desc>E.23 - Marifoonkanaal voor nautische informatie
VHF 64

Locatie: Kanaalvak 006,847-015,545 EMK Woldbrug - Woltersum
Vaarwegkilometer: 7.283
Stroomrichting: Stroomopwaarts
Plaatsing: Rechter oever
Orientatie: 169°

https://data.rws.nl/id/a/verkeersbord-23944</desc>
    <sym>vhf_e23_64</sym>
    <type>RWS VHF-bord</type>
  </wpt>
  <wpt lat="51.9973564" lon="4.6920934">
    <name>E.23 - VHF 18</name>
    <desc>E.23 - Marifoonkanaal voor nautische informatie
VHF 18

Locatie: 211 Hollandsche IJssel-165
Vaarwegkilometer: 3.25
Stroomrichting: Stroomopwaarts
Plaatsing: Rechter oever
Orientatie: 0°

https://data.rws.nl/id/a/verkeersbord-43546</desc>
    <sym>vhf_e23_18</sym>
    <type>RWS VHF-bord</type>
  </wpt>
  <wpt lat="51.9220985" lon="4.5871987">
    <name>B.11.a - VHF 22</name>
    <desc>B.11.a - Verplichting gebruik te maken van marifoon overeenkomstig de daartoe bij algemene regeling vastgestelde voorschriften
VHF 22

Locatie: 211 Hollandsche IJssel-240
Vaarwegkilometer: 17.05
Stroomrichting: Stroomopwaarts
Plaatsing: Rechter oever
Orientatie: 0°

https://data.rws.nl/id/a/verkeersbord-42553</desc>
    <sym>vhf_b11a</sym>
    <type>RWS VHF-bord</type>
  </wpt>
  <wpt lat="51.8154633" lon="4.6607008">
    <name>B.11.b - VHF 74</name>
    <desc>B.11.b - Verplichting zich te melden op het aangegeven marifoonkanaal
VHF 74

Locatie: 120A Afgedamde Maas (ten zuiden van de sluis + Heusdens Kanaal)-405
Vaarwegkilometer: 977.16
Stroomrichting: Stroomopwaarts
Plaatsing: Linker oever
Orientatie: 0°

https://data.rws.nl/id/a/verkeersbord-43735</desc>
    <sym>vhf_b11b_74</sym>
    <type>RWS VHF-bord</type>
  </wpt>
  <wpt lat="52.3821108" lon="4.9578162">
    <name>B.11.a - VHF 18</name>
    <desc>B.11.a - Verplichting gebruik te maken van marifoon overeenkomstig de daartoe bij algemene regeling vastgestelde voorschriften
VHF 18

Locatie: Bord 739: NZK7 Het Buiten-IJ-6
Vaarwegkilometer: 0
Stroomrichting: Stroomopwaarts
Plaatsing: Rechter oever
Orientatie: 0°

https://data.rws.nl/id/a/verkeersbord-41514</desc>
    <sym>vhf_b11a</sym>
    <type>RWS VHF-bord</type>
  </wpt>
  <wpt lat="52.0351803" lon="5.1157379">
    <name>E.23 - VHF 66</name>
    <desc>E.23 - Marifoonkanaal voor nautische informatie
VHF 66

Locatie: ARK3 Amsterdam Rijnkanaal
Vaarwegkilometer: 42.94
Stroomrichting: Stroomopwaarts
Plaatsing: Linker oever
Orientatie: 141°

https://data.rws.nl/id/a/verkeersbord-22460</desc>
    <sym>vhf_e23_66</sym>
    <type>RWS VHF-bord</type>
  </wpt>
  <wpt lat="51.8602741" lon="6.0810494">
    <name>B.11.b - VHF 5</name>
    <desc>B.11.b - Verplichting zich te melden op het aangegeven marifoonkanaal
VHF 5
Vaarwegkilometer: 864.23
Plaatsing: Rechter oever
Orientatie: 311°

https://data.rws.nl/id/a/verkeersbord-52423</desc>
    <sym>vhf_b11b_5</sym>
    <type>RWS VHF-bord</type>
  </wpt>
  <wpt lat="53.1993841" lon="6.0595665">
    <name>E.23 - VHF 81</name>
    <desc>E.23 - Marifoonkanaal voor nautische informatie
VHF 81

Locatie: Kanaalvak 052,870-066,060 PMK Stroobos - Bergummermeer
Vaarwegkilometer: 65.32
Stroomrichting: Stroomopwaarts
Plaatsing: Linker oever
Orientatie: 81°

https://data.rws.nl/id/a/verkeersbord-23275</desc>
    <sym>vhf_e23_81</sym>
    <type>RWS VHF-bord</type>
  </wpt>
  <wpt lat="51.4537380" lon="4.0106484">
    <name>B.11.a</name>
    <desc>B.11.a - Verplichting gebruik te maken van marifoon overeenkomstig de daartoe bij algemene regeling vastgestelde voorschriften

Locatie: SR6 Kanaal door Zuid-Beveland (incl. sluizen complex Hansweert)-13
Vaarwegkilometer: 0
Stroomrichting: Stroomopwaarts
Plaatsing: Linker oever
Orientatie: 0°

https://data.rws.nl/id/a/verkeersbord-45161</desc>
    <sym>vhf_b11a</sym>
    <type>RWS VHF-bord</type>
  </wpt>
  <wpt lat="51.8232111" lon="4.7391476">
    <name>B.11.b - VHF 79</name>
    <desc>B.11.b - Verplichting zich te melden op het aangegeven marifoonkanaal
VHF 79

Locatie: -219
Vaarwegkilometer: 971.5
Stroomrichting: Stroomafwaarts
Plaatsing: Rechter oever
Orientatie: 0°

https://data.rws.nl/id/a/verkeersbord-44364</desc>
    <sym>vhf_b11b_79</sym>
    <type>RWS VHF-bord</type>
  </wpt>
  <wpt lat="52.3708911" lon="4.9781384">
    <name>E.23 - VHF 18</name>
    <desc>E.23 - Marifoonkanaal voor nautische informatie
VHF 18

Locatie: Bord 481: NZK5 Sluizen te IJmuiden &amp; Noorzeekanaal tot IJ Lekkanaal-520
Vaarwegkilometer: 0
Stroomrichting: Stroomopwaarts
Plaatsing: Rechter oever
Orientatie: 0°

https://data.rws.nl/id/a/verkeersbord-41238</desc>
    <sym>vhf_e23_18</sym>
    <type>RWS VHF-bord</type>
  </wpt>
  <wpt lat="51.2714009" lon="5.7430978">
    <name>E.23 - VHF 20</name>
    <desc>E.23 - Marifoonkanaal voor nautische informatie
VHF 20

Locatie: WR08
Vaarwegkilometer: 0
Stroomrichting: Stroomafwaarts
Plaatsing: Linker oever
Orientatie: 138°

https://data.rws.nl/id/a/verkeersbord-46735</desc>
    <sym>vhf_e23_20</sym>
    <type>RWS VHF-bord</type>
  </wpt>
  <wpt lat="52.1583365" lon="6.1848023">
    <name>E.23 - VHF 31</name>
    <desc>E.23 - Marifoonkanaal voor nautische informatie
VHF 31

Locatie: YS1, IJssel van IJsselkop tot Twentekanalen - 3715
Vaarwegkilometer: 929.94
Plaatsing: Rechter oever
Orientatie: 360°

https://data.rws.nl/id/a/verkeersbord-50845</desc>
    <sym>vhf_e23_31</sym>
    <type>RWS VHF-bord</type>
  </wpt>
  <wpt lat="51.8454472" lon="5.8170903">
    <name>B.11.b - VHF 18</name>
    <desc>B.11.b - Verplichting zich te melden op het aangegeven marifoonkanaal
VHF 18

Locatie: NM4 Maas-Waalkanaal-2091
Vaarwegkilometer: 11.1
Stroomrichting: Stroomafwaarts
Plaatsing: Rechter oever
Orientatie: 0°

https://data.rws.nl/id/a/verkeersbord-24948</desc>
    <sym>vhf_b11b_18</sym>
    <type>RWS VHF-bord</type>
  </wpt>
  <wpt lat="51.8144327" lon="4.6586274">
    <name>E.23 - VHF 74</name>
    <desc>E.23 - Marifoonkanaal voor nautische informatie
VHF 74

Locatie: 120A Afgedamde Maas (ten zuiden van de sluis + Heusdens Kanaal)-382
Vaarwegkilometer: 977.4
Stroomrichting: Stroomopwaarts
Plaatsing: Linker oever
Orientatie: 0°

https://data.rws.nl/id/a/verkeersbord-43659</desc>
    <sym>vhf_e23_74</sym>
    <type>RWS VHF-bord</type>
  </wpt>
  <wpt lat="52.5100338" lon="5.4267654">
    <name>E.23 - VHF 20</name>
    <desc>E.23 - Marifoonkanaal voor nautische informatie
VHF 20

Locatie: MMMM Markermeer (Ijmeer, Amsterdam-Lelystad, Almere-Enkhuizen, Oostvaardersdiep-Zuid; MarkermeerOostvaardersdiep Noord)
Vaarwegkilometer: 0
Plaatsing: Rechter oever
Orientatie: 0°

https://data.rws.nl/id/a/verkeersbord-22149</desc>
    <sym>vhf_e23_20</sym>
    <type>RWS VHF-bord</type>
  </wpt>
  <wpt lat="52.6367156" lon="6.0766639">
    <name>E.23 - VHF 22</name>
    <desc>E.23 - Marifoonkanaal voor nautische informatie
VHF 22

Locatie: ZW3, Meppelerdiep - 6183
Vaarwegkilometer: 0.13
Stroomrichting: Stroomopwaarts
Plaatsing: Linker oever
Orientatie: 360°

https://data.rws.nl/id/a/verkeersbord-50617</desc>
    <sym>vhf_e23_22</sym>
    <type>RWS VHF-bord</type>
  </wpt>
  <wpt lat="51.8314531" lon="4.0339870">
    <name>E.23 - VHF 20</name>
    <desc>E.23 - Marifoonkanaal voor nautische informatie
VHF 20

Locatie: 117 Haringvlie
Vaarwegkilometer: 1029.7
Stroomrichting: Stroomopwaarts
Plaatsing: Linker oever
Orientatie: 0°

https://data.rws.nl/id/a/verkeersbord-44232</desc>
    <sym>vhf_e23_20</sym>
    <type>RWS VHF-bord</type>
  </wpt>
  <wpt lat="52.1249440" lon="6.1856186">
    <name>E.23 - VHF 20</name>
    <desc>E.23 - Marifoonkanaal voor nautische informatie
VHF 20

Locatie: YS1, IJssel van IJsselkop tot Twentekanalen - 3462
Vaarwegkilometer: 925.98
Stroomrichting: Stroomopwaarts
Plaatsing: Linker oever
Orientatie: 360°

https://data.rws.nl/id/a/verkeersbord-50700</desc>
    <sym>vhf_e23_20</sym>
    <type>RWS VHF-bord</type>
  </wpt>
  <wpt lat="52.5515984" lon="5.9254168">
    <name>E.23 - VHF 18</name>
    <desc>E.23 - Marifoonkanaal voor nautische informatie
VHF 18

Locatie: YS3, IJssel van Zwolle-IJsselkanaal tot Ketelmeer - 3869
Vaarwegkilometer: 994.52
Stroomrichting: Stroomopwaarts
Plaatsing: Linker oever
Orientatie: 360°

https://data.rws.nl/id/a/verkeersbord-50957</desc>
    <sym>vhf_e23_18</sym>
    <type>RWS VHF-bord</type>
  </wpt>
  <wpt lat="51.8077071" lon="4.8760876">
    <name>B.11.a - VHF 12</name>
    <desc>B.11.a - Verplichting gebruik te maken van marifoon overeenkomstig de daartoe bij algemene regeling vastgestelde voorschriften
VHF 12

Locatie: -184
Vaarwegkilometer: 962.25
Stroomrichting: Stroomopwaarts
Plaatsing: Linker oever
Orientatie: 0°

https://data.rws.nl/id/a/verkeersbord-44430</desc>
    <sym>vhf_b11a</sym>
    <type>RWS VHF-bord</type>
  </wpt>
  <wpt lat="53.1406244" lon="5.8992530">
    <name>E.23 - VHF 20</name>
    <desc>E.23 - Marifoonkanaal voor nautische informatie
VHF 20

Locatie: Kanaalvak 078,020-084,690 PMK De Grêft
Vaarwegkilometer: 78.782
Stroomrichting: Stroomopwaarts
Plaatsing: Linker oever
Orientatie: 63°

https://data.rws.nl/id/a/verkeersbord-23380</desc>
    <sym>vhf_e23_20</sym>
    <type>RWS VHF-bord</type>
  </wpt>
  <wpt lat="51.8635265" lon="5.8373941">
    <name>B.11.b - VHF 4</name>
    <desc>B.11.b - Verplichting zich te melden op het aangegeven marifoonkanaal
VHF 4

Locatie: BR2 Nijmegen - Tiel - 1573
Vaarwegkilometer: 886.32
Plaatsing: Rechter oever
Orientatie: 0°

https://data.rws.nl/id/a/verkeersbord-24451</desc>
    <sym>vhf_b11b_4</sym>
    <type>RWS VHF-bord</type>
  </wpt>
  <wpt lat="51.8377034" lon="4.6710743">
    <name>B.11.b - VHF 79</name>
    <desc>B.11.b - Verplichting zich te melden op het aangegeven marifoonkanaal
VHF 79

Locatie: 101F Noord
Vaarwegkilometer: 978.11
Plaatsing: Linker oever
Orientatie: 0°

https://data.rws.nl/id/a/verkeersbord-42886</desc>
    <sym>vhf_b11b_79</sym>
    <type>RWS VHF-bord</type>
  </wpt>
  <wpt lat="51.7579623" lon="4.6259945">
    <name>B.11.a</name>
    <desc>B.11.a - Verplichting gebruik te maken van marifoon overeenkomstig de daartoe bij algemene regeling vastgestelde voorschriften

Locatie: 120A Afgedamde Maas (ten zuiden van de sluis + Heusdens Kanaal)-119
Vaarwegkilometer: 984.3
Stroomrichting: Stroomopwaarts
Plaatsing: Linker oever
Orientatie: 0°

https://data.rws.nl/id/a/verkeersbord-42684</desc>
    <sym>vhf_b11a</sym>
    <type>RWS VHF-bord</type>
  </wpt>
  <wpt lat="53.2604884" lon="6.4764057">
    <name>E.23 - VHF 81</name>
    <desc>E.23 - Marifoonkanaal voor nautische informatie
VHF 81

Locatie: Kanaalvak 026,945-047,020 VSK Oostersluis - Gaarkeukensluis
Vaarwegkilometer: 35.784
Stroomrichting: Stroomafwaarts
Plaatsing: Rechter oever
Orientatie: 360°

https://data.rws.nl/id/a/verkeersbord-53047</desc>
    <sym>vhf_e23_81</sym>
    <type>RWS VHF-bord</type>
  </wpt>
  <wpt lat="52.5220269" lon="6.0705878">
    <name>E.23 - VHF 20</name>
    <desc>E.23 - Marifoonkanaal voor nautische informatie
VHF 20

Locatie: ZW1, Zwolle-IJsselkanaal (vanaf Spooldersluis) - 37
Vaarwegkilometer: 2.57
Plaatsing: Rechter oever
Orientatie: 360°

https://data.rws.nl/id/a/verkeersbord-50507</desc>
    <sym>vhf_e23_20</sym>
    <type>RWS VHF-bord</type>
  </wpt>
  <wpt lat="51.4618081" lon="4.2258964">
    <name>E.23 - VHF 20</name>
    <desc>E.23 - Marifoonkanaal voor nautische informatie
VHF 20

Locatie: SR1 Krammer-Volkerak-Eendracht-Zoomm.(incl. Kreekraksluizen)-71
Vaarwegkilometer: 0
Plaatsing: Rechter oever
Orientatie: 0°

https://data.rws.nl/id/a/verkeersbord-53444</desc>
    <sym>vhf_e23_20</sym>
    <type>RWS VHF-bord</type>
  </wpt>
  <wpt lat="51.1865089" lon="5.9303032">
    <name>E.23 - VHF 22</name>
    <desc>E.23 - Marifoonkanaal voor nautische informatie
VHF 22

Locatie: WR06 Maas Belf
Vaarwegkilometer: 74.9
Stroomrichting: Stroomafwaarts
Plaatsing: Linker oever
Orientatie: 0°

https://data.rws.nl/id/a/verkeersbord-48352</desc>
    <sym>vhf_e23_22</sym>
    <type>RWS VHF-bord</type>
  </wpt>
  <wpt lat="52.9604593" lon="4.7745816">
    <name>E.23 - VHF 62</name>
    <desc>E.23 - Marifoonkanaal voor nautische informatie
VHF 62

Locatie: Nog in te winnen
Vaarwegkilometer: 0
Stroomrichting: Stroomopwaarts
Plaatsing: Haven
Orientatie: 91°

https://data.rws.nl/id/a/verkeersbord-23605</desc>
    <sym>vhf_e23_62</sym>
    <type>RWS VHF-bord</type>
  </wpt>
  <wpt lat="51.8586075" lon="5.8248614">
    <name>B.11.b - VHF 18</name>
    <desc>B.11.b - Verplichting zich te melden op het aangegeven marifoonkanaal
VHF 18

Locatie: NM4 Maas-Waalkanaal-2151
Vaarwegkilometer: 12.78
Stroomrichting: Stroomopwaarts
Plaatsing: Linker oever
Orientatie: 0°

https://data.rws.nl/id/a/verkeersbord-24166</desc>
    <sym>vhf_b11b_18</sym>
    <type>RWS VHF-bord</type>
  </wpt>
  <wpt lat="51.6914823" lon="4.4115574">
    <name>B.11.a - VHF 7</name>
    <desc>B.11.a - Verplichting gebruik te maken van marifoon overeenkomstig de daartoe bij algemene regeling vastgestelde voorschriften
VHF 7

Locatie: 108C Hollandsch Diep (benedenstrooms van oversteek)-157
Vaarwegkilometer: 999.8
Stroomrichting: Stroomopwaarts
Plaatsing: Kunstwerk
Orientatie: 0°

https://data.rws.nl/id/a/verkeersbord-42059</desc>
    <sym>vhf_b11a</sym>
    <type>RWS VHF-bord</type>
  </wpt>
  <wpt lat="52.6996012" lon="5.2937862">
    <name>B.11.a - VHF 12</name>
    <desc>B.11.a - Verplichting gebruik te maken van marifoon overeenkomstig de daartoe bij algemene regeling vastgestelde voorschriften
VHF 12

Locatie: YMYM Ijsselmeer (Enkhuizen-Den Oever; Enkhuizen-Lemmer; Ketelmeer-VAL; URK-Kornwerderzand; Lelystad-Lemmer)-253
Vaarwegkilometer: 0
Plaatsing: Rechter oever
Orientatie: 333°

https://data.rws.nl/id/a/verkeersbord-21693</desc>
    <sym>vhf_b11a</sym>
    <type>RWS VHF-bord</type>
  </wpt>
  <wpt lat="52.6331476" lon="5.0650088">
    <name>B.11.a - VHF 74</name>
    <desc>B.11.a - Verplichting gebruik te maken van marifoon overeenkomstig de daartoe bij algemene regeling vastgestelde voorschriften
VHF 74

Locatie: MMMM Markermeer (Ijmeer, Amsterdam-Lelystad, Almere-Enkhuizen, Oostvaardersdiep-Zuid; MarkermeerOostvaardersdiep Noord)-109
Vaarwegkilometer: 0
Plaatsing: Rechter oever
Orientatie: 318°

https://data.rws.nl/id/a/verkeersbord-21187</desc>
    <sym>vhf_b11a</sym>
    <type>RWS VHF-bord</type>
  </wpt>
  <wpt lat="52.0252637" lon="5.1156970">
    <name>E.23 - VHF 66</name>
    <desc>E.23 - Marifoonkanaal voor nautische informatie
VHF 66

Locatie: ARK2 Lekkanaal
Vaarwegkilometer: 43.929
Stroomrichting: Stroomopwaarts
Plaatsing: Rechter oever
Orientatie: 8°

https://data.rws.nl/id/a/verkeersbord-21512</desc>
    <sym>vhf_e23_66</sym>
    <type>RWS VHF-bord</type>
  </wpt>
  <wpt lat="53.2750339" lon="6.7518731">
    <name>E.23 - VHF 81</name>
    <desc>E.23 - Marifoonkanaal voor nautische informatie
VHF 81

Locatie: Kanaalvak 006,847-015,545 EMK Woldbrug - Woltersum
Vaarwegkilometer: 14.571
Stroomrichting: Stroomopwaarts
Plaatsing: Linker oever
Orientatie: 57°

https://data.rws.nl/id/a/verkeersbord-22978</desc>
    <sym>vhf_e23_81</sym>
    <type>RWS VHF-bord</type>
  </wpt>
  <wpt lat="51.8243265" lon="4.0381078">
    <name>E.23 - VHF 20</name>
    <desc>E.23 - Marifoonkanaal voor nautische informatie
VHF 20

Locatie: 117 Haringvlie
Vaarwegkilometer: 1029.7
Stroomrichting: Stroomopwaarts
Plaatsing: Kunstwerk
Orientatie: 131°

https://data.rws.nl/id/a/verkeersbord-41776</desc>
    <sym>vhf_e23_20</sym>
    <type>RWS VHF-bord</type>
  </wpt>
  <wpt lat="51.2420660" lon="5.6582031">
    <name>E.23 - VHF 18</name>
    <desc>E.23 - Marifoonkanaal voor nautische informatie
VHF 18

Locatie: WR08
Vaarwegkilometer: 0
Stroomrichting: Stroomafwaarts
Plaatsing: Rechter oever
Orientatie: 148°

https://data.rws.nl/id/a/verkeersbord-47043</desc>
    <sym>vhf_e23_18</sym>
    <type>RWS VHF-bord</type>
  </wpt>
  <wpt lat="51.6887388" lon="4.4074355">
    <name>B.11.a - VHF 25</name>
    <desc>B.11.a - Verplichting gebruik te maken van marifoon overeenkomstig de daartoe bij algemene regeling vastgestelde voorschriften
VHF 25

Locatie: 108C Hollandsch Diep (benedenstrooms van oversteek)-152
Vaarwegkilometer: 1000
Stroomrichting: Stroomopwaarts
Plaatsing: Kunstwerk
Orientatie: 50°

https://data.rws.nl/id/a/verkeersbord-42049</desc>
    <sym>vhf_b11a</sym>
    <type>RWS VHF-bord</type>
  </wpt>
  <wpt lat="51.3408341" lon="3.8175335">
    <name>B.11.b - VHF 18</name>
    <desc>B.11.b - Verplichting zich te melden op het aangegeven marifoonkanaal
VHF 18

Locatie: NMZ1 Westerschelde (noordelijke oevers en Westerschelde)-179
Vaarwegkilometer: 0
Plaatsing: Kunstwerk
Orientatie: 0°

https://data.rws.nl/id/a/verkeersbord-44775</desc>
    <sym>vhf_b11b_18</sym>
    <type>RWS VHF-bord</type>
  </wpt>
  <wpt lat="52.5178939" lon="5.4389748">
    <name>B.11.b - VHF 14</name>
    <desc>B.11.b - Verplichting zich te melden op het aangegeven marifoonkanaal
VHF 14

Locatie: MMMM Markermeer (Ijmeer, Amsterdam-Lelystad, Almere-Enkhuizen, Oostvaardersdiep-Zuid; MarkermeerOostvaardersdiep Noord)
Vaarwegkilometer: 0
Plaatsing: Rechter oever
Orientatie: 0°

https://data.rws.nl/id/a/verkeersbord-22103</desc>
    <sym>vhf_b11b_14</sym>
    <type>RWS VHF-bord</type>
  </wpt>
  <wpt lat="51.9979629" lon="5.1254070">
    <name>E.23 - VHF 18</name>
    <desc>E.23 - Marifoonkanaal voor nautische informatie
VHF 18

Locatie: RL 3, Amsterdam-Rijnkanaal - Vreeswijk - 510
Vaarwegkilometer: 947.775
Stroomrichting: Stroomopwaarts
Plaatsing: Rechter oever
Orientatie: 0°

https://data.rws.nl/id/a/verkeersbord-24769</desc>
    <sym>vhf_e23_18</sym>
    <type>RWS VHF-bord</type>
  </wpt>
  <wpt lat="51.8711256" lon="4.3313245">
    <name>E.23 - VHF 18</name>
    <desc>E.23 - Marifoonkanaal voor nautische informatie
VHF 18

Locatie: 111B
Vaarwegkilometer: 1004.1
Stroomrichting: Stroomafwaarts
Plaatsing: Kunstwerk
Orientatie: 341°

https://data.rws.nl/id/a/verkeersbord-42302</desc>
    <sym>vhf_e23_18</sym>
    <type>RWS VHF-bord</type>
  </wpt>
  <wpt lat="51.3268405" lon="3.8187402">
    <name>B.11.b - VHF 11</name>
    <desc>B.11.b - Verplichting zich te melden op het aangegeven marifoonkanaal
VHF 11

Locatie: NMZ1 Westerschelde (noordelijke oevers en Westerschelde)-409
Vaarwegkilometer: 0
Plaatsing: Kunstwerk
Orientatie: 339°

https://data.rws.nl/id/a/verkeersbord-44783</desc>
    <sym>vhf_b11b_11</sym>
    <type>RWS VHF-bord</type>
  </wpt>
  <wpt lat="51.6816253" lon="5.3728502">
    <name>B.11.b - VHF 85</name>
    <desc>B.11.b - Verplichting zich te melden op het aangegeven marifoonkanaal
VHF 85

Locatie: BK01 Maximakanaal 58
Vaarwegkilometer: 0
Orientatie: 0°

https://data.rws.nl/id/a/verkeersbord-49574</desc>
    <sym>vhf_b11b_85</sym>
    <type>RWS VHF-bord</type>
  </wpt>
  <wpt lat="52.3803276" lon="4.9578259">
    <name>B.11.a - VHF 60</name>
    <desc>B.11.a - Verplichting gebruik te maken van marifoon overeenkomstig de daartoe bij algemene regeling vastgestelde voorschriften
VHF 60

Locatie: Bord 316: NZK5 Sluizen te IJmuiden &amp; Noorzeekanaal tot IJ Lekkanaal-333
Vaarwegkilometer: 0
Stroomrichting: Stroomopwaarts
Plaatsing: Rechter oever
Orientatie: 0°

https://data.rws.nl/id/a/verkeersbord-41102</desc>
    <sym>vhf_b11a</sym>
    <type>RWS VHF-bord</type>
  </wpt>
  <wpt lat="51.4496738" lon="4.0111744">
    <name>E.23</name>
    <desc>E.23 - Marifoonkanaal voor nautische informatie

Locatie: SR6 Kanaal door Zuid-Beveland (incl. sluizen complex Hansweert)-17
Vaarwegkilometer: 0
Stroomrichting: Stroomopwaarts
Plaatsing: Linker oever
Orientatie: 0°

https://data.rws.nl/id/a/verkeersbord-53369</desc>
    <sym>vhf_e23_unknown</sym>
    <type>RWS VHF-bord</type>
  </wpt>
  <wpt lat="53.0549001" lon="5.3954535">
    <name>E.23 - VHF 84</name>
    <desc>E.23 - Marifoonkanaal voor nautische informatie
VHF 84

Locatie: YMYM Ijsselmeer (Enkhuizen-Den Oever; Enkhuizen-Lemmer; Ketelmeer-VAL; URK-Kornwerderzand; Lelystad-Lemmer)
Vaarwegkilometer: 0
Plaatsing: Rechter oever
Orientatie: 0°

https://data.rws.nl/id/a/verkeersbord-22363</desc>
    <sym>vhf_e23_84</sym>
    <type>RWS VHF-bord</type>
  </wpt>
  <wpt lat="53.3554713" lon="5.2194098">
    <name>E.23 - VHF 12</name>
    <desc>E.23 - Marifoonkanaal voor nautische informatie
VHF 12

Locatie: Nog in te winnen
Vaarwegkilometer: 0
Stroomrichting: Stroomopwaarts
Plaatsing: Haven
Orientatie: 255°

https://data.rws.nl/id/a/verkeersbord-23639</desc>
    <sym>vhf_e23_12</sym>
    <type>RWS VHF-bord</type>
  </wpt>
  <wpt lat="51.8991521" lon="5.5395414">
    <name>B.11.b - VHF 69</name>
    <desc>B.11.b - Verplichting zich te melden op het aangegeven marifoonkanaal
VHF 69

Locatie: BR2 Nijmegen - Tiel - 1578
Vaarwegkilometer: 907.73
Plaatsing: Rechter oever
Orientatie: 0°

https://data.rws.nl/id/a/verkeersbord-24859</desc>
    <sym>vhf_b11b_69</sym>
    <type>RWS VHF-bord</type>
  </wpt>
  <wpt lat="51.2557726" lon="5.6980751">
    <name>E.23 - VHF 22</name>
    <desc>E.23 - Marifoonkanaal voor nautische informatie
VHF 22

Locatie: WR08
Vaarwegkilometer: 0
Stroomrichting: Stroomafwaarts
Plaatsing: Rechter oever
Orientatie: 139°

https://data.rws.nl/id/a/verkeersbord-46711</desc>
    <sym>vhf_e23_22</sym>
    <type>RWS VHF-bord</type>
  </wpt>
  <wpt lat="52.5893398" lon="6.0882241">
    <name>E.23 - VHF 81</name>
    <desc>E.23 - Marifoonkanaal voor nautische informatie
VHF 81

Locatie: ZW2, Zwarte Water - 6113
Vaarwegkilometer: 11.23
Stroomrichting: Stroomopwaarts
Plaatsing: Linker oever
Orientatie: 360°

https://data.rws.nl/id/a/verkeersbord-51650</desc>
    <sym>vhf_e23_81</sym>
    <type>RWS VHF-bord</type>
  </wpt>
  <wpt lat="51.9739591" lon="5.2985592">
    <name>E.23 - VHF 66</name>
    <desc>E.23 - Marifoonkanaal voor nautische informatie
VHF 66

Locatie: ARK3 Amsterdam Rijnkanaal
Vaarwegkilometer: 57.43
Stroomrichting: Stroomafwaarts
Plaatsing: Rechter oever
Orientatie: 295°

https://data.rws.nl/id/a/verkeersbord-22505</desc>
    <sym>vhf_e23_66</sym>
    <type>RWS VHF-bord</type>
  </wpt>
  <wpt lat="53.4353930" lon="5.7763247">
    <name>E.23 - VHF 31</name>
    <desc>E.23 - Marifoonkanaal voor nautische informatie
VHF 31

Locatie: Nog in te winnen
Vaarwegkilometer: 0
Stroomrichting: Stroomopwaarts
Plaatsing: Haven
Orientatie: 179°

https://data.rws.nl/id/a/verkeersbord-23515</desc>
    <sym>vhf_e23_31</sym>
    <type>RWS VHF-bord</type>
  </wpt>
  <wpt lat="51.4742677" lon="4.0068138">
    <name>E.23</name>
    <desc>E.23 - Marifoonkanaal voor nautische informatie

Locatie: SR6 Kanaal door Zuid-Beveland (incl. sluizen complex Hansweert)-32
Vaarwegkilometer: 0
Plaatsing: Rechter oever
Orientatie: 0°

https://data.rws.nl/id/a/verkeersbord-53429</desc>
    <sym>vhf_e23_unknown</sym>
    <type>RWS VHF-bord</type>
  </wpt>
  <wpt lat="52.8451538" lon="5.6737991">
    <name>E.23 - VHF 20</name>
    <desc>E.23 - Marifoonkanaal voor nautische informatie
VHF 20

Locatie: Kanaalvak 117,190-117,924 PMK Voorhaven Pr. Margrietsluis
Vaarwegkilometer: 117.89
Stroomrichting: Stroomopwaarts
Plaatsing: Linker oever
Orientatie: 0°

https://data.rws.nl/id/a/verkeersbord-23871</desc>
    <sym>vhf_e23_20</sym>
    <type>RWS VHF-bord</type>
  </wpt>
  <wpt lat="51.5240300" lon="4.2237949">
    <name>B.11.a</name>
    <desc>B.11.a - Verplichting gebruik te maken van marifoon overeenkomstig de daartoe bij algemene regeling vastgestelde voorschriften

Locatie: SR1 Krammer-Volkerak-Eendracht-Zoomm.(incl. Kreekraksluizen)-37
Vaarwegkilometer: 0
Stroomrichting: Stroomopwaarts
Plaatsing: Linker oever
Orientatie: 0°

https://data.rws.nl/id/a/verkeersbord-45197</desc>
    <sym>vhf_b11a</sym>
    <type>RWS VHF-bord</type>
  </wpt>
  <wpt lat="53.2078163" lon="6.0986757">
    <name>E.23 - VHF 81</name>
    <desc>E.23 - Marifoonkanaal voor nautische informatie
VHF 81

Locatie: Kanaalvak 052,870-066,060 PMK Stroobos - Bergummermeer
Vaarwegkilometer: 62.511
Stroomrichting: Stroomafwaarts
Plaatsing: Linker oever
Orientatie: 224°

https://data.rws.nl/id/a/verkeersbord-23295</desc>
    <sym>vhf_e23_81</sym>
    <type>RWS VHF-bord</type>
  </wpt>
  <wpt lat="52.9554030" lon="4.7805244">
    <name>E.23 - VHF 18</name>
    <desc>E.23 - Marifoonkanaal voor nautische informatie
VHF 18

Locatie: Nog in te winnen
Vaarwegkilometer: 0
Stroomrichting: Stroomopwaarts
Plaatsing: Haven
Orientatie: 319°

https://data.rws.nl/id/a/verkeersbord-23609</desc>
    <sym>vhf_e23_18</sym>
    <type>RWS VHF-bord</type>
  </wpt>
  <wpt lat="51.9035131" lon="5.5763713">
    <name>B.11.b - VHF 69</name>
    <desc>B.11.b - Verplichting zich te melden op het aangegeven marifoonkanaal
VHF 69

Locatie: BR2 Nijmegen - Tiel - 202
Vaarwegkilometer: 905.19
Stroomrichting: Stroomafwaarts
Plaatsing: Rechter oever
Orientatie: 0°

https://data.rws.nl/id/a/verkeersbord-24396</desc>
    <sym>vhf_b11b_69</sym>
    <type>RWS VHF-bord</type>
  </wpt>
  <wpt lat="51.8298348" lon="4.9388643">
    <name>E.23 - VHF 18</name>
    <desc>E.23 - Marifoonkanaal voor nautische informatie
VHF 18

Locatie: 101D Boven-Merwede-230
Vaarwegkilometer: 957.1
Plaatsing: Rechter oever
Orientatie: 0°

https://data.rws.nl/id/a/verkeersbord-44320</desc>
    <sym>vhf_e23_18</sym>
    <type>RWS VHF-bord</type>
  </wpt>
  <wpt lat="53.0744274" lon="5.8172938">
    <name>E.23 - VHF 18</name>
    <desc>E.23 - Marifoonkanaal voor nautische informatie
VHF 18

Locatie: Kanaalvak 085,475-089,410 PMK Nieuw Kanaal
Vaarwegkilometer: 88.41
Stroomrichting: Stroomopwaarts
Plaatsing: Linker oever
Orientatie: 45°

https://data.rws.nl/id/a/verkeersbord-23490</desc>
    <sym>vhf_e23_18</sym>
    <type>RWS VHF-bord</type>
  </wpt>
  <wpt lat="52.3179878" lon="5.5621616">
    <name>E.23 - VHF 31</name>
    <desc>E.23 - Marifoonkanaal voor nautische informatie
VHF 31

Locatie: ROWN Wolderwijd/Nuldernauw-41
Vaarwegkilometer: 0
Plaatsing: Rechter oever
Orientatie: 0°

https://data.rws.nl/id/a/verkeersbord-22010</desc>
    <sym>vhf_e23_31</sym>
    <type>RWS VHF-bord</type>
  </wpt>
  <wpt lat="51.9228846" lon="5.4248565">
    <name>E.23 - VHF 66</name>
    <desc>E.23 - Marifoonkanaal voor nautische informatie
VHF 66

Locatie: ARK4 Amsterdam Rijnkanaal
Vaarwegkilometer: 67.85
Stroomrichting: Stroomopwaarts
Plaatsing: Linker oever
Orientatie: 127°

https://data.rws.nl/id/a/verkeersbord-22715</desc>
    <sym>vhf_e23_66</sym>
    <type>RWS VHF-bord</type>
  </wpt>
  <wpt lat="53.1993986" lon="6.0595346">
    <name>E.23 - VHF 81</name>
    <desc>E.23 - Marifoonkanaal voor nautische informatie
VHF 81

Locatie: Kanaalvak 052,870-066,060 PMK Stroobos - Bergummermeer
Vaarwegkilometer: 65.324
Stroomrichting: Stroomopwaarts
Plaatsing: Linker oever
Orientatie: 0°

https://data.rws.nl/id/a/verkeersbord-53139</desc>
    <sym>vhf_e23_81</sym>
    <type>RWS VHF-bord</type>
  </wpt>
  <wpt lat="51.8125608" lon="5.4724309">
    <name>E.23 - VHF 22</name>
    <desc>E.23 - Marifoonkanaal voor nautische informatie
VHF 22
Vaarwegkilometer: 199.6
Stroomrichting: Stroomafwaarts
Plaatsing: Linker oever
Orientatie: 52°

https://data.rws.nl/id/a/verkeersbord-47459</desc>
    <sym>vhf_e23_22</sym>
    <type>RWS VHF-bord</type>
  </wpt>
  <wpt lat="52.9369863" lon="5.0363833">
    <name>E.23 - VHF 20</name>
    <desc>E.23 - Marifoonkanaal voor nautische informatie
VHF 20

Locatie: WAD2 Waddenzee-west-73
Vaarwegkilometer: 0
Plaatsing: Rechter oever
Orientatie: 223°

https://data.rws.nl/id/a/verkeersbord-22252</desc>
    <sym>vhf_e23_20</sym>
    <type>RWS VHF-bord</type>
  </wpt>
  <wpt lat="53.2275985" lon="6.1730265">
    <name>E.23 - VHF 81</name>
    <desc>E.23 - Marifoonkanaal voor nautische informatie
VHF 81

Locatie: Kanaalvak 052,870-066,060 PMK Stroobos - Bergummermeer
Vaarwegkilometer: 56.743
Stroomrichting: Stroomopwaarts
Plaatsing: Linker oever
Orientatie: 60°

https://data.rws.nl/id/a/verkeersbord-23305</desc>
    <sym>vhf_e23_81</sym>
    <type>RWS VHF-bord</type>
  </wpt>
  <wpt lat="52.9129005" lon="5.6995278">
    <name>E.23 - VHF 81</name>
    <desc>E.23 - Marifoonkanaal voor nautische informatie
VHF 81

Locatie: Kanaalvak 107,760-111,850 PMK Stroomkanaal
Vaarwegkilometer: 110.1
Stroomrichting: Stroomafwaarts
Plaatsing: Rechter oever
Orientatie: 349°

https://data.rws.nl/id/a/verkeersbord-23788</desc>
    <sym>vhf_e23_81</sym>
    <type>RWS VHF-bord</type>
  </wpt>
  <wpt lat="52.7456710" lon="5.1794014">
    <name>E.23 - VHF 31</name>
    <desc>E.23 - Marifoonkanaal voor nautische informatie
VHF 31

Locatie: YMYM Ijsselmeer (Enkhuizen-Den Oever; Enkhuizen-Lemmer; Ketelmeer-VAL; URK-Kornwerderzand; Lelystad-Lemmer)-274
Vaarwegkilometer: 0
Plaatsing: Rechter oever
Orientatie: 107°

https://data.rws.nl/id/a/verkeersbord-21552</desc>
    <sym>vhf_e23_31</sym>
    <type>RWS VHF-bord</type>
  </wpt>
  <wpt lat="51.6647210" lon="4.1592024">
    <name>B.11.b</name>
    <desc>B.11.b - Verplichting zich te melden op het aangegeven marifoonkanaal

Locatie: SR5 Oosterschelde-Oost ,(incl. Krammersluizen, Bergsediepsl., Oesterdam, Philipsdam, oostmond Zandkreek-17
Vaarwegkilometer: 0
Plaatsing: Kunstwerk
Orientatie: 0°

https://data.rws.nl/id/a/verkeersbord-53477</desc>
    <sym>vhf_b11b_unknown</sym>
    <type>RWS VHF-bord</type>
  </wpt>
  <wpt lat="52.4315637" lon="4.7185433">
    <name>E.23 - VHF 18</name>
    <desc>E.23 - Marifoonkanaal voor nautische informatie
VHF 18

Locatie: Bord 157: NZK5 Sluizen te IJmuiden &amp; Noorzeekanaal tot IJ Lekkanaal-157
Vaarwegkilometer: 0
Stroomrichting: Stroomopwaarts
Plaatsing: Rechter oever
Orientatie: 0°

https://data.rws.nl/id/a/verkeersbord-40980</desc>
    <sym>vhf_e23_18</sym>
    <type>RWS VHF-bord</type>
  </wpt>
  <wpt lat="52.2393969" lon="6.6543623">
    <name>E.23 - VHF 18</name>
    <desc>E.23 - Marifoonkanaal voor nautische informatie
VHF 18

Locatie: TK2 Twentekanaal van Bolksbeek tot Enschede km 20,7 -48,3 - 342
Vaarwegkilometer: 34.52
Stroomrichting: Stroomopwaarts
Plaatsing: Rechter oever
Orientatie: 0°

https://data.rws.nl/id/a/verkeersbord-31123</desc>
    <sym>vhf_e23_18</sym>
    <type>RWS VHF-bord</type>
  </wpt>
  <wpt lat="51.9500587" lon="5.3713752">
    <name>B.11.b - VHF 60</name>
    <desc>B.11.b - Verplichting zich te melden op het aangegeven marifoonkanaal
VHF 60

Locatie: ARK4 Amsterdam Rijnkanaal
Vaarwegkilometer: 63.1
Stroomrichting: Stroomafwaarts
Plaatsing: Rechter oever
Orientatie: 304°

https://data.rws.nl/id/a/verkeersbord-22677</desc>
    <sym>vhf_b11b_60</sym>
    <type>RWS VHF-bord</type>
  </wpt>
  <wpt lat="53.3058914" lon="6.8480001">
    <name>E.23 - VHF 81</name>
    <desc>E.23 - Marifoonkanaal voor nautische informatie
VHF 81

Locatie: Kanaalvak 006,847-015,545 EMK Woldbrug - Woltersum
Vaarwegkilometer: 7.286
Stroomrichting: Stroomopwaarts
Plaatsing: Rechter oever
Orientatie: 335°

https://data.rws.nl/id/a/verkeersbord-24164</desc>
    <sym>vhf_e23_81</sym>
    <type>RWS VHF-bord</type>
  </wpt>
  <wpt lat="51.9229042" lon="5.4249027">
    <name>E.23 - VHF 18</name>
    <desc>E.23 - Marifoonkanaal voor nautische informatie
VHF 18

Locatie: ARK4 Amsterdam Rijnkanaal
Vaarwegkilometer: 67.85
Stroomrichting: Stroomopwaarts
Plaatsing: Linker oever
Orientatie: 127°

https://data.rws.nl/id/a/verkeersbord-22716</desc>
    <sym>vhf_e23_18</sym>
    <type>RWS VHF-bord</type>
  </wpt>
  <wpt lat="53.0749875" lon="5.8182874">
    <name>E.23 - VHF 18</name>
    <desc>E.23 - Marifoonkanaal voor nautische informatie
VHF 18

Locatie: Kanaalvak 085,475-089,410 PMK Nieuw Kanaal
Vaarwegkilometer: 88.278
Stroomrichting: Stroomopwaarts
Plaatsing: Linker oever
Orientatie: 360°

https://data.rws.nl/id/a/verkeersbord-52458</desc>
    <sym>vhf_e23_18</sym>
    <type>RWS VHF-bord</type>
  </wpt>
  <wpt lat="53.0795931" lon="5.3341807">
    <name>E.23 - VHF 18</name>
    <desc>E.23 - Marifoonkanaal voor nautische informatie
VHF 18

Locatie: WAD2 Waddenzee-west-42
Vaarwegkilometer: 0
Plaatsing: Rechter oever
Orientatie: 238°

https://data.rws.nl/id/a/verkeersbord-21641</desc>
    <sym>vhf_e23_18</sym>
    <type>RWS VHF-bord</type>
  </wpt>
  <wpt lat="52.9245134" lon="5.0501140">
    <name>E.23 - VHF 20</name>
    <desc>E.23 - Marifoonkanaal voor nautische informatie
VHF 20

Locatie: YMYM Ijsselmeer (Enkhuizen-Den Oever; Enkhuizen-Lemmer; Ketelmeer-VAL; URK-Kornwerderzand; Lelystad-Lemmer)-22
Vaarwegkilometer: 0
Plaatsing: Rechter oever
Orientatie: 0°

https://data.rws.nl/id/a/verkeersbord-21179</desc>
    <sym>vhf_e23_20</sym>
    <type>RWS VHF-bord</type>
  </wpt>
  <wpt lat="52.7737758" lon="5.1125517">
    <name>B.11.a - VHF 9</name>
    <desc>B.11.a - Verplichting gebruik te maken van marifoon overeenkomstig de daartoe bij algemene regeling vastgestelde voorschriften
VHF 9

Locatie: YMYM Ijsselmeer (Enkhuizen-Den Oever; Enkhuizen-Lemmer; Ketelmeer-VAL; URK-Kornwerderzand; Lelystad-Lemmer)-281
Vaarwegkilometer: 0
Plaatsing: Rechter oever
Orientatie: 0°

https://data.rws.nl/id/a/verkeersbord-21262</desc>
    <sym>vhf_b11a</sym>
    <type>RWS VHF-bord</type>
  </wpt>
  <wpt lat="51.6922112" lon="4.4105246">
    <name>B.11.a - VHF 7</name>
    <desc>B.11.a - Verplichting gebruik te maken van marifoon overeenkomstig de daartoe bij algemene regeling vastgestelde voorschriften
VHF 7

Locatie: 108C Hollandsch Diep (benedenstrooms van oversteek)-154
Vaarwegkilometer: 999.8
Stroomrichting: Stroomopwaarts
Plaatsing: Kunstwerk
Orientatie: 0°

https://data.rws.nl/id/a/verkeersbord-42068</desc>
    <sym>vhf_b11a</sym>
    <type>RWS VHF-bord</type>
  </wpt>
  <wpt lat="52.5840010" lon="5.7787767">
    <name>E.23 - VHF 1</name>
    <desc>E.23 - Marifoonkanaal voor nautische informatie
VHF 1

Locatie: YS3, IJssel van Zwolle-IJsselkanaal tot Ketelmeer - 3609
Vaarwegkilometer: 1005.95
Stroomrichting: Stroomopwaarts
Plaatsing: Rechter oever
Orientatie: 360°

https://data.rws.nl/id/a/verkeersbord-50791</desc>
    <sym>vhf_e23_1</sym>
    <type>RWS VHF-bord</type>
  </wpt>
  <wpt lat="51.8272648" lon="4.7125204">
    <name>B.11.a - VHF 14</name>
    <desc>B.11.a - Verplichting gebruik te maken van marifoon overeenkomstig de daartoe bij algemene regeling vastgestelde voorschriften
VHF 14

Locatie: 101E Beneden Merwede-274
Vaarwegkilometer: 973.3
Plaatsing: Rechter oever
Orientatie: 0°

https://data.rws.nl/id/a/verkeersbord-44177</desc>
    <sym>vhf_b11a</sym>
    <type>RWS VHF-bord</type>
  </wpt>
  <wpt lat="53.0823141" lon="5.8348338">
    <name>E.23 - VHF 18</name>
    <desc>E.23 - Marifoonkanaal voor nautische informatie
VHF 18

Locatie: Kanaalvak 085,475-089,410 PMK Nieuw Kanaal
Vaarwegkilometer: 86.87
Stroomrichting: Stroomafwaarts
Plaatsing: Rechter oever
Orientatie: 213°

https://data.rws.nl/id/a/verkeersbord-23454</desc>
    <sym>vhf_e23_18</sym>
    <type>RWS VHF-bord</type>
  </wpt>
  <wpt lat="52.3831017" lon="4.9583810">
    <name>B.11.a - VHF 60</name>
    <desc>B.11.a - Verplichting gebruik te maken van marifoon overeenkomstig de daartoe bij algemene regeling vastgestelde voorschriften
VHF 60

Locatie: Bord 277: NZK5 Sluizen te IJmuiden &amp; Noorzeekanaal tot IJ Lekkanaal-277
Vaarwegkilometer: 0
Stroomrichting: Stroomopwaarts
Plaatsing: Rechter oever
Orientatie: 0°

https://data.rws.nl/id/a/verkeersbord-41045</desc>
    <sym>vhf_b11a</sym>
    <type>RWS VHF-bord</type>
  </wpt>
  <wpt lat="51.8217561" lon="4.0466243">
    <name>E.23 - VHF 20</name>
    <desc>E.23 - Marifoonkanaal voor nautische informatie
VHF 20

Locatie: 117 Haringvlie
Vaarwegkilometer: 1029
Stroomrichting: Stroomopwaarts
Plaatsing: Linker oever
Orientatie: 0°

https://data.rws.nl/id/a/verkeersbord-41850</desc>
    <sym>vhf_e23_20</sym>
    <type>RWS VHF-bord</type>
  </wpt>
  <wpt lat="53.2566074" lon="6.4069723">
    <name>E.23 - VHF 81</name>
    <desc>E.23 - Marifoonkanaal voor nautische informatie
VHF 81

Locatie: Kanaalvak 026,945-047,020 VSK Oostersluis - Gaarkeukensluis
Vaarwegkilometer: 40.462
Stroomrichting: Stroomafwaarts
Plaatsing: Rechter oever
Orientatie: 0°

https://data.rws.nl/id/a/verkeersbord-22871</desc>
    <sym>vhf_e23_81</sym>
    <type>RWS VHF-bord</type>
  </wpt>
  <wpt lat="51.6892347" lon="4.4067386">
    <name>B.11.a - VHF 25</name>
    <desc>B.11.a - Verplichting gebruik te maken van marifoon overeenkomstig de daartoe bij algemene regeling vastgestelde voorschriften
VHF 25

Locatie: 108C Hollandsch Diep (benedenstrooms van oversteek)-150
Vaarwegkilometer: 1000
Stroomrichting: Stroomopwaarts
Plaatsing: Kunstwerk
Orientatie: 50°

https://data.rws.nl/id/a/verkeersbord-42040</desc>
    <sym>vhf_b11a</sym>
    <type>RWS VHF-bord</type>
  </wpt>
  <wpt lat="51.2171729" lon="5.9803881">
    <name>E.23 - VHF 20</name>
    <desc>E.23 - Marifoonkanaal voor nautische informatie
VHF 20

Locatie: WR06 Maas Belf
Vaarwegkilometer: 81.7
Stroomrichting: Stroomafwaarts
Plaatsing: Linker oever
Orientatie: 0°

https://data.rws.nl/id/a/verkeersbord-48628</desc>
    <sym>vhf_e23_20</sym>
    <type>RWS VHF-bord</type>
  </wpt>
  <wpt lat="52.0359417" lon="5.1173615">
    <name>E.23 - VHF 66</name>
    <desc>E.23 - Marifoonkanaal voor nautische informatie
VHF 66

Locatie: ARK3 Amsterdam Rijnkanaal
Vaarwegkilometer: 42.92
Stroomrichting: Stroomafwaarts
Plaatsing: Rechter oever
Orientatie: 324°

https://data.rws.nl/id/a/verkeersbord-22464</desc>
    <sym>vhf_e23_66</sym>
    <type>RWS VHF-bord</type>
  </wpt>
  <wpt lat="51.1952950" lon="5.9788672">
    <name>E.23 - VHF 20</name>
    <desc>E.23 - Marifoonkanaal voor nautische informatie
VHF 20

Locatie: WR06 Maas Belf
Vaarwegkilometer: 79.1
Plaatsing: Rechter oever
Orientatie: 0°

https://data.rws.nl/id/a/verkeersbord-48546</desc>
    <sym>vhf_e23_20</sym>
    <type>RWS VHF-bord</type>
  </wpt>
  <wpt lat="51.8256594" lon="5.2935562">
    <name>B.11.b - VHF 68</name>
    <desc>B.11.b - Verplichting zich te melden op het aangegeven marifoonkanaal
VHF 68

Locatie: BR3 Tiel - Zaltbommel - 268
Vaarwegkilometer: 931.15
Stroomrichting: Stroomopwaarts
Plaatsing: Rechter oever
Orientatie: 0°

https://data.rws.nl/id/a/verkeersbord-24274</desc>
    <sym>vhf_b11b_68</sym>
    <type>RWS VHF-bord</type>
  </wpt>
  <wpt lat="51.9701822" lon="5.9266592">
    <name>E.23 - VHF 12</name>
    <desc>E.23 - Marifoonkanaal voor nautische informatie
VHF 12

Locatie: RL 2, IJsselkop - Amsterdam-Rijnkanaal - 708
Vaarwegkilometer: 881.67
Stroomrichting: Stroomopwaarts
Plaatsing: Rechter oever
Orientatie: 0°

https://data.rws.nl/id/a/verkeersbord-25413</desc>
    <sym>vhf_e23_12</sym>
    <type>RWS VHF-bord</type>
  </wpt>
  <wpt lat="51.6920079" lon="4.4108196">
    <name>B.11.a - VHF 7</name>
    <desc>B.11.a - Verplichting gebruik te maken van marifoon overeenkomstig de daartoe bij algemene regeling vastgestelde voorschriften
VHF 7

Locatie: 108C Hollandsch Diep (benedenstrooms van oversteek)-155
Vaarwegkilometer: 999.8
Stroomrichting: Stroomopwaarts
Plaatsing: Kunstwerk
Orientatie: 0°

https://data.rws.nl/id/a/verkeersbord-42071</desc>
    <sym>vhf_b11a</sym>
    <type>RWS VHF-bord</type>
  </wpt>
  <wpt lat="51.9742188" lon="5.8362677">
    <name>E.23 - VHF 20</name>
    <desc>E.23 - Marifoonkanaal voor nautische informatie
VHF 20

Locatie: RL 2, IJsselkop - Amsterdam-Rijnkanaal - 1780
Vaarwegkilometer: 889.06
Stroomrichting: Stroomafwaarts
Plaatsing: Rechter oever
Orientatie: 0°

https://data.rws.nl/id/a/verkeersbord-24895</desc>
    <sym>vhf_e23_20</sym>
    <type>RWS VHF-bord</type>
  </wpt>
  <wpt lat="51.8280432" lon="4.9667124">
    <name>E.23 - VHF 71</name>
    <desc>E.23 - Marifoonkanaal voor nautische informatie
VHF 71

Locatie: 101D Boven-Mer
Vaarwegkilometer: 955.5
Stroomrichting: Stroomopwaarts
Plaatsing: Rechter oever
Orientatie: 0°

https://data.rws.nl/id/a/verkeersbord-44509</desc>
    <sym>vhf_e23_71</sym>
    <type>RWS VHF-bord</type>
  </wpt>
  <wpt lat="51.8353199" lon="4.6629965">
    <name>B.11.a - VHF 71</name>
    <desc>B.11.a - Verplichting gebruik te maken van marifoon overeenkomstig de daartoe bij algemene regeling vastgestelde voorschriften
VHF 71

Locatie: 101F Noord
Vaarwegkilometer: 978
Plaatsing: Rechter oever
Orientatie: 331°

https://data.rws.nl/id/a/verkeersbord-44491</desc>
    <sym>vhf_b11a</sym>
    <type>RWS VHF-bord</type>
  </wpt>
  <wpt lat="52.4696953" lon="4.6219858">
    <name>B.11.a - VHF 22</name>
    <desc>B.11.a - Verplichting gebruik te maken van marifoon overeenkomstig de daartoe bij algemene regeling vastgestelde voorschriften
VHF 22

Locatie: Bord 99: NZK5 Sluizen te IJmuiden &amp; Noorzeekanaal tot IJ Lekkanaal-99
Vaarwegkilometer: 0
Plaatsing: Rechter oever
Orientatie: 0°

https://data.rws.nl/id/a/verkeersbord-40920</desc>
    <sym>vhf_b11a</sym>
    <type>RWS VHF-bord</type>
  </wpt>
  <wpt lat="53.3134375" lon="6.9310284">
    <name>B.11.b - VHF 66</name>
    <desc>B.11.b - Verplichting zich te melden op het aangegeven marifoonkanaal
VHF 66

Locatie: Kanaalvak 000,000-006,847 EMK Zeesluizen Farmsum - Woldbrug
Vaarwegkilometer: 1.58
Stroomrichting: Stroomafwaarts
Plaatsing: Rechter oever
Orientatie: 230°

https://data.rws.nl/id/a/verkeersbord-24154</desc>
    <sym>vhf_b11b_66</sym>
    <type>RWS VHF-bord</type>
  </wpt>
  <wpt lat="51.5439248" lon="3.8654909">
    <name>E.23</name>
    <desc>E.23 - Marifoonkanaal voor nautische informatie
Plaatsing: Linker oever

https://data.rws.nl/id/a/verkeersbord-53244</desc>
    <sym>vhf_e23_unknown</sym>
    <type>RWS VHF-bord</type>
  </wpt>
  <wpt lat="51.7438822" lon="5.3296414">
    <name>B.11.b - Klasse IV</name>
    <desc>B.11.b - Verplichting zich te melden op het aangegeven marifoonkanaal
Klasse IV
Vaarwegkilometer: 7.6
Plaatsing: Linker oever
Orientatie: 360°

https://data.rws.nl/id/a/verkeersbord-53488</desc>
    <sym>vhf_b11b_unknown</sym>
    <type>RWS VHF-bord</type>
  </wpt>
  <wpt lat="51.9090120" lon="4.5616619">
    <name>B.11.a - VHF 81</name>
    <desc>B.11.a - Verplichting gebruik te maken van marifoon overeenkomstig de daartoe bij algemene regeling vastgestelde voorschriften
VHF 81

Locatie: 211 Hollandsche IJssel-276
Vaarwegkilometer: 19.45
Stroomrichting: Stroomafwaarts
Plaatsing: Rechter oever
Orientatie: 0°

https://data.rws.nl/id/a/verkeersbord-44125</desc>
    <sym>vhf_b11a</sym>
    <type>RWS VHF-bord</type>
  </wpt>
  <wpt lat="53.2605002" lon="6.4617784">
    <name>E.23 - VHF 81</name>
    <desc>E.23 - Marifoonkanaal voor nautische informatie
VHF 81

Locatie: Kanaalvak 026,945-047,020 VSK Oostersluis - Gaarkeukensluis
Vaarwegkilometer: 36.759
Stroomrichting: Stroomopwaarts
Plaatsing: Linker oever
Orientatie: 283°

https://data.rws.nl/id/a/verkeersbord-22879</desc>
    <sym>vhf_e23_81</sym>
    <type>RWS VHF-bord</type>
  </wpt>
  <wpt lat="52.9057042" lon="5.7000194">
    <name>E.23 - VHF 81</name>
    <desc>E.23 - Marifoonkanaal voor nautische informatie
VHF 81

Locatie: Kanaalvak 107,760-111,850 PMK Stroomkanaal
Vaarwegkilometer: 110.9
Stroomrichting: Stroomopwaarts
Plaatsing: Linker oever
Orientatie: 5°

https://data.rws.nl/id/a/verkeersbord-23713</desc>
    <sym>vhf_e23_81</sym>
    <type>RWS VHF-bord</type>
  </wpt>
  <wpt lat="52.4199419" lon="4.8148161">
    <name>E.23 - VHF 14</name>
    <desc>E.23 - Marifoonkanaal voor nautische informatie
VHF 14

Locatie: Verkeersbord
Vaarwegkilometer: 0
Stroomrichting: Stroomopwaarts
Plaatsing: Rechter oever
Orientatie: 0°

https://data.rws.nl/id/a/verkeersbord-40895</desc>
    <sym>vhf_e23_14</sym>
    <type>RWS VHF-bord</type>
  </wpt>
  <wpt lat="51.9817990" lon="5.4265411">
    <name>E.23 - VHF 20</name>
    <desc>E.23 - Marifoonkanaal voor nautische informatie
VHF 20

Locatie: RL 2, IJsselkop - Amsterdam-Rijnkanaal - 798
Vaarwegkilometer: 920.76
Stroomrichting: Stroomafwaarts
Plaatsing: Rechter oever
Orientatie: 0°

https://data.rws.nl/id/a/verkeersbord-24835</desc>
    <sym>vhf_e23_20</sym>
    <type>RWS VHF-bord</type>
  </wpt>
  <wpt lat="51.8689589" lon="5.4213880">
    <name>B.11.b - VHF 69</name>
    <desc>B.11.b - Verplichting zich te melden op het aangegeven marifoonkanaal
VHF 69

Locatie: BR3 Tiel - Zaltbommel - 207
Vaarwegkilometer: 917
Stroomrichting: Stroomopwaarts
Plaatsing: Rechter oever
Orientatie: 0°

https://data.rws.nl/id/a/verkeersbord-24327</desc>
    <sym>vhf_b11b_69</sym>
    <type>RWS VHF-bord</type>
  </wpt>
  <wpt lat="51.9561523" lon="5.6509196">
    <name>E.23 - VHF 12</name>
    <desc>E.23 - Marifoonkanaal voor nautische informatie
VHF 12

Locatie: RL 2, IJsselkop - Amsterdam-Rijnkanaal - 769
Vaarwegkilometer: 903.25
Plaatsing: Rechter oever
Orientatie: 0°

https://data.rws.nl/id/a/verkeersbord-25820</desc>
    <sym>vhf_e23_12</sym>
    <type>RWS VHF-bord</type>
  </wpt>
  <wpt lat="53.2589421" lon="6.4977431">
    <name>E.23 - VHF 81</name>
    <desc>E.23 - Marifoonkanaal voor nautische informatie
VHF 81

Locatie: Kanaalvak 026,945-047,020 VSK Oostersluis - Gaarkeukensluis
Vaarwegkilometer: 34.352
Stroomrichting: Stroomopwaarts
Plaatsing: Linker oever
Orientatie: 0°

https://data.rws.nl/id/a/verkeersbord-22884</desc>
    <sym>vhf_e23_81</sym>
    <type>RWS VHF-bord</type>
  </wpt>
  <wpt lat="53.0650313" lon="5.3396568">
    <name>E.23 - VHF 18</name>
    <desc>E.23 - Marifoonkanaal voor nautische informatie
VHF 18

Locatie: YMYM Ijsselmeer (Enkhuizen-Den Oever; Enkhuizen-Lemmer; Ketelmeer-VAL; URK-Kornwerderzand; Lelystad-Lemmer)-214
Vaarwegkilometer: 0
Plaatsing: Rechter oever
Orientatie: 0°

https://data.rws.nl/id/a/verkeersbord-21712</desc>
    <sym>vhf_e23_18</sym>
    <type>RWS VHF-bord</type>
  </wpt>
  <wpt lat="51.9074829" lon="4.5615123">
    <name>B.11.b - VHF 81</name>
    <desc>B.11.b - Verplichting zich te melden op het aangegeven marifoonkanaal
VHF 81

Locatie: 211 Hollandsche IJssel-357
Vaarwegkilometer: 19.566
Orientatie: 0°

https://data.rws.nl/id/a/verkeersbord-44220</desc>
    <sym>vhf_b11b_81</sym>
    <type>RWS VHF-bord</type>
  </wpt>
  <wpt lat="52.3377080" lon="5.1308113">
    <name>E.23 - VHF 31</name>
    <desc>E.23 - Marifoonkanaal voor nautische informatie
VHF 31

Locatie: MMMM Markermeer (Ijmeer, Amsterdam-Lelystad, Almere-Enkhuizen, Oostvaardersdiep-Zuid; MarkermeerOostvaardersdiep Noord)
Vaarwegkilometer: 0
Plaatsing: Rechter oever
Orientatie: 0°

https://data.rws.nl/id/a/verkeersbord-22405</desc>
    <sym>vhf_e23_31</sym>
    <type>RWS VHF-bord</type>
  </wpt>
  <wpt lat="52.4637015" lon="4.6212325">
    <name>B.11.a - VHF 22</name>
    <desc>B.11.a - Verplichting gebruik te maken van marifoon overeenkomstig de daartoe bij algemene regeling vastgestelde voorschriften
VHF 22

Locatie: Bord 31: NZK5 Sluizen te IJmuiden &amp; Noorzeekanaal tot IJ Lekkanaal-31
Vaarwegkilometer: 0
Stroomrichting: Stroomopwaarts
Plaatsing: Rechter oever
Orientatie: 0°

https://data.rws.nl/id/a/verkeersbord-40882</desc>
    <sym>vhf_b11a</sym>
    <type>RWS VHF-bord</type>
  </wpt>
  <wpt lat="51.8456006" lon="6.1598925">
    <name>B.11.b - VHF 64</name>
    <desc>B.11.b - Verplichting zich te melden op het aangegeven marifoonkanaal
VHF 64

Locatie: BR1 Lobith - Nijmegen - 38
Vaarwegkilometer: 858.28
Stroomrichting: Stroomafwaarts
Plaatsing: Rechter oever
Orientatie: 0°

https://data.rws.nl/id/a/verkeersbord-24577</desc>
    <sym>vhf_b11b_64</sym>
    <type>RWS VHF-bord</type>
  </wpt>
  <wpt lat="52.0157238" lon="5.1110303">
    <name>E.23 - VHF 20</name>
    <desc>E.23 - Marifoonkanaal voor nautische informatie
VHF 20

Locatie: ARK2 Lekkanaal
Vaarwegkilometer: 45.01
Stroomrichting: Stroomopwaarts
Plaatsing: Kunstwerk
Orientatie: 198°

https://data.rws.nl/id/a/verkeersbord-22320</desc>
    <sym>vhf_e23_20</sym>
    <type>RWS VHF-bord</type>
  </wpt>
  <wpt lat="52.3718571" lon="5.0143146">
    <name>B.11.a - VHF 60</name>
    <desc>B.11.a - Verplichting gebruik te maken van marifoon overeenkomstig de daartoe bij algemene regeling vastgestelde voorschriften
VHF 60

Locatie: Bord 363: NZK5 Sluizen te IJmuiden &amp; Noorzeekanaal tot IJ Lekkanaal-387
Vaarwegkilometer: 0
Stroomrichting: Stroomopwaarts
Plaatsing: Rechter oever
Orientatie: 0°

https://data.rws.nl/id/a/verkeersbord-41189</desc>
    <sym>vhf_b11a</sym>
    <type>RWS VHF-bord</type>
  </wpt>
  <wpt lat="52.3716754" lon="5.0138968">
    <name>E.23 - VHF 1</name>
    <desc>E.23 - Marifoonkanaal voor nautische informatie
VHF 1

Locatie: Bord 360: NZK5 Sluizen te IJmuiden &amp; Noorzeekanaal tot IJ Lekkanaal-384
Vaarwegkilometer: 0
Stroomrichting: Stroomopwaarts
Plaatsing: Rechter oever
Orientatie: 0°

https://data.rws.nl/id/a/verkeersbord-41120</desc>
    <sym>vhf_e23_1</sym>
    <type>RWS VHF-bord</type>
  </wpt>
  <wpt lat="52.6850699" lon="6.1524981">
    <name>E.23 - VHF 22</name>
    <desc>E.23 - Marifoonkanaal voor nautische informatie
VHF 22

Locatie: ZW3, Meppelerdiep - 6388
Vaarwegkilometer: 7.96
Stroomrichting: Stroomafwaarts
Plaatsing: Linker oever
Orientatie: 360°

https://data.rws.nl/id/a/verkeersbord-51280</desc>
    <sym>vhf_e23_22</sym>
    <type>RWS VHF-bord</type>
  </wpt>
  <wpt lat="51.6469030" lon="4.8230186">
    <name>E.23 - VHF 84</name>
    <desc>E.23 - Marifoonkanaal voor nautische informatie
VHF 84

Locatie: BK05 BK05-52
Vaarwegkilometer: 57
Stroomrichting: Stroomopwaarts
Plaatsing: Linker oever
Orientatie: 0°

https://data.rws.nl/id/a/verkeersbord-45499</desc>
    <sym>vhf_e23_84</sym>
    <type>RWS VHF-bord</type>
  </wpt>
  <wpt lat="51.8990360" lon="5.5394631">
    <name>B.11.b - VHF 64</name>
    <desc>B.11.b - Verplichting zich te melden op het aangegeven marifoonkanaal
VHF 64

Locatie: BR2 Nijmegen - Tiel - 1575
Vaarwegkilometer: 907.73
Plaatsing: Rechter oever
Orientatie: 0°

https://data.rws.nl/id/a/verkeersbord-24858</desc>
    <sym>vhf_b11b_64</sym>
    <type>RWS VHF-bord</type>
  </wpt>
  <wpt lat="52.0480824" lon="5.1048410">
    <name>E.23 - VHF 78</name>
    <desc>E.23 - Marifoonkanaal voor nautische informatie
VHF 78

Locatie: ARK6 Merwedekanaal
Vaarwegkilometer: 41.94
Stroomrichting: Stroomopwaarts
Plaatsing: Linker oever
Orientatie: 207°

https://data.rws.nl/id/a/verkeersbord-22337</desc>
    <sym>vhf_e23_78</sym>
    <type>RWS VHF-bord</type>
  </wpt>
  <wpt lat="53.2364051" lon="6.6506408">
    <name>E.23 - VHF 7</name>
    <desc>E.23 - Marifoonkanaal voor nautische informatie
VHF 7

Locatie: Kanaalvak 022,543-026,400 EMK Slochterdiep - Winschoterdiep
Vaarwegkilometer: 22.592
Stroomrichting: Stroomopwaarts
Plaatsing: Linker oever
Orientatie: 142°

https://data.rws.nl/id/a/verkeersbord-24058</desc>
    <sym>vhf_e23_7</sym>
    <type>RWS VHF-bord</type>
  </wpt>
  <wpt lat="53.2582761" lon="6.5084518">
    <name>E.23 - VHF 78</name>
    <desc>E.23 - Marifoonkanaal voor nautische informatie
VHF 78

Locatie: Kanaalvak 026,945-047,020 VSK Oostersluis - Gaarkeukensluis
Vaarwegkilometer: 33.655
Stroomrichting: Stroomafwaarts
Plaatsing: Rechter oever
Orientatie: 360°

https://data.rws.nl/id/a/verkeersbord-53006</desc>
    <sym>vhf_e23_78</sym>
    <type>RWS VHF-bord</type>
  </wpt>
  <wpt lat="51.6782737" lon="5.3776816">
    <name>B.11.b - VHF 85</name>
    <desc>B.11.b - Verplichting zich te melden op het aangegeven marifoonkanaal
VHF 85

Locatie: WR5 Roermond - Belfeld-2971
Vaarwegkilometer: 11695
Stroomrichting: Stroomafwaarts
Plaatsing: Rechter oever
Orientatie: 0°

https://data.rws.nl/id/a/verkeersbord-49668</desc>
    <sym>vhf_b11b_85</sym>
    <type>RWS VHF-bord</type>
  </wpt>
  <wpt lat="51.2276162" lon="5.9856995">
    <name>E.23 - VHF 20</name>
    <desc>E.23 - Marifoonkanaal voor nautische informatie
VHF 20

Locatie: -1822
Vaarwegkilometer: 0
Stroomrichting: Stroomopwaarts
Plaatsing: Linker oever
Orientatie: 0°

https://data.rws.nl/id/a/verkeersbord-48024</desc>
    <sym>vhf_e23_20</sym>
    <type>RWS VHF-bord</type>
  </wpt>
  <wpt lat="51.8147885" lon="5.2292601">
    <name>B.11.b - VHF 10</name>
    <desc>B.11.b - Verplichting zich te melden op het aangegeven marifoonkanaal
VHF 10

Locatie: BR4 Zaltbommel - Gorinchem-1653
Vaarwegkilometer: 935.9
Plaatsing: Haven
Orientatie: 0°

https://data.rws.nl/id/a/verkeersbord-24791</desc>
    <sym>vhf_b11b_10</sym>
    <type>RWS VHF-bord</type>
  </wpt>
  <wpt lat="51.1636961" lon="5.9005476">
    <name>E.23 - VHF 22</name>
    <desc>E.23 - Marifoonkanaal voor nautische informatie
VHF 22

Locatie: WR06 Maas Belf
Vaarwegkilometer: 68.2
Stroomrichting: Stroomafwaarts
Plaatsing: Rechter oever
Orientatie: 0°

https://data.rws.nl/id/a/verkeersbord-48699</desc>
    <sym>vhf_e23_22</sym>
    <type>RWS VHF-bord</type>
  </wpt>
  <wpt lat="51.8656873" lon="5.8836298">
    <name>B.11.b - VHF 4</name>
    <desc>B.11.b - Verplichting zich te melden op het aangegeven marifoonkanaal
VHF 4

Locatie: BR1 Lobith - Nijmegen - 191
Vaarwegkilometer: 881.625
Stroomrichting: Stroomafwaarts
Plaatsing: Rechter oever
Orientatie: 0°

https://data.rws.nl/id/a/verkeersbord-24505</desc>
    <sym>vhf_b11b_4</sym>
    <type>RWS VHF-bord</type>
  </wpt>
  <wpt lat="51.8053235" lon="4.8767528">
    <name>E.23 - VHF 18</name>
    <desc>E.23 - Marifoonkanaal voor nautische informatie
VHF 18

Locatie: -168
Vaarwegkilometer: 962.3
Stroomrichting: Stroomopwaarts
Plaatsing: Kunstwerk
Orientatie: 0°

https://data.rws.nl/id/a/verkeersbord-42902</desc>
    <sym>vhf_e23_18</sym>
    <type>RWS VHF-bord</type>
  </wpt>
  <wpt lat="52.7040200" lon="5.3077800">
    <name>E.23 - VHF 22</name>
    <desc>E.23 - Marifoonkanaal voor nautische informatie
VHF 22

Locatie: YMYM Ijsselmeer (Enkhuizen-Den Oever; Enkhuizen-Lemmer; Ketelmeer-VAL; URK-Kornwerderzand; Lelystad-Lemmer)-246
Vaarwegkilometer: 0
Plaatsing: Rechter oever
Orientatie: 199°

https://data.rws.nl/id/a/verkeersbord-21651</desc>
    <sym>vhf_e23_22</sym>
    <type>RWS VHF-bord</type>
  </wpt>
  <wpt lat="51.3267860" lon="3.8180621">
    <name>B.11.b - VHF 11</name>
    <desc>B.11.b - Verplichting zich te melden op het aangegeven marifoonkanaal
VHF 11

Locatie: NMZ1 Westerschelde (noordelijke oevers en Westerschelde)-409
Vaarwegkilometer: 0
Plaatsing: Kunstwerk
Orientatie: 167°

https://data.rws.nl/id/a/verkeersbord-44778</desc>
    <sym>vhf_b11b_11</sym>
    <type>RWS VHF-bord</type>
  </wpt>
  <wpt lat="51.8025250" lon="4.6385950">
    <name>B.11.b - VHF 79</name>
    <desc>B.11.b - Verplichting zich te melden op het aangegeven marifoonkanaal
VHF 79

Locatie: 120A Afgedamde Maas (ten zuiden van de sluis + Heusdens Kanaal)-436
Vaarwegkilometer: 979.15
Stroomrichting: Stroomopwaarts
Plaatsing: Linker oever
Orientatie: 0°

https://data.rws.nl/id/a/verkeersbord-42721</desc>
    <sym>vhf_b11b_79</sym>
    <type>RWS VHF-bord</type>
  </wpt>
  <wpt lat="51.6911996" lon="4.4119429">
    <name>B.11.a - VHF 7</name>
    <desc>B.11.a - Verplichting gebruik te maken van marifoon overeenkomstig de daartoe bij algemene regeling vastgestelde voorschriften
VHF 7

Locatie: 108C Hollandsch Diep (benedenstrooms van oversteek)-158
Vaarwegkilometer: 999.8
Stroomrichting: Stroomopwaarts
Plaatsing: Kunstwerk
Orientatie: 0°

https://data.rws.nl/id/a/verkeersbord-42061</desc>
    <sym>vhf_b11a</sym>
    <type>RWS VHF-bord</type>
  </wpt>
  <wpt lat="53.3212732" lon="6.9411226">
    <name>B.11.b - VHF 60</name>
    <desc>B.11.b - Verplichting zich te melden op het aangegeven marifoonkanaal
VHF 60

Locatie: Kanaalvak 000,000-006,847 EMK Zeesluizen Farmsum - Woldbrug
Vaarwegkilometer: 0.46
Stroomrichting: Stroomafwaarts
Plaatsing: Rechter oever
Orientatie: 214°

https://data.rws.nl/id/a/verkeersbord-22896</desc>
    <sym>vhf_b11b_60</sym>
    <type>RWS VHF-bord</type>
  </wpt>
  <wpt lat="53.2023956" lon="6.0776745">
    <name>E.23 - VHF 81</name>
    <desc>E.23 - Marifoonkanaal voor nautische informatie
VHF 81

Locatie: Kanaalvak 052,870-066,060 PMK Stroobos - Bergummermeer
Vaarwegkilometer: 64.069
Stroomrichting: Stroomafwaarts
Plaatsing: Rechter oever
Orientatie: 0°

https://data.rws.nl/id/a/verkeersbord-53143</desc>
    <sym>vhf_e23_81</sym>
    <type>RWS VHF-bord</type>
  </wpt>
  <wpt lat="52.5807781" lon="5.8451897">
    <name>E.23 - VHF 84</name>
    <desc>E.23 - Marifoonkanaal voor nautische informatie
VHF 84

Locatie: YS3, IJssel van Zwolle-IJsselkanaal tot Ketelmeer - 3600
Vaarwegkilometer: 1001.42
Stroomrichting: Stroomafwaarts
Plaatsing: Linker oever
Orientatie: 360°

https://data.rws.nl/id/a/verkeersbord-50788</desc>
    <sym>vhf_e23_84</sym>
    <type>RWS VHF-bord</type>
  </wpt>
  <wpt lat="51.3331807" lon="3.8202159">
    <name>B.11.b - VHF 11</name>
    <desc>B.11.b - Verplichting zich te melden op het aangegeven marifoonkanaal
VHF 11

Locatie: NMZ1 Westerschelde (noordelijke oevers en Westerschelde)-189
Vaarwegkilometer: 0
Plaatsing: Kunstwerk
Orientatie: 0°

https://data.rws.nl/id/a/verkeersbord-44735</desc>
    <sym>vhf_b11b_11</sym>
    <type>RWS VHF-bord</type>
  </wpt>
  <wpt lat="52.8399396" lon="5.6708110">
    <name>E.23 - VHF 1</name>
    <desc>E.23 - Marifoonkanaal voor nautische informatie
VHF 1

Locatie: Kanaalvak 117,190-117,924 PMK Voorhaven Pr. Margrietsluis
Vaarwegkilometer: 118.51
Stroomrichting: Stroomafwaarts
Plaatsing: Rechter oever
Orientatie: 325°

https://data.rws.nl/id/a/verkeersbord-23873</desc>
    <sym>vhf_e23_1</sym>
    <type>RWS VHF-bord</type>
  </wpt>
  <wpt lat="51.9034703" lon="4.5557341">
    <name>B.11.b - VHF 31</name>
    <desc>B.11.b - Verplichting zich te melden op het aangegeven marifoonkanaal
VHF 31

Locatie: 120A Afgedamde Maas (ten zuiden van de sluis + Heusdens Kanaal)-133
Vaarwegkilometer: 994.25
Stroomrichting: Stroomopwaarts
Plaatsing: Rechter oever
Orientatie: 0°

https://data.rws.nl/id/a/verkeersbord-42927</desc>
    <sym>vhf_b11b_31</sym>
    <type>RWS VHF-bord</type>
  </wpt>
  <wpt lat="51.4938337" lon="4.0057917">
    <name>E.23</name>
    <desc>E.23 - Marifoonkanaal voor nautische informatie

Locatie: SR6 Kanaal door Zuid-Beveland (incl. sluizen complex Hansweert)-49
Vaarwegkilometer: 0
Plaatsing: Rechter oever
Orientatie: 0°

https://data.rws.nl/id/a/verkeersbord-53430</desc>
    <sym>vhf_e23_unknown</sym>
    <type>RWS VHF-bord</type>
  </wpt>
  <wpt lat="51.8645099" lon="6.0714703">
    <name>B.11.b - VHF 19</name>
    <desc>B.11.b - Verplichting zich te melden op het aangegeven marifoonkanaal
VHF 19

Locatie: BR1 Lobith - Nijmegen - 187
Vaarwegkilometer: 865.005
Stroomrichting: Stroomafwaarts
Plaatsing: Rechter oever
Orientatie: 0°

https://data.rws.nl/id/a/verkeersbord-24624</desc>
    <sym>vhf_b11b_19</sym>
    <type>RWS VHF-bord</type>
  </wpt>
  <wpt lat="50.8669022" lon="5.6890218">
    <name>E.23 - VHF 20</name>
    <desc>E.23 - Marifoonkanaal voor nautische informatie
VHF 20
Vaarwegkilometer: 0
Plaatsing: Kunstwerk
Orientatie: 0°

https://data.rws.nl/id/a/verkeersbord-47097</desc>
    <sym>vhf_e23_20</sym>
    <type>RWS VHF-bord</type>
  </wpt>
  <wpt lat="52.2620044" lon="5.4742447">
    <name>E.23 - VHF 18</name>
    <desc>E.23 - Marifoonkanaal voor nautische informatie
VHF 18

Locatie: ROWN Wolderwijd/Nuldernauw-41
Vaarwegkilometer: 0
Plaatsing: Rechter oever
Orientatie: 0°

https://data.rws.nl/id/a/verkeersbord-21927</desc>
    <sym>vhf_e23_18</sym>
    <type>RWS VHF-bord</type>
  </wpt>
  <wpt lat="53.2390592" lon="6.2229722">
    <name>E.23 - VHF 81</name>
    <desc>E.23 - Marifoonkanaal voor nautische informatie
VHF 81

Locatie: Kanaalvak 052,870-066,060 PMK Stroobos - Bergummermeer
Vaarwegkilometer: 52.991
Stroomrichting: Stroomafwaarts
Plaatsing: Rechter oever
Orientatie: 244°

https://data.rws.nl/id/a/verkeersbord-23268</desc>
    <sym>vhf_e23_81</sym>
    <type>RWS VHF-bord</type>
  </wpt>
  <wpt lat="51.8481892" lon="6.1407632">
    <name>B.11.b - VHF 10</name>
    <desc>B.11.b - Verplichting zich te melden op het aangegeven marifoonkanaal
VHF 10
Vaarwegkilometer: 859.64
Plaatsing: Rechter oever
Orientatie: 0°

https://data.rws.nl/id/a/verkeersbord-52244</desc>
    <sym>vhf_b11b_10</sym>
    <type>RWS VHF-bord</type>
  </wpt>
  <wpt lat="51.8716353" lon="4.3310450">
    <name>E.23 - VHF 18</name>
    <desc>E.23 - Marifoonkanaal voor nautische informatie
VHF 18

Locatie: 111B
Vaarwegkilometer: 1004.2
Stroomrichting: Stroomopwaarts
Plaatsing: Kunstwerk
Orientatie: 161°

https://data.rws.nl/id/a/verkeersbord-42302</desc>
    <sym>vhf_e23_18</sym>
    <type>RWS VHF-bord</type>
  </wpt>
  <wpt lat="51.2252338" lon="5.9844745">
    <name>B.11.b - VHF 10</name>
    <desc>B.11.b - Verplichting zich te melden op het aangegeven marifoonkanaal
VHF 10

Locatie: WR03 Afgesn. Maas Linne - Roermond
Vaarwegkilometer: 84.8
Stroomrichting: Stroomafwaarts
Plaatsing: Linker oever
Orientatie: 0°

https://data.rws.nl/id/a/verkeersbord-48251</desc>
    <sym>vhf_b11b_10</sym>
    <type>RWS VHF-bord</type>
  </wpt>
  <wpt lat="51.2749592" lon="5.7574064">
    <name>E.23 - VHF 20</name>
    <desc>E.23 - Marifoonkanaal voor nautische informatie
VHF 20

Locatie: WR08
Vaarwegkilometer: 0
Stroomrichting: Stroomopwaarts
Plaatsing: Linker oever
Orientatie: 145°

https://data.rws.nl/id/a/verkeersbord-49310</desc>
    <sym>vhf_e23_20</sym>
    <type>RWS VHF-bord</type>
  </wpt>
  <wpt lat="51.8556032" lon="5.8240344">
    <name>B.11.b - VHF 4</name>
    <desc>B.11.b - Verplichting zich te melden op het aangegeven marifoonkanaal
VHF 4

Locatie: NM4 Maas-Waalkanaal-2169
Vaarwegkilometer: 12.39
Stroomrichting: Stroomafwaarts
Plaatsing: Kunstwerk
Orientatie: 0°

https://data.rws.nl/id/a/verkeersbord-24956</desc>
    <sym>vhf_b11b_4</sym>
    <type>RWS VHF-bord</type>
  </wpt>
  <wpt lat="51.7197398" lon="4.4030571">
    <name>E.23 - VHF 20</name>
    <desc>E.23 - Marifoonkanaal voor nautische informatie
VHF 20

Locatie: 108C Hollandsch Diep (benedenstrooms van oversteek)-68
Vaarwegkilometer: 1000.3
Stroomrichting: Stroomafwaarts
Plaatsing: Kunstwerk
Orientatie: 112°

https://data.rws.nl/id/a/verkeersbord-42031</desc>
    <sym>vhf_e23_20</sym>
    <type>RWS VHF-bord</type>
  </wpt>
  <wpt lat="51.7907463" lon="5.0538650">
    <name>E.23 - VHF 22</name>
    <desc>E.23 - Marifoonkanaal voor nautische informatie
VHF 22

Locatie: -122
Vaarwegkilometer: 242.8
Plaatsing: Rechter oever
Orientatie: 0°

https://data.rws.nl/id/a/verkeersbord-45991</desc>
    <sym>vhf_e23_22</sym>
    <type>RWS VHF-bord</type>
  </wpt>
  <wpt lat="52.5117777" lon="5.4175599">
    <name>E.23 - VHF 20</name>
    <desc>E.23 - Marifoonkanaal voor nautische informatie
VHF 20

Locatie: MMMM Markermeer (Ijmeer, Amsterdam-Lelystad, Almere-Enkhuizen, Oostvaardersdiep-Zuid; MarkermeerOostvaardersdiep Noord)-14
Vaarwegkilometer: 0
Plaatsing: Linker oever
Orientatie: 0°

https://data.rws.nl/id/a/verkeersbord-21823</desc>
    <sym>vhf_e23_20</sym>
    <type>RWS VHF-bord</type>
  </wpt>
  <wpt lat="52.0438254" lon="5.1009506">
    <name>E.23 - VHF 78</name>
    <desc>E.23 - Marifoonkanaal voor nautische informatie
VHF 78

Locatie: ARK6 Merwedekanaal
Vaarwegkilometer: 42.47
Stroomrichting: Stroomafwaarts
Plaatsing: Linker oever
Orientatie: 29°

https://data.rws.nl/id/a/verkeersbord-22335</desc>
    <sym>vhf_e23_78</sym>
    <type>RWS VHF-bord</type>
  </wpt>
  <wpt lat="53.3032955" lon="6.8463811">
    <name>E.23 - VHF 64</name>
    <desc>E.23 - Marifoonkanaal voor nautische informatie
VHF 64

Locatie: Kanaalvak 006,847-015,545 EMK Woldbrug - Woltersum
Vaarwegkilometer: 7.464
Stroomrichting: Stroomafwaarts
Plaatsing: Linker oever
Orientatie: 337°

https://data.rws.nl/id/a/verkeersbord-23839</desc>
    <sym>vhf_e23_64</sym>
    <type>RWS VHF-bord</type>
  </wpt>
  <wpt lat="51.8007071" lon="5.3528399">
    <name>E.23 - VHF 20</name>
    <desc>E.23 - Marifoonkanaal voor nautische informatie
VHF 20
Vaarwegkilometer: 1.4
Plaatsing: Linker oever
Orientatie: 138°

https://data.rws.nl/id/a/verkeersbord-47572</desc>
    <sym>vhf_e23_20</sym>
    <type>RWS VHF-bord</type>
  </wpt>
  <wpt lat="51.5206675" lon="5.6478728">
    <name>E.23 - VHF 20</name>
    <desc>E.23 - Marifoonkanaal voor nautische informatie
VHF 20

Locatie: BK02
Vaarwegkilometer: 0
Stroomrichting: Stroomafwaarts
Plaatsing: Rechter oever
Orientatie: 64°

https://data.rws.nl/id/a/verkeersbord-46954</desc>
    <sym>vhf_e23_20</sym>
    <type>RWS VHF-bord</type>
  </wpt>
  <wpt lat="51.9546980" lon="5.3278581">
    <name>B.11.b - VHF 60</name>
    <desc>B.11.b - Verplichting zich te melden op het aangegeven marifoonkanaal
VHF 60

Locatie: RL 3, Amsterdam-Rijnkanaal - Vreeswijk - 428
Vaarwegkilometer: 930.015
Stroomrichting: Stroomopwaarts
Plaatsing: Linker oever
Orientatie: 0°

https://data.rws.nl/id/a/verkeersbord-24874</desc>
    <sym>vhf_b11b_60</sym>
    <type>RWS VHF-bord</type>
  </wpt>
  <wpt lat="51.5102504" lon="4.1732555">
    <name>E.23</name>
    <desc>E.23 - Marifoonkanaal voor nautische informatie
Stroomrichting: Stroomopwaarts
Plaatsing: Rechter oever

https://data.rws.nl/id/a/verkeersbord-53293</desc>
    <sym>vhf_e23_unknown</sym>
    <type>RWS VHF-bord</type>
  </wpt>
  <wpt lat="51.8794628" lon="5.7839694">
    <name>B.11.b - VHF 4</name>
    <desc>B.11.b - Verplichting zich te melden op het aangegeven marifoonkanaal
VHF 4

Locatie: BR2 Nijmegen - Tiel - 201
Vaarwegkilometer: 890.38
Stroomrichting: Stroomopwaarts
Plaatsing: Rechter oever
Orientatie: 0°

https://data.rws.nl/id/a/verkeersbord-24362</desc>
    <sym>vhf_b11b_4</sym>
    <type>RWS VHF-bord</type>
  </wpt>
  <wpt lat="52.1531298" lon="6.1810333">
    <name>E.23 - VHF 20</name>
    <desc>E.23 - Marifoonkanaal voor nautische informatie
VHF 20

Locatie: YS1, IJssel van IJsselkop tot Twentekanalen - 3471
Vaarwegkilometer: 929.32
Stroomrichting: Stroomafwaarts
Plaatsing: Linker oever
Orientatie: 360°

https://data.rws.nl/id/a/verkeersbord-50709</desc>
    <sym>vhf_e23_20</sym>
    <type>RWS VHF-bord</type>
  </wpt>
  <wpt lat="51.4576781" lon="4.0092519">
    <name>B.11.a</name>
    <desc>B.11.a - Verplichting gebruik te maken van marifoon overeenkomstig de daartoe bij algemene regeling vastgestelde voorschriften

Locatie: SR6 Kanaal door Zuid-Beveland (incl. sluizen complex Hansweert)-13
Vaarwegkilometer: 0
Stroomrichting: Stroomopwaarts
Plaatsing: Linker oever
Orientatie: 0°

https://data.rws.nl/id/a/verkeersbord-53387</desc>
    <sym>vhf_b11a</sym>
    <type>RWS VHF-bord</type>
  </wpt>
  <wpt lat="53.2238892" lon="6.6052008">
    <name>E.23 - VHF 81</name>
    <desc>E.23 - Marifoonkanaal voor nautische informatie
VHF 81

Locatie: Kanaalvak 022,543-026,400 EMK Slochterdiep - Winschoterdiep
Vaarwegkilometer: 25.92
Stroomrichting: Stroomopwaarts
Plaatsing: Linker oever
Orientatie: 360°

https://data.rws.nl/id/a/verkeersbord-52917</desc>
    <sym>vhf_e23_81</sym>
    <type>RWS VHF-bord</type>
  </wpt>
  <wpt lat="52.6383152" lon="6.0679282">
    <name>E.23 - VHF 22</name>
    <desc>E.23 - Marifoonkanaal voor nautische informatie
VHF 22

Locatie: ZW3, Meppelerdiep - 6184
Vaarwegkilometer: 0
Plaatsing: Rechter oever
Orientatie: 360°

https://data.rws.nl/id/a/verkeersbord-50621</desc>
    <sym>vhf_e23_22</sym>
    <type>RWS VHF-bord</type>
  </wpt>
  <wpt lat="52.3679065" lon="5.0134092">
    <name>B.11.a - VHF 60</name>
    <desc>B.11.a - Verplichting gebruik te maken van marifoon overeenkomstig de daartoe bij algemene regeling vastgestelde voorschriften
VHF 60

Locatie: Bord 800: NZK7 Het Buiten-IJ-27
Vaarwegkilometer: 0
Stroomrichting: Stroomopwaarts
Plaatsing: Rechter oever
Orientatie: 0°

https://data.rws.nl/id/a/verkeersbord-41480</desc>
    <sym>vhf_b11a</sym>
    <type>RWS VHF-bord</type>
  </wpt>
  <wpt lat="51.6895520" lon="4.4062959">
    <name>B.11.a - VHF 25</name>
    <desc>B.11.a - Verplichting gebruik te maken van marifoon overeenkomstig de daartoe bij algemene regeling vastgestelde voorschriften
VHF 25

Locatie: 108C Hollandsch Diep (benedenstrooms van oversteek)-149
Vaarwegkilometer: 1000
Stroomrichting: Stroomopwaarts
Plaatsing: Kunstwerk
Orientatie: 50°

https://data.rws.nl/id/a/verkeersbord-42037</desc>
    <sym>vhf_b11a</sym>
    <type>RWS VHF-bord</type>
  </wpt>
  <wpt lat="52.3815736" lon="4.9440072">
    <name>B.11.a - VHF 18</name>
    <desc>B.11.a - Verplichting gebruik te maken van marifoon overeenkomstig de daartoe bij algemene regeling vastgestelde voorschriften
VHF 18

Locatie: Bord 685: NZK5 Sluizen te IJmuiden &amp; Noorzeekanaal tot IJ Lekkanaal-728
Vaarwegkilometer: 0
Plaatsing: Rechter oever
Orientatie: 0°

https://data.rws.nl/id/a/verkeersbord-41463</desc>
    <sym>vhf_b11a</sym>
    <type>RWS VHF-bord</type>
  </wpt>
  <wpt lat="53.3039985" lon="6.8460161">
    <name>E.23 - VHF 7</name>
    <desc>E.23 - Marifoonkanaal voor nautische informatie
VHF 7

Locatie: Kanaalvak 006,847-015,545 EMK Woldbrug - Woltersum
Vaarwegkilometer: 7.46
Stroomrichting: Stroomafwaarts
Plaatsing: Linker oever
Orientatie: 155°

https://data.rws.nl/id/a/verkeersbord-52535</desc>
    <sym>vhf_e23_7</sym>
    <type>RWS VHF-bord</type>
  </wpt>
  <wpt lat="51.0472991" lon="5.8022743">
    <name>B.11.a</name>
    <desc>B.11.a - Verplichting gebruik te maken van marifoon overeenkomstig de daartoe bij algemene regeling vastgestelde voorschriften
Vaarwegkilometer: 22.2
Plaatsing: Linker oever
Orientatie: 360°

https://data.rws.nl/id/a/verkeersbord-53123</desc>
    <sym>vhf_b11a</sym>
    <type>RWS VHF-bord</type>
  </wpt>
  <wpt lat="52.6994680" lon="5.2932632">
    <name>B.11.a - VHF 12</name>
    <desc>B.11.a - Verplichting gebruik te maken van marifoon overeenkomstig de daartoe bij algemene regeling vastgestelde voorschriften
VHF 12

Locatie: YMYM Ijsselmeer (Enkhuizen-Den Oever; Enkhuizen-Lemmer; Ketelmeer-VAL; URK-Kornwerderzand; Lelystad-Lemmer)-253
Vaarwegkilometer: 0
Plaatsing: Rechter oever
Orientatie: 313°

https://data.rws.nl/id/a/verkeersbord-21689</desc>
    <sym>vhf_b11a</sym>
    <type>RWS VHF-bord</type>
  </wpt>
  <wpt lat="52.3810361" lon="4.9575502">
    <name>B.11.a - VHF 60</name>
    <desc>B.11.a - Verplichting gebruik te maken van marifoon overeenkomstig de daartoe bij algemene regeling vastgestelde voorschriften
VHF 60

Locatie: Bord 741: NZK7 Het Buiten-IJ-8
Vaarwegkilometer: 0
Stroomrichting: Stroomopwaarts
Plaatsing: Rechter oever
Orientatie: 0°

https://data.rws.nl/id/a/verkeersbord-41516</desc>
    <sym>vhf_b11a</sym>
    <type>RWS VHF-bord</type>
  </wpt>
  <wpt lat="51.9190081" lon="4.5792720">
    <name>E.23 - VHF 22</name>
    <desc>E.23 - Marifoonkanaal voor nautische informatie
VHF 22

Locatie: 211 Hollandsche IJssel-247
Vaarwegkilometer: 17.7
Stroomrichting: Stroomopwaarts
Plaatsing: Rechter oever
Orientatie: 0°

https://data.rws.nl/id/a/verkeersbord-42466</desc>
    <sym>vhf_e23_22</sym>
    <type>RWS VHF-bord</type>
  </wpt>
  <wpt lat="51.5187739" lon="4.0172882">
    <name>B.11.b</name>
    <desc>B.11.b - Verplichting zich te melden op het aangegeven marifoonkanaal

Locatie: SR6 Kanaal door Zuid-Beveland (incl. sluizen complex Hansweert)-69
Vaarwegkilometer: 0
Plaatsing: Linker oever
Orientatie: 0°

https://data.rws.nl/id/a/verkeersbord-45103</desc>
    <sym>vhf_b11b_unknown</sym>
    <type>RWS VHF-bord</type>
  </wpt>
  <wpt lat="51.8194198" lon="4.1276157">
    <name>B.11.b - VHF 74</name>
    <desc>B.11.b - Verplichting zich te melden op het aangegeven marifoonkanaal
VHF 74

Locatie: 117 Haringvliet-259
Vaarwegkilometer: 1022.2
Plaatsing: Rechter oever
Orientatie: 0°

https://data.rws.nl/id/a/verkeersbord-44161</desc>
    <sym>vhf_b11b_74</sym>
    <type>RWS VHF-bord</type>
  </wpt>
  <wpt lat="52.3764083" lon="4.9553298">
    <name>B.11.a - VHF 18</name>
    <desc>B.11.a - Verplichting gebruik te maken van marifoon overeenkomstig de daartoe bij algemene regeling vastgestelde voorschriften
VHF 18

Locatie: Bord 293: NZK5 Sluizen te IJmuiden &amp; Noorzeekanaal tot IJ Lekkanaal-334
Vaarwegkilometer: 0
Stroomrichting: Stroomopwaarts
Plaatsing: Rechter oever
Orientatie: 0°

https://data.rws.nl/id/a/verkeersbord-41060</desc>
    <sym>vhf_b11a</sym>
    <type>RWS VHF-bord</type>
  </wpt>
  <wpt lat="51.8631107" lon="4.3295719">
    <name>B.11.b - VHF 62</name>
    <desc>B.11.b - Verplichting zich te melden op het aangegeven marifoonkanaal
VHF 62

Locatie: 120A Afgedamde Maas (ten zuiden van de sluis + Heusdens Kanaal)-735
Vaarwegkilometer: 1003.22
Stroomrichting: Stroomopwaarts
Plaatsing: Linker oever
Orientatie: 0°

https://data.rws.nl/id/a/verkeersbord-42350</desc>
    <sym>vhf_b11b_62</sym>
    <type>RWS VHF-bord</type>
  </wpt>
  <wpt lat="52.3047202" lon="5.0194608">
    <name>E.23 - VHF 20</name>
    <desc>E.23 - Marifoonkanaal voor nautische informatie
VHF 20

Locatie: ARK1 Amsterdam Rijnkanaal
Vaarwegkilometer: 9.8
Plaatsing: Linker oever
Orientatie: 279°

https://data.rws.nl/id/a/verkeersbord-21030</desc>
    <sym>vhf_e23_20</sym>
    <type>RWS VHF-bord</type>
  </wpt>
  <wpt lat="51.2485596" lon="5.6762137">
    <name>E.23 - VHF 18</name>
    <desc>E.23 - Marifoonkanaal voor nautische informatie
VHF 18

Locatie: WR08
Vaarwegkilometer: 0
Stroomrichting: Stroomopwaarts
Plaatsing: Linker oever
Orientatie: 142°

https://data.rws.nl/id/a/verkeersbord-46708</desc>
    <sym>vhf_e23_18</sym>
    <type>RWS VHF-bord</type>
  </wpt>
  <wpt lat="51.1872232" lon="5.9272387">
    <name>E.23 - VHF 18</name>
    <desc>E.23 - Marifoonkanaal voor nautische informatie
VHF 18

Locatie: WR06 Maas Belf
Vaarwegkilometer: 2.6
Plaatsing: Rechter oever
Orientatie: 0°

https://data.rws.nl/id/a/verkeersbord-48270</desc>
    <sym>vhf_e23_18</sym>
    <type>RWS VHF-bord</type>
  </wpt>
  <wpt lat="51.6952314" lon="4.5914193">
    <name>E.23 - VHF 12</name>
    <desc>E.23 - Marifoonkanaal voor nautische informatie
VHF 12

Locatie: 108C Hollandsch Diep (benedenstrooms van oversteek)-233
Vaarwegkilometer: 986.9
Stroomrichting: Stroomopwaarts
Plaatsing: Linker oever
Orientatie: 0°

https://data.rws.nl/id/a/verkeersbord-42219</desc>
    <sym>vhf_e23_12</sym>
    <type>RWS VHF-bord</type>
  </wpt>
  <wpt lat="53.3116284" lon="6.9180301">
    <name>B.11.b - VHF 60</name>
    <desc>B.11.b - Verplichting zich te melden op het aangegeven marifoonkanaal
VHF 60

Locatie: Kanaalvak 000,000-006,847 EMK Zeesluizen Farmsum - Woldbrug
Vaarwegkilometer: 2.501
Stroomrichting: Stroomopwaarts
Plaatsing: Linker oever
Orientatie: 95°

https://data.rws.nl/id/a/verkeersbord-23882</desc>
    <sym>vhf_b11b_60</sym>
    <type>RWS VHF-bord</type>
  </wpt>
  <wpt lat="51.6619091" lon="4.1566527">
    <name>B.11.b</name>
    <desc>B.11.b - Verplichting zich te melden op het aangegeven marifoonkanaal

https://data.rws.nl/id/a/verkeersbord-53280</desc>
    <sym>vhf_b11b_unknown</sym>
    <type>RWS VHF-bord</type>
  </wpt>
  <wpt lat="51.8449039" lon="5.8142449">
    <name>B.11.b - VHF 18</name>
    <desc>B.11.b - Verplichting zich te melden op het aangegeven marifoonkanaal
VHF 18

Locatie: NM4 Maas-Waalkanaal-2085
Vaarwegkilometer: 11.03
Stroomrichting: Stroomafwaarts
Plaatsing: Linker oever
Orientatie: 0°

https://data.rws.nl/id/a/verkeersbord-24937</desc>
    <sym>vhf_b11b_18</sym>
    <type>RWS VHF-bord</type>
  </wpt>
  <wpt lat="51.3392346" lon="6.1161412">
    <name>E.23 - VHF 0</name>
    <desc>E.23 - Marifoonkanaal voor nautische informatie
VHF 0

Locatie: ARK5 Merwedeka
Vaarwegkilometer: 0
Stroomrichting: Stroomopwaarts
Plaatsing: Linker oever
Orientatie: 0°

https://data.rws.nl/id/a/verkeersbord-50121</desc>
    <sym>vhf_e23_unknown</sym>
    <type>RWS VHF-bord</type>
  </wpt>
  <wpt lat="53.1847439" lon="5.9813426">
    <name>E.23 - VHF 81</name>
    <desc>E.23 - Marifoonkanaal voor nautische informatie
VHF 81

Locatie: Kanaalvak 067,180-071,025 PMK Bergummermeer - Wijde Ee
Vaarwegkilometer: 70.891
Stroomrichting: Stroomopwaarts
Plaatsing: Linker oever
Orientatie: 360°

https://data.rws.nl/id/a/verkeersbord-53065</desc>
    <sym>vhf_e23_81</sym>
    <type>RWS VHF-bord</type>
  </wpt>
  <wpt lat="52.5825887" lon="5.8704916">
    <name>E.23 - VHF 84</name>
    <desc>E.23 - Marifoonkanaal voor nautische informatie
VHF 84

Locatie: YS3, IJssel van Zwolle-IJsselkanaal tot Ketelmeer - 3597
Vaarwegkilometer: 999.69
Plaatsing: Rechter oever
Orientatie: 360°

https://data.rws.nl/id/a/verkeersbord-50787</desc>
    <sym>vhf_e23_84</sym>
    <type>RWS VHF-bord</type>
  </wpt>
  <wpt lat="51.4275551" lon="4.2355557">
    <name>E.23 - VHF 20</name>
    <desc>E.23 - Marifoonkanaal voor nautische informatie
VHF 20

Locatie: SR3 Antwerps kanaalpand-35
Vaarwegkilometer: 0
Stroomrichting: Stroomafwaarts
Plaatsing: Rechter oever
Orientatie: 0°

https://data.rws.nl/id/a/verkeersbord-45261</desc>
    <sym>vhf_e23_20</sym>
    <type>RWS VHF-bord</type>
  </wpt>
  <wpt lat="51.9485219" lon="5.3693870">
    <name>E.23 - VHF 66</name>
    <desc>E.23 - Marifoonkanaal voor nautische informatie
VHF 66

Locatie: ARK4 Amsterdam Rijnkanaal
Vaarwegkilometer: 63.08
Stroomrichting: Stroomopwaarts
Plaatsing: Linker oever
Orientatie: 118°

https://data.rws.nl/id/a/verkeersbord-22676</desc>
    <sym>vhf_e23_66</sym>
    <type>RWS VHF-bord</type>
  </wpt>
  <wpt lat="51.8478150" lon="5.8164877">
    <name>B.11.b - VHF 18</name>
    <desc>B.11.b - Verplichting zich te melden op het aangegeven marifoonkanaal
VHF 18

Locatie: NM4 Maas-Waalkanaal-2101
Vaarwegkilometer: 11.3
Plaatsing: Linker oever
Orientatie: 0°

https://data.rws.nl/id/a/verkeersbord-24942</desc>
    <sym>vhf_b11b_18</sym>
    <type>RWS VHF-bord</type>
  </wpt>
  <wpt lat="52.5182389" lon="5.4384977">
    <name>B.11.b - VHF 14</name>
    <desc>B.11.b - Verplichting zich te melden op het aangegeven marifoonkanaal
VHF 14

Locatie: MMMM Markermeer (Ijmeer, Amsterdam-Lelystad, Almere-Enkhuizen, Oostvaardersdiep-Zuid; MarkermeerOostvaardersdiep Noord)
Vaarwegkilometer: 0
Plaatsing: Rechter oever
Orientatie: 0°

https://data.rws.nl/id/a/verkeersbord-22101</desc>
    <sym>vhf_b11b_14</sym>
    <type>RWS VHF-bord</type>
  </wpt>
  <wpt lat="51.6651374" lon="4.0985052">
    <name>B.11.b</name>
    <desc>B.11.b - Verplichting zich te melden op het aangegeven marifoonkanaal
Plaatsing: Rechter oever

https://data.rws.nl/id/a/verkeersbord-53261</desc>
    <sym>vhf_b11b_unknown</sym>
    <type>RWS VHF-bord</type>
  </wpt>
  <wpt lat="50.8125237" lon="5.6957161">
    <name>E.23 - VHF 20</name>
    <desc>E.23 - Marifoonkanaal voor nautische informatie
VHF 20
Vaarwegkilometer: 9
Stroomrichting: Stroomafwaarts
Plaatsing: Rechter oever
Orientatie: 0°

https://data.rws.nl/id/a/verkeersbord-46756</desc>
    <sym>vhf_e23_20</sym>
    <type>RWS VHF-bord</type>
  </wpt>
  <wpt lat="52.2754216" lon="5.0225962">
    <name>E.23 - VHF 20</name>
    <desc>E.23 - Marifoonkanaal voor nautische informatie
VHF 20

Locatie: ARK1 Amsterdam Rijnkanaal
Vaarwegkilometer: 13.06
Stroomrichting: Stroomopwaarts
Plaatsing: Linker oever
Orientatie: 180°

https://data.rws.nl/id/a/verkeersbord-20995</desc>
    <sym>vhf_e23_20</sym>
    <type>RWS VHF-bord</type>
  </wpt>
  <wpt lat="51.4572953" lon="4.0098956">
    <name>B.11.a</name>
    <desc>B.11.a - Verplichting gebruik te maken van marifoon overeenkomstig de daartoe bij algemene regeling vastgestelde voorschriften

Locatie: SR6 Kanaal door Zuid-Beveland (incl. sluizen complex Hansweert)-24
Vaarwegkilometer: 0
Plaatsing: Linker oever
Orientatie: 0°

https://data.rws.nl/id/a/verkeersbord-45156</desc>
    <sym>vhf_b11a</sym>
    <type>RWS VHF-bord</type>
  </wpt>
  <wpt lat="52.3835588" lon="4.9312069">
    <name>B.11.a - VHF 60</name>
    <desc>B.11.a - Verplichting gebruik te maken van marifoon overeenkomstig de daartoe bij algemene regeling vastgestelde voorschriften
VHF 60

Locatie: Bord 697: NZK5 Sluizen te IJmuiden &amp; Noorzeekanaal tot IJ Lekkanaal-741
Vaarwegkilometer: 0
Stroomrichting: Stroomopwaarts
Plaatsing: Rechter oever
Orientatie: 0°

https://data.rws.nl/id/a/verkeersbord-41411</desc>
    <sym>vhf_b11a</sym>
    <type>RWS VHF-bord</type>
  </wpt>
  <wpt lat="51.6526700" lon="4.8464066">
    <name>E.23 - VHF 18</name>
    <desc>E.23 - Marifoonkanaal voor nautische informatie
VHF 18

Locatie: BK04
Vaarwegkilometer: 3.9
Stroomrichting: Stroomopwaarts
Plaatsing: Linker oever
Orientatie: 0°

https://data.rws.nl/id/a/verkeersbord-51919</desc>
    <sym>vhf_e23_18</sym>
    <type>RWS VHF-bord</type>
  </wpt>
  <wpt lat="53.2023287" lon="6.0775013">
    <name>E.23 - VHF 81</name>
    <desc>E.23 - Marifoonkanaal voor nautische informatie
VHF 81

Locatie: Kanaalvak 052,870-066,060 PMK Stroobos - Bergummermeer
Vaarwegkilometer: 64.83
Stroomrichting: Stroomafwaarts
Plaatsing: Rechter oever
Orientatie: 255°

https://data.rws.nl/id/a/verkeersbord-23284</desc>
    <sym>vhf_e23_81</sym>
    <type>RWS VHF-bord</type>
  </wpt>
  <wpt lat="51.8233595" lon="4.0405536">
    <name>E.23 - VHF 20</name>
    <desc>E.23 - Marifoonkanaal voor nautische informatie
VHF 20

Locatie: 117 Haringvlie
Vaarwegkilometer: 1029
Stroomrichting: Stroomopwaarts
Plaatsing: Kunstwerk
Orientatie: 311°

https://data.rws.nl/id/a/verkeersbord-41783</desc>
    <sym>vhf_e23_20</sym>
    <type>RWS VHF-bord</type>
  </wpt>
  <wpt lat="53.0193049" lon="5.2097122">
    <name>B.11.a - VHF 1</name>
    <desc>B.11.a - Verplichting gebruik te maken van marifoon overeenkomstig de daartoe bij algemene regeling vastgestelde voorschriften
VHF 1

Locatie: YMYM Ijsselmeer (Enkhuizen-Den Oever; Enkhuizen-Lemmer; Ketelmeer-VAL; URK-Kornwerderzand; Lelystad-Lemmer)-309
Vaarwegkilometer: 0
Stroomrichting: Stroomopwaarts
Plaatsing: Rechter oever
Orientatie: 0°

https://data.rws.nl/id/a/verkeersbord-21561</desc>
    <sym>vhf_b11a</sym>
    <type>RWS VHF-bord</type>
  </wpt>
  <wpt lat="52.4698071" lon="4.6208873">
    <name>B.11.a - VHF 22</name>
    <desc>B.11.a - Verplichting gebruik te maken van marifoon overeenkomstig de daartoe bij algemene regeling vastgestelde voorschriften
VHF 22

Locatie: Bord 859: NZK5 Sluizen te IJmuiden &amp; Noorzeekanaal tot IJ-60
Vaarwegkilometer: 0
Stroomrichting: Stroomopwaarts
Plaatsing: Rechter oever
Orientatie: 0°

https://data.rws.nl/id/a/verkeersbord-41563</desc>
    <sym>vhf_b11a</sym>
    <type>RWS VHF-bord</type>
  </wpt>
  <wpt lat="51.6909913" lon="4.4122380">
    <name>B.11.a - VHF 7</name>
    <desc>B.11.a - Verplichting gebruik te maken van marifoon overeenkomstig de daartoe bij algemene regeling vastgestelde voorschriften
VHF 7

Locatie: 108C Hollandsch Diep (benedenstrooms van oversteek)-159
Vaarwegkilometer: 999.8
Stroomrichting: Stroomopwaarts
Plaatsing: Kunstwerk
Orientatie: 0°

https://data.rws.nl/id/a/verkeersbord-42137</desc>
    <sym>vhf_b11a</sym>
    <type>RWS VHF-bord</type>
  </wpt>
  <wpt lat="51.8481815" lon="6.1407589">
    <name>B.11.b</name>
    <desc>B.11.b - Verplichting zich te melden op het aangegeven marifoonkanaal

Locatie: Dit is een B.12 bord staat niet in de keuze lijst.
Vaarwegkilometer: 859.64
Plaatsing: Rechter oever
Orientatie: 0°

https://data.rws.nl/id/a/verkeersbord-52250</desc>
    <sym>vhf_b11b_unknown</sym>
    <type>RWS VHF-bord</type>
  </wpt>
  <wpt lat="52.2525319" lon="6.6993999">
    <name>E.23 - VHF 18</name>
    <desc>E.23 - Marifoonkanaal voor nautische informatie
VHF 18

Locatie: TK2 Twentekanaal van Bolksbeek tot Enschede km 20,7 -48,3 - 359
Vaarwegkilometer: 37.954
Stroomrichting: Stroomafwaarts
Plaatsing: Linker oever
Orientatie: 0°

https://data.rws.nl/id/a/verkeersbord-30858</desc>
    <sym>vhf_e23_18</sym>
    <type>RWS VHF-bord</type>
  </wpt>
  <wpt lat="51.5001378" lon="5.2975719">
    <name>E.23 - VHF 20</name>
    <desc>E.23 - Marifoonkanaal voor nautische informatie
VHF 20

Locatie: BK03
Vaarwegkilometer: 0
Stroomrichting: Stroomafwaarts
Plaatsing: Rechter oever
Orientatie: 0°

https://data.rws.nl/id/a/verkeersbord-46368</desc>
    <sym>vhf_e23_20</sym>
    <type>RWS VHF-bord</type>
  </wpt>
  <wpt lat="51.8436590" lon="6.1650311">
    <name>B.11.b - VHF 10</name>
    <desc>B.11.b - Verplichting zich te melden op het aangegeven marifoonkanaal
VHF 10

Locatie: BR1 Lobith - Nijmegen - 373
Vaarwegkilometer: 857.9
Stroomrichting: Stroomafwaarts
Plaatsing: Rechter oever
Orientatie: 0°

https://data.rws.nl/id/a/verkeersbord-24588</desc>
    <sym>vhf_b11b_10</sym>
    <type>RWS VHF-bord</type>
  </wpt>
  <wpt lat="52.3812577" lon="4.9624554">
    <name>B.11.a - VHF 60</name>
    <desc>B.11.a - Verplichting gebruik te maken van marifoon overeenkomstig de daartoe bij algemene regeling vastgestelde voorschriften
VHF 60

Locatie: Bord 456: NZK5 Sluizen te IJmuiden &amp; Noorzeekanaal tot IJ Lekkanaal-491
Vaarwegkilometer: 0
Stroomrichting: Stroomopwaarts
Plaatsing: Rechter oever
Orientatie: 0°

https://data.rws.nl/id/a/verkeersbord-41246</desc>
    <sym>vhf_b11a</sym>
    <type>RWS VHF-bord</type>
  </wpt>
  <wpt lat="52.6842461" lon="5.2812350">
    <name>E.23 - VHF 22</name>
    <desc>E.23 - Marifoonkanaal voor nautische informatie
VHF 22

Locatie: MMMM Markermeer (Ijmeer, Amsterdam-Lelystad, Almere-Enkhuizen, Oostvaardersdiep-Zuid; MarkermeerOostvaardersdiep Noord)-102
Vaarwegkilometer: 0
Plaatsing: Rechter oever
Orientatie: 65°

https://data.rws.nl/id/a/verkeersbord-21605</desc>
    <sym>vhf_e23_22</sym>
    <type>RWS VHF-bord</type>
  </wpt>
  <wpt lat="53.4682752" lon="6.2020058">
    <name>B.11.b</name>
    <desc>B.11.b - Verplichting zich te melden op het aangegeven marifoonkanaal

Locatie: Nog in te winnen
Vaarwegkilometer: 0
Stroomrichting: Stroomopwaarts
Plaatsing: Haven
Orientatie: 131°

https://data.rws.nl/id/a/verkeersbord-23632</desc>
    <sym>vhf_b11b_unknown</sym>
    <type>RWS VHF-bord</type>
  </wpt>
  <wpt lat="53.2558130" lon="6.5098154">
    <name>E.23 - VHF 78</name>
    <desc>E.23 - Marifoonkanaal voor nautische informatie
VHF 78

Locatie: Kanaalvak 026,945-047,020 VSK Oostersluis - Gaarkeukensluis
Vaarwegkilometer: 33.452
Stroomrichting: Stroomopwaarts
Plaatsing: Linker oever
Orientatie: 57°

https://data.rws.nl/id/a/verkeersbord-23046</desc>
    <sym>vhf_e23_78</sym>
    <type>RWS VHF-bord</type>
  </wpt>
  <wpt lat="52.0952989" lon="5.0790469">
    <name>B.11.b - VHF 61</name>
    <desc>B.11.b - Verplichting zich te melden op het aangegeven marifoonkanaal
VHF 61

Locatie: ARK5 Merwedekanaal
Vaarwegkilometer: 35.63
Stroomrichting: Stroomafwaarts
Plaatsing: Linker oever
Orientatie: 326°

https://data.rws.nl/id/a/verkeersbord-22274</desc>
    <sym>vhf_b11b_61</sym>
    <type>RWS VHF-bord</type>
  </wpt>
  <wpt lat="51.6885504" lon="4.4076978">
    <name>B.11.a - VHF 25</name>
    <desc>B.11.a - Verplichting gebruik te maken van marifoon overeenkomstig de daartoe bij algemene regeling vastgestelde voorschriften
VHF 25

Locatie: 108C Hollandsch Diep (benedenstrooms van oversteek)-153
Vaarwegkilometer: 1000
Stroomrichting: Stroomopwaarts
Plaatsing: Kunstwerk
Orientatie: 50°

https://data.rws.nl/id/a/verkeersbord-42053</desc>
    <sym>vhf_b11a</sym>
    <type>RWS VHF-bord</type>
  </wpt>
  <wpt lat="51.9619658" lon="5.7927722">
    <name>E.23 - VHF 20</name>
    <desc>E.23 - Marifoonkanaal voor nautische informatie
VHF 20

Locatie: RL 2, IJsselkop - Amsterdam-Rijnkanaal - 754
Vaarwegkilometer: 892.445
Stroomrichting: Stroomopwaarts
Plaatsing: Rechter oever
Orientatie: 0°

https://data.rws.nl/id/a/verkeersbord-24924</desc>
    <sym>vhf_e23_20</sym>
    <type>RWS VHF-bord</type>
  </wpt>
  <wpt lat="51.4577352" lon="4.0096700">
    <name>B.11.a</name>
    <desc>B.11.a - Verplichting gebruik te maken van marifoon overeenkomstig de daartoe bij algemene regeling vastgestelde voorschriften

Locatie: SR6 Kanaal door Zuid-Beveland (incl. sluizen complex Hansweert)-13
Vaarwegkilometer: 0
Stroomrichting: Stroomopwaarts
Plaatsing: Linker oever
Orientatie: 0°

https://data.rws.nl/id/a/verkeersbord-53384</desc>
    <sym>vhf_b11a</sym>
    <type>RWS VHF-bord</type>
  </wpt>
  <wpt lat="52.4701867" lon="4.5935465">
    <name>B.11.a - VHF 22</name>
    <desc>B.11.a - Verplichting gebruik te maken van marifoon overeenkomstig de daartoe bij algemene regeling vastgestelde voorschriften
VHF 22

Locatie: Bord 889: NZK5 Sluizen te IJmuiden &amp; Noorzeekanaal tot IJ-105
Vaarwegkilometer: 0
Stroomrichting: Stroomopwaarts
Plaatsing: Rechter oever
Orientatie: 0°

https://data.rws.nl/id/a/verkeersbord-41526</desc>
    <sym>vhf_b11a</sym>
    <type>RWS VHF-bord</type>
  </wpt>
  <wpt lat="51.9139086" lon="5.4434746">
    <name>E.23 - VHF 18</name>
    <desc>E.23 - Marifoonkanaal voor nautische informatie
VHF 18

Locatie: ARK4 Amsterdam Rijnkanaal
Vaarwegkilometer: 69.5
Stroomrichting: Stroomopwaarts
Plaatsing: Linker oever
Orientatie: 137°

https://data.rws.nl/id/a/verkeersbord-22299</desc>
    <sym>vhf_e23_18</sym>
    <type>RWS VHF-bord</type>
  </wpt>
  <wpt lat="51.3332201" lon="3.8206787">
    <name>B.11.b - VHF 11</name>
    <desc>B.11.b - Verplichting zich te melden op het aangegeven marifoonkanaal
VHF 11

Locatie: NMZ1 Westerschelde (noordelijke oevers en Westerschelde)-188
Vaarwegkilometer: 0
Plaatsing: Kunstwerk
Orientatie: 0°

https://data.rws.nl/id/a/verkeersbord-44850</desc>
    <sym>vhf_b11b_11</sym>
    <type>RWS VHF-bord</type>
  </wpt>
  <wpt lat="52.3558351" lon="4.9692464">
    <name>E.23 - VHF 66</name>
    <desc>E.23 - Marifoonkanaal voor nautische informatie
VHF 66

Locatie: ARK1 Amsterdam Rijnkanaal
Vaarwegkilometer: 2.6
Stroomrichting: Stroomopwaarts
Plaatsing: Linker oever
Orientatie: 107°

https://data.rws.nl/id/a/verkeersbord-22228</desc>
    <sym>vhf_e23_66</sym>
    <type>RWS VHF-bord</type>
  </wpt>
  <wpt lat="51.1533103" lon="5.8858947">
    <name>E.23 - VHF 85</name>
    <desc>E.23 - Marifoonkanaal voor nautische informatie
VHF 85
Vaarwegkilometer: 66.4
Stroomrichting: Stroomafwaarts
Plaatsing: Rechter oever
Orientatie: 0°

https://data.rws.nl/id/a/verkeersbord-48304</desc>
    <sym>vhf_e23_85</sym>
    <type>RWS VHF-bord</type>
  </wpt>
  <wpt lat="52.5213225" lon="6.0761996">
    <name>E.23 - VHF 20</name>
    <desc>E.23 - Marifoonkanaal voor nautische informatie
VHF 20

Locatie: ZW2, Zwarte Water - 6197
Vaarwegkilometer: 2.64
Plaatsing: Rechter oever
Orientatie: 360°

https://data.rws.nl/id/a/verkeersbord-50678</desc>
    <sym>vhf_e23_20</sym>
    <type>RWS VHF-bord</type>
  </wpt>
  <wpt lat="53.2382798" lon="6.5699531">
    <name>B.11.b - VHF 10</name>
    <desc>B.11.b - Verplichting zich te melden op het aangegeven marifoonkanaal
VHF 10

Locatie: Kanaalvak 026,945-047,020 VSK Oostersluis - Gaarkeukensluis
Vaarwegkilometer: 28.97
Stroomrichting: Stroomopwaarts
Plaatsing: Linker oever
Orientatie: 360°

https://data.rws.nl/id/a/verkeersbord-52501</desc>
    <sym>vhf_b11b_10</sym>
    <type>RWS VHF-bord</type>
  </wpt>
  <wpt lat="52.4297602" lon="4.7405695">
    <name>E.23 - VHF 14</name>
    <desc>E.23 - Marifoonkanaal voor nautische informatie
VHF 14

Locatie: verkeersbord
Vaarwegkilometer: 0
Plaatsing: Rechter oever
Orientatie: 0°

https://data.rws.nl/id/a/verkeersbord-41643</desc>
    <sym>vhf_e23_14</sym>
    <type>RWS VHF-bord</type>
  </wpt>
  <wpt lat="51.5011301" lon="4.0065065">
    <name>E.23</name>
    <desc>E.23 - Marifoonkanaal voor nautische informatie

Locatie: SR6 Kanaal door Zuid-Beveland (incl. sluizen complex Hansweert)-32
Vaarwegkilometer: 0
Plaatsing: Rechter oever
Orientatie: 0°

https://data.rws.nl/id/a/verkeersbord-53434</desc>
    <sym>vhf_e23_unknown</sym>
    <type>RWS VHF-bord</type>
  </wpt>
  <wpt lat="51.4618514" lon="4.0091379">
    <name>E.23</name>
    <desc>E.23 - Marifoonkanaal voor nautische informatie

Locatie: SR6 Kanaal door Zuid-Beveland (incl. sluizen complex Hansweert)-32
Vaarwegkilometer: 0
Plaatsing: Rechter oever
Orientatie: 0°

https://data.rws.nl/id/a/verkeersbord-53396</desc>
    <sym>vhf_e23_unknown</sym>
    <type>RWS VHF-bord</type>
  </wpt>
  <wpt lat="51.1636295" lon="5.9005468">
    <name>E.23 - VHF 12</name>
    <desc>E.23 - Marifoonkanaal voor nautische informatie
VHF 12

Locatie: WR06 Maas Belf
Vaarwegkilometer: 68.2
Stroomrichting: Stroomafwaarts
Plaatsing: Rechter oever
Orientatie: 0°

https://data.rws.nl/id/a/verkeersbord-48700</desc>
    <sym>vhf_e23_12</sym>
    <type>RWS VHF-bord</type>
  </wpt>
  <wpt lat="52.4700260" lon="4.5975598">
    <name>B.11.a - VHF 22</name>
    <desc>B.11.a - Verplichting gebruik te maken van marifoon overeenkomstig de daartoe bij algemene regeling vastgestelde voorschriften
VHF 22

Locatie: Bord 881: NZK5 Sluizen te IJmuiden &amp; Noorzeekanaal tot IJ-97
Vaarwegkilometer: 0
Stroomrichting: Stroomopwaarts
Plaatsing: Rechter oever
Orientatie: 0°

https://data.rws.nl/id/a/verkeersbord-41585</desc>
    <sym>vhf_b11a</sym>
    <type>RWS VHF-bord</type>
  </wpt>
  <wpt lat="52.7013523" lon="5.2968631">
    <name>B.11.a - VHF 12</name>
    <desc>B.11.a - Verplichting gebruik te maken van marifoon overeenkomstig de daartoe bij algemene regeling vastgestelde voorschriften
VHF 12

Locatie: YMYM Ijsselmeer (Enkhuizen-Den Oever; Enkhuizen-Lemmer; Ketelmeer-VAL; URK-Kornwerderzand; Lelystad-Lemmer)-247
Vaarwegkilometer: 0
Plaatsing: Rechter oever
Orientatie: 311°

https://data.rws.nl/id/a/verkeersbord-21625</desc>
    <sym>vhf_b11a</sym>
    <type>RWS VHF-bord</type>
  </wpt>
  <wpt lat="53.1489112" lon="5.9174675">
    <name>E.23 - VHF 20</name>
    <desc>E.23 - Marifoonkanaal voor nautische informatie
VHF 20

Locatie: Kanaalvak 074,570-078,020 PMK Meersloot
Vaarwegkilometer: 77.25
Stroomrichting: Stroomafwaarts
Plaatsing: Rechter oever
Orientatie: 220°

https://data.rws.nl/id/a/verkeersbord-23344</desc>
    <sym>vhf_e23_20</sym>
    <type>RWS VHF-bord</type>
  </wpt>
  <wpt lat="52.8615756" lon="5.6815531">
    <name>E.23 - VHF 20</name>
    <desc>E.23 - Marifoonkanaal voor nautische informatie
VHF 20

Locatie: Kanaalvak 111,850-116,000 PMK Groote Brekken
Vaarwegkilometer: 115.998
Stroomrichting: Stroomafwaarts
Plaatsing: Rechter oever
Orientatie: 195°

https://data.rws.nl/id/a/verkeersbord-23825</desc>
    <sym>vhf_e23_20</sym>
    <type>RWS VHF-bord</type>
  </wpt>
  <wpt lat="52.4698950" lon="4.6171967">
    <name>B.11.a - VHF 22</name>
    <desc>B.11.a - Verplichting gebruik te maken van marifoon overeenkomstig de daartoe bij algemene regeling vastgestelde voorschriften
VHF 22

Locatie: Bord 81: NZK5 Sluizen te IJmuiden &amp; Noorzeekanaal tot IJ Lekkanaal-81
Vaarwegkilometer: 0
Plaatsing: Rechter oever
Orientatie: 0°

https://data.rws.nl/id/a/verkeersbord-40974</desc>
    <sym>vhf_b11a</sym>
    <type>RWS VHF-bord</type>
  </wpt>
  <wpt lat="51.0442664" lon="5.8010573">
    <name>E.23 - VHF 22</name>
    <desc>E.23 - Marifoonkanaal voor nautische informatie
VHF 22
Vaarwegkilometer: 21.8
Stroomrichting: Stroomopwaarts
Plaatsing: Linker oever
Orientatie: 0°

https://data.rws.nl/id/a/verkeersbord-49019</desc>
    <sym>vhf_e23_22</sym>
    <type>RWS VHF-bord</type>
  </wpt>
  <wpt lat="50.9406766" lon="5.7514278">
    <name>E.23 - VHF  -</name>
    <desc>E.23 - Marifoonkanaal voor nautische informatie
VHF  -
Vaarwegkilometer: 0
Stroomrichting: Stroomafwaarts
Plaatsing: Rechter oever
Orientatie: 0°

https://data.rws.nl/id/a/verkeersbord-49178</desc>
    <sym>vhf_e23_unknown</sym>
    <type>RWS VHF-bord</type>
  </wpt>
  <wpt lat="52.3776148" lon="4.9107622">
    <name>B.11.a - VHF 69</name>
    <desc>B.11.a - Verplichting gebruik te maken van marifoon overeenkomstig de daartoe bij algemene regeling vastgestelde voorschriften
VHF 69

Locatie: Bord 520: NZK5 Sluizen te IJmuiden &amp; Noorzeekanaal tot IJ Lekkanaal-561
Vaarwegkilometer: 0
Stroomrichting: Stroomopwaarts
Plaatsing: Rechter oever
Orientatie: 0°

https://data.rws.nl/id/a/verkeersbord-41327</desc>
    <sym>vhf_b11a</sym>
    <type>RWS VHF-bord</type>
  </wpt>
  <wpt lat="52.6580434" lon="5.5996806">
    <name>B.11.b</name>
    <desc>B.11.b - Verplichting zich te melden op het aangegeven marifoonkanaal

Locatie: YMYM Ijsselmeer (Enkhuizen-Den Oever; Enkhuizen-Lemmer; Ketelmeer-VAL; URK-Kornwerderzand; Lelystad-Lemmer)
Vaarwegkilometer: 0
Plaatsing: Rechter oever
Orientatie: 0°

https://data.rws.nl/id/a/verkeersbord-22156</desc>
    <sym>vhf_b11b_unknown</sym>
    <type>RWS VHF-bord</type>
  </wpt>
  <wpt lat="51.4537950" lon="4.0110680">
    <name>B.11.b</name>
    <desc>B.11.b - Verplichting zich te melden op het aangegeven marifoonkanaal

Locatie: SR6 Kanaal door Zuid-Beveland (incl. sluizen complex Hansweert)-12
Vaarwegkilometer: 0
Stroomrichting: Stroomopwaarts
Plaatsing: Rechter oever
Orientatie: 0°

https://data.rws.nl/id/a/verkeersbord-45162</desc>
    <sym>vhf_b11b_unknown</sym>
    <type>RWS VHF-bord</type>
  </wpt>
  <wpt lat="52.3823175" lon="4.9037685">
    <name>B.11.a - VHF 4</name>
    <desc>B.11.a - Verplichting gebruik te maken van marifoon overeenkomstig de daartoe bij algemene regeling vastgestelde voorschriften
VHF 4

Locatie: Bord 618: NZK5 Sluizen te IJmuiden &amp; Noorzeekanaal tot IJ Lekkanaal-659
Vaarwegkilometer: 0
Plaatsing: Rechter oever
Orientatie: 0°

https://data.rws.nl/id/a/verkeersbord-41379</desc>
    <sym>vhf_b11a</sym>
    <type>RWS VHF-bord</type>
  </wpt>
  <wpt lat="50.8702502" lon="5.6994365">
    <name>E.23 - VHF 20</name>
    <desc>E.23 - Marifoonkanaal voor nautische informatie
VHF 20
Vaarwegkilometer: 0
Stroomrichting: Stroomafwaarts
Plaatsing: Linker oever
Orientatie: 0°

https://data.rws.nl/id/a/verkeersbord-47154</desc>
    <sym>vhf_e23_20</sym>
    <type>RWS VHF-bord</type>
  </wpt>
  <wpt lat="52.5452404" lon="6.0775593">
    <name>E.23 - VHF 20</name>
    <desc>E.23 - Marifoonkanaal voor nautische informatie
VHF 20

Locatie: ZW2, Zwarte Water - 6164
Vaarwegkilometer: 5.28
Plaatsing: Linker oever
Orientatie: 360°

https://data.rws.nl/id/a/verkeersbord-50547</desc>
    <sym>vhf_e23_20</sym>
    <type>RWS VHF-bord</type>
  </wpt>
  <wpt lat="51.6493040" lon="5.9664570">
    <name>E.23 - VHF 22</name>
    <desc>E.23 - Marifoonkanaal voor nautische informatie
VHF 22

Locatie: WR06 Maas Belf
Vaarwegkilometer: 149.55
Stroomrichting: Stroomafwaarts
Plaatsing: Linker oever
Orientatie: 0°

https://data.rws.nl/id/a/verkeersbord-48233</desc>
    <sym>vhf_e23_22</sym>
    <type>RWS VHF-bord</type>
  </wpt>
  <wpt lat="52.3789556" lon="4.9624705">
    <name>B.11.a - VHF 60</name>
    <desc>B.11.a - Verplichting gebruik te maken van marifoon overeenkomstig de daartoe bij algemene regeling vastgestelde voorschriften
VHF 60

Locatie: Bord 755: NZK7 Het Buiten-IJ-22
Vaarwegkilometer: 0
Stroomrichting: Stroomopwaarts
Plaatsing: Rechter oever
Orientatie: 0°

https://data.rws.nl/id/a/verkeersbord-41489</desc>
    <sym>vhf_b11a</sym>
    <type>RWS VHF-bord</type>
  </wpt>
  <wpt lat="51.3050287" lon="6.0980416">
    <name>E.23 - VHF 18</name>
    <desc>E.23 - Marifoonkanaal voor nautische informatie
VHF 18

Locatie: WR06 Maas Belf
Vaarwegkilometer: 98.9
Stroomrichting: Stroomopwaarts
Plaatsing: Rechter oever
Orientatie: 0°

https://data.rws.nl/id/a/verkeersbord-49993</desc>
    <sym>vhf_e23_18</sym>
    <type>RWS VHF-bord</type>
  </wpt>
  <wpt lat="51.7275844" lon="4.7003178">
    <name>E.23 - VHF 71</name>
    <desc>E.23 - Marifoonkanaal voor nautische informatie
VHF 71

Locatie: 150R Amer-4
Vaarwegkilometer: 261.5
Stroomrichting: Stroomafwaarts
Plaatsing: Rechter oever
Orientatie: 0°

https://data.rws.nl/id/a/verkeersbord-44331</desc>
    <sym>vhf_e23_71</sym>
    <type>RWS VHF-bord</type>
  </wpt>
  <wpt lat="51.3303041" lon="3.8159553">
    <name>B.11.b - VHF 3</name>
    <desc>B.11.b - Verplichting zich te melden op het aangegeven marifoonkanaal
VHF 3

Locatie: NMZ1 Westerschelde (noordelijke oevers en Westerschelde)-409
Vaarwegkilometer: 0
Plaatsing: Kunstwerk
Orientatie: 159°

https://data.rws.nl/id/a/verkeersbord-44763</desc>
    <sym>vhf_b11b_3</sym>
    <type>RWS VHF-bord</type>
  </wpt>
  <wpt lat="51.5192011" lon="5.6422048">
    <name>E.23 - VHF 22</name>
    <desc>E.23 - Marifoonkanaal voor nautische informatie
VHF 22

Locatie: BK03
Vaarwegkilometer: 0
Stroomrichting: Stroomafwaarts
Plaatsing: Rechter oever
Orientatie: 155°

https://data.rws.nl/id/a/verkeersbord-46874</desc>
    <sym>vhf_e23_22</sym>
    <type>RWS VHF-bord</type>
  </wpt>
  <wpt lat="52.5117701" lon="5.4173723">
    <name>E.23 - VHF 1</name>
    <desc>E.23 - Marifoonkanaal voor nautische informatie
VHF 1

Locatie: MMMM Markermeer (Ijmeer, Amsterdam-Lelystad, Almere-Enkhuizen, Oostvaardersdiep-Zuid; MarkermeerOostvaardersdiep Noord)-142
Vaarwegkilometer: 0
Plaatsing: Linker oever
Orientatie: 0°

https://data.rws.nl/id/a/verkeersbord-21822</desc>
    <sym>vhf_e23_1</sym>
    <type>RWS VHF-bord</type>
  </wpt>
  <wpt lat="51.3273231" lon="3.8208346">
    <name>B.11.b</name>
    <desc>B.11.b - Verplichting zich te melden op het aangegeven marifoonkanaal
Vaarwegkilometer: 13.8

https://data.rws.nl/id/a/verkeersbord-53592</desc>
    <sym>vhf_b11b_unknown</sym>
    <type>RWS VHF-bord</type>
  </wpt>
  <wpt lat="52.4188389" lon="4.8229030">
    <name>B.11.a - VHF 68</name>
    <desc>B.11.a - Verplichting gebruik te maken van marifoon overeenkomstig de daartoe bij algemene regeling vastgestelde voorschriften
VHF 68

Locatie: Bord 774: NZK7 Het Buiten-IJ-23
Vaarwegkilometer: 0
Stroomrichting: Stroomopwaarts
Plaatsing: Rechter oever
Orientatie: 0°

https://data.rws.nl/id/a/verkeersbord-41474</desc>
    <sym>vhf_b11a</sym>
    <type>RWS VHF-bord</type>
  </wpt>
  <wpt lat="51.4613377" lon="5.6954201">
    <name>B.11.b - VHF 18</name>
    <desc>B.11.b - Verplichting zich te melden op het aangegeven marifoonkanaal
VHF 18

Locatie: BK02
Vaarwegkilometer: 0
Stroomrichting: Stroomafwaarts
Plaatsing: Rechter oever
Orientatie: 0°

https://data.rws.nl/id/a/verkeersbord-47235</desc>
    <sym>vhf_b11b_18</sym>
    <type>RWS VHF-bord</type>
  </wpt>
  <wpt lat="51.8345692" lon="4.6633204">
    <name>B.11.a - VHF 79</name>
    <desc>B.11.a - Verplichting gebruik te maken van marifoon overeenkomstig de daartoe bij algemene regeling vastgestelde voorschriften
VHF 79

Locatie: 101F Noord
Vaarwegkilometer: 978
Plaatsing: Rechter oever
Orientatie: 0°

https://data.rws.nl/id/a/verkeersbord-42799</desc>
    <sym>vhf_b11a</sym>
    <type>RWS VHF-bord</type>
  </wpt>
  <wpt lat="51.5044276" lon="5.4699665">
    <name>E.23 - VHF 22</name>
    <desc>E.23 - Marifoonkanaal voor nautische informatie
VHF 22

Locatie: BK03
Vaarwegkilometer: 0
Stroomrichting: Stroomopwaarts
Plaatsing: Linker oever
Orientatie: 0°

https://data.rws.nl/id/a/verkeersbord-47378</desc>
    <sym>vhf_e23_22</sym>
    <type>RWS VHF-bord</type>
  </wpt>
  <wpt lat="51.8656387" lon="5.8835756">
    <name>B.11.b - VHF 5</name>
    <desc>B.11.b - Verplichting zich te melden op het aangegeven marifoonkanaal
VHF 5

Locatie: BR1 Lobith - Nijmegen - 192
Vaarwegkilometer: 881.625
Stroomrichting: Stroomopwaarts
Plaatsing: Rechter oever
Orientatie: 0°

https://data.rws.nl/id/a/verkeersbord-24238</desc>
    <sym>vhf_b11b_5</sym>
    <type>RWS VHF-bord</type>
  </wpt>
  <wpt lat="53.2283986" lon="6.6190450">
    <name>E.23 - VHF 81</name>
    <desc>E.23 - Marifoonkanaal voor nautische informatie
VHF 81

Locatie: Kanaalvak 022,543-026,400 EMK Slochterdiep - Winschoterdiep
Vaarwegkilometer: 24.871
Stroomrichting: Stroomafwaarts
Plaatsing: Rechter oever
Orientatie: 360°

https://data.rws.nl/id/a/verkeersbord-52926</desc>
    <sym>vhf_e23_81</sym>
    <type>RWS VHF-bord</type>
  </wpt>
  <wpt lat="53.2245621" lon="6.6047805">
    <name>E.23 - VHF 20</name>
    <desc>E.23 - Marifoonkanaal voor nautische informatie
VHF 20

Locatie: Kanaalvak 022,543-026,400 EMK Slochterdiep - Winschoterdiep
Vaarwegkilometer: 25.91
Stroomrichting: Stroomafwaarts
Plaatsing: Rechter oever
Orientatie: 245°

https://data.rws.nl/id/a/verkeersbord-23758</desc>
    <sym>vhf_e23_20</sym>
    <type>RWS VHF-bord</type>
  </wpt>
  <wpt lat="53.3231770" lon="6.9426857">
    <name>B.11.b - VHF 60</name>
    <desc>B.11.b - Verplichting zich te melden op het aangegeven marifoonkanaal
VHF 60

Locatie: Kanaalvak 000,000-006,847 EMK Zeesluizen Farmsum - Woldbrug
Vaarwegkilometer: 0.222
Stroomrichting: Stroomafwaarts
Plaatsing: Rechter oever
Orientatie: 214°

https://data.rws.nl/id/a/verkeersbord-24060</desc>
    <sym>vhf_b11b_60</sym>
    <type>RWS VHF-bord</type>
  </wpt>
  <wpt lat="51.2156498" lon="5.9829913">
    <name>B.11.b - VHF 10</name>
    <desc>B.11.b - Verplichting zich te melden op het aangegeven marifoonkanaal
VHF 10

Locatie: WR03 Afgesn. Maas Linne - Roermond
Vaarwegkilometer: 84.8
Stroomrichting: Stroomafwaarts
Plaatsing: Rechter oever
Orientatie: 0°

https://data.rws.nl/id/a/verkeersbord-48163</desc>
    <sym>vhf_b11b_10</sym>
    <type>RWS VHF-bord</type>
  </wpt>
  <wpt lat="53.2379638" lon="6.2190168">
    <name>E.23 - VHF 81</name>
    <desc>E.23 - Marifoonkanaal voor nautische informatie
VHF 81

Locatie: Kanaalvak 052,870-066,060 PMK Stroobos - Bergummermeer
Vaarwegkilometer: 53.29
Stroomrichting: Stroomafwaarts
Plaatsing: Rechter oever
Orientatie: 0°

https://data.rws.nl/id/a/verkeersbord-53135</desc>
    <sym>vhf_e23_81</sym>
    <type>RWS VHF-bord</type>
  </wpt>
  <wpt lat="51.6526707" lon="4.8464072">
    <name>E.23 - VHF 84</name>
    <desc>E.23 - Marifoonkanaal voor nautische informatie
VHF 84

Locatie: BK04
Vaarwegkilometer: 3.9
Stroomrichting: Stroomopwaarts
Plaatsing: Linker oever
Orientatie: 0°

https://data.rws.nl/id/a/verkeersbord-45653</desc>
    <sym>vhf_e23_84</sym>
    <type>RWS VHF-bord</type>
  </wpt>
  <wpt lat="53.0823820" lon="5.8348616">
    <name>E.23 - VHF 18</name>
    <desc>E.23 - Marifoonkanaal voor nautische informatie
VHF 18

Locatie: Kanaalvak 085,475-089,410 PMK Nieuw Kanaal
Vaarwegkilometer: 86.862
Stroomrichting: Stroomafwaarts
Plaatsing: Rechter oever
Orientatie: 0°

https://data.rws.nl/id/a/verkeersbord-53134</desc>
    <sym>vhf_e23_18</sym>
    <type>RWS VHF-bord</type>
  </wpt>
  <wpt lat="51.1345795" lon="5.8726565">
    <name>E.23 - VHF 85</name>
    <desc>E.23 - Marifoonkanaal voor nautische informatie
VHF 85
Vaarwegkilometer: 33.1
Stroomrichting: Stroomafwaarts
Plaatsing: Rechter oever
Orientatie: 0°

https://data.rws.nl/id/a/verkeersbord-49122</desc>
    <sym>vhf_e23_85</sym>
    <type>RWS VHF-bord</type>
  </wpt>
  <wpt lat="51.8631883" lon="5.8374251">
    <name>B.11.b - VHF 4</name>
    <desc>B.11.b - Verplichting zich te melden op het aangegeven marifoonkanaal
VHF 4

Locatie: BR2 Nijmegen - Tiel - 1528
Vaarwegkilometer: 886.32
Stroomrichting: Stroomafwaarts
Plaatsing: Rechter oever
Orientatie: 0°

https://data.rws.nl/id/a/verkeersbord-24453</desc>
    <sym>vhf_b11b_4</sym>
    <type>RWS VHF-bord</type>
  </wpt>
  <wpt lat="51.8287410" lon="4.9468950">
    <name>E.23 - VHF 18</name>
    <desc>E.23 - Marifoonkanaal voor nautische informatie
VHF 18

Locatie: bome-50
Vaarwegkilometer: 956.65
Plaatsing: Rechter oever
Orientatie: 0°

https://data.rws.nl/id/a/verkeersbord-43229</desc>
    <sym>vhf_e23_18</sym>
    <type>RWS VHF-bord</type>
  </wpt>
  <wpt lat="51.7582851" lon="5.7486290">
    <name>E.23 - VHF 20</name>
    <desc>E.23 - Marifoonkanaal voor nautische informatie
VHF 20
Vaarwegkilometer: 174.2
Stroomrichting: Stroomafwaarts
Plaatsing: Rechter oever
Orientatie: 127°

https://data.rws.nl/id/a/verkeersbord-49587</desc>
    <sym>vhf_e23_20</sym>
    <type>RWS VHF-bord</type>
  </wpt>
  <wpt lat="51.5101046" lon="4.1745170">
    <name>E.23</name>
    <desc>E.23 - Marifoonkanaal voor nautische informatie
Stroomrichting: Stroomopwaarts
Plaatsing: Rechter oever

https://data.rws.nl/id/a/verkeersbord-53291</desc>
    <sym>vhf_e23_unknown</sym>
    <type>RWS VHF-bord</type>
  </wpt>
  <wpt lat="51.1808295" lon="5.8479984">
    <name>E.23 - VHF 84</name>
    <desc>E.23 - Marifoonkanaal voor nautische informatie
VHF 84

Locatie: WR10
Vaarwegkilometer: 0
Stroomrichting: Stroomafwaarts
Plaatsing: Rechter oever
Orientatie: 232°

https://data.rws.nl/id/a/verkeersbord-49244</desc>
    <sym>vhf_e23_84</sym>
    <type>RWS VHF-bord</type>
  </wpt>
  <wpt lat="50.9620364" lon="5.7515386">
    <name>E.23 - VHF 0</name>
    <desc>E.23 - Marifoonkanaal voor nautische informatie
VHF 0
Vaarwegkilometer: 11.8
Stroomrichting: Stroomafwaarts
Plaatsing: Linker oever
Orientatie: 0°

https://data.rws.nl/id/a/verkeersbord-49175</desc>
    <sym>vhf_e23_unknown</sym>
    <type>RWS VHF-bord</type>
  </wpt>
  <wpt lat="52.9491137" lon="4.7880256">
    <name>E.23 - VHF 62</name>
    <desc>E.23 - Marifoonkanaal voor nautische informatie
VHF 62

Locatie: Nog in te winnen
Vaarwegkilometer: 0
Stroomrichting: Stroomopwaarts
Plaatsing: Haven
Orientatie: 11°

https://data.rws.nl/id/a/verkeersbord-23611</desc>
    <sym>vhf_e23_62</sym>
    <type>RWS VHF-bord</type>
  </wpt>
  <wpt lat="52.6576454" lon="5.5988126">
    <name>B.11.b</name>
    <desc>B.11.b - Verplichting zich te melden op het aangegeven marifoonkanaal

Locatie: YMYM Ijsselmeer (Enkhuizen-Den Oever; Enkhuizen-Lemmer; Ketelmeer-VAL; URK-Kornwerderzand; Lelystad-Lemmer)
Vaarwegkilometer: 0
Plaatsing: Rechter oever
Orientatie: 0°

https://data.rws.nl/id/a/verkeersbord-22132</desc>
    <sym>vhf_b11b_unknown</sym>
    <type>RWS VHF-bord</type>
  </wpt>
  <wpt lat="51.7730902" lon="4.6290017">
    <name>B.11.a - VHF 10</name>
    <desc>B.11.a - Verplichting gebruik te maken van marifoon overeenkomstig de daartoe bij algemene regeling vastgestelde voorschriften
VHF 10

Locatie: 120A Afgedamde Maas (ten zuiden van de sluis + Heusdens Kanaal)-150
Vaarwegkilometer: 982.6
Plaatsing: Rechter oever
Orientatie: 0°

https://data.rws.nl/id/a/verkeersbord-42647</desc>
    <sym>vhf_b11a</sym>
    <type>RWS VHF-bord</type>
  </wpt>
  <wpt lat="52.1279376" lon="5.0538894">
    <name>B.11.b - VHF 61</name>
    <desc>B.11.b - Verplichting zich te melden op het aangegeven marifoonkanaal
VHF 61

Locatie: ARK1 Amsterdam Rijnkanaal
Vaarwegkilometer: 31.45
Stroomrichting: Stroomafwaarts
Plaatsing: Rechter oever
Orientatie: 167°

https://data.rws.nl/id/a/verkeersbord-21146</desc>
    <sym>vhf_b11b_61</sym>
    <type>RWS VHF-bord</type>
  </wpt>
  <wpt lat="52.6848661" lon="6.1532268">
    <name>E.23 - VHF 22</name>
    <desc>E.23 - Marifoonkanaal voor nautische informatie
VHF 22

Locatie: ZW3, Meppelerdiep - 6389
Vaarwegkilometer: 7.95
Stroomrichting: Stroomafwaarts
Plaatsing: Rechter oever
Orientatie: 360°

https://data.rws.nl/id/a/verkeersbord-51282</desc>
    <sym>vhf_e23_22</sym>
    <type>RWS VHF-bord</type>
  </wpt>
  <wpt lat="51.8031586" lon="4.6400343">
    <name>B.11.b - VHF 4</name>
    <desc>B.11.b - Verplichting zich te melden op het aangegeven marifoonkanaal
VHF 4

Locatie: 120A Afgedamde Maas (ten zuiden van de sluis + Heusdens Kanaal)-437
Vaarwegkilometer: 979.15
Stroomrichting: Stroomopwaarts
Plaatsing: Linker oever
Orientatie: 0°

https://data.rws.nl/id/a/verkeersbord-41702</desc>
    <sym>vhf_b11b_4</sym>
    <type>RWS VHF-bord</type>
  </wpt>
  <wpt lat="51.8965923" lon="6.0228396">
    <name>B.11.b - VHF 5</name>
    <desc>B.11.b - Verplichting zich te melden op het aangegeven marifoonkanaal
VHF 5

Locatie: RL 1, Pannerdensche Kop - IJsselkop - 2117
Vaarwegkilometer: 870.38
Stroomrichting: Stroomopwaarts
Plaatsing: Rechter oever
Orientatie: 0°

https://data.rws.nl/id/a/verkeersbord-25022</desc>
    <sym>vhf_b11b_5</sym>
    <type>RWS VHF-bord</type>
  </wpt>
  <wpt lat="51.9895123" lon="4.6793748">
    <name>B.11.a - VHF 18</name>
    <desc>B.11.a - Verplichting gebruik te maken van marifoon overeenkomstig de daartoe bij algemene regeling vastgestelde voorschriften
VHF 18

Locatie: 211 Hollandsche IJssel-362
Vaarwegkilometer: 4.506
Plaatsing: Linker oever
Orientatie: 0°

https://data.rws.nl/id/a/verkeersbord-44147</desc>
    <sym>vhf_b11a</sym>
    <type>RWS VHF-bord</type>
  </wpt>
  <wpt lat="52.1658026" lon="6.2717971">
    <name>E.23 - VHF 22</name>
    <desc>E.23 - Marifoonkanaal voor nautische informatie
VHF 22

Locatie: TK1 Twentekanaal van Zutphen naar Bolsbeek km 0,0 - 20,7 - 315
Vaarwegkilometer: 5.99
Stroomrichting: Stroomafwaarts
Plaatsing: Linker oever
Orientatie: 0°

https://data.rws.nl/id/a/verkeersbord-29035</desc>
    <sym>vhf_e23_22</sym>
    <type>RWS VHF-bord</type>
  </wpt>
  <wpt lat="51.6629501" lon="4.1828515">
    <name>E.23 - VHF 22</name>
    <desc>E.23 - Marifoonkanaal voor nautische informatie
VHF 22

Locatie: SR5 Oosterschelde-Oost ,(incl. Krammersluizen, Bergsediepsl., Oesterdam, Philipsdam, oostmond Zandkreek-41
Vaarwegkilometer: 0
Plaatsing: Linker oever
Orientatie: 0°

https://data.rws.nl/id/a/verkeersbord-45238</desc>
    <sym>vhf_e23_22</sym>
    <type>RWS VHF-bord</type>
  </wpt>
  <wpt lat="51.8794527" lon="5.7840735">
    <name>B.11.b - VHF 10</name>
    <desc>B.11.b - Verplichting zich te melden op het aangegeven marifoonkanaal
VHF 10

Locatie: BR2 Nijmegen - Tiel - 200
Vaarwegkilometer: 890.38
Stroomrichting: Stroomafwaarts
Plaatsing: Rechter oever
Orientatie: 0°

https://data.rws.nl/id/a/verkeersbord-24363</desc>
    <sym>vhf_b11b_10</sym>
    <type>RWS VHF-bord</type>
  </wpt>
  <wpt lat="51.8002900" lon="5.3533713">
    <name>B.11.b - VHF 68</name>
    <desc>B.11.b - Verplichting zich te melden op het aangegeven marifoonkanaal
VHF 68
Vaarwegkilometer: 1.52
Stroomrichting: Stroomopwaarts
Plaatsing: Rechter oever
Orientatie: 26°

https://data.rws.nl/id/a/verkeersbord-47611</desc>
    <sym>vhf_b11b_68</sym>
    <type>RWS VHF-bord</type>
  </wpt>
  <wpt lat="51.6956249" lon="4.4431833">
    <name>B.11.a - VHF 7</name>
    <desc>B.11.a - Verplichting gebruik te maken van marifoon overeenkomstig de daartoe bij algemene regeling vastgestelde voorschriften
VHF 7

Locatie: 108C Hollandsch Diep (benedenstrooms van oversteek)-204
Vaarwegkilometer: 996.8
Stroomrichting: Stroomopwaarts
Plaatsing: Linker oever
Orientatie: 0°

https://data.rws.nl/id/a/verkeersbord-42117</desc>
    <sym>vhf_b11a</sym>
    <type>RWS VHF-bord</type>
  </wpt>
  <wpt lat="53.2060487" lon="6.0957627">
    <name>E.23 - VHF 81</name>
    <desc>E.23 - Marifoonkanaal voor nautische informatie
VHF 81

Locatie: Kanaalvak 052,870-066,060 PMK Stroobos - Bergummermeer
Vaarwegkilometer: 62.79
Stroomrichting: Stroomopwaarts
Plaatsing: Linker oever
Orientatie: 225°

https://data.rws.nl/id/a/verkeersbord-23291</desc>
    <sym>vhf_e23_81</sym>
    <type>RWS VHF-bord</type>
  </wpt>
  <wpt lat="51.7624500" lon="5.8584166">
    <name>E.23 - VHF 22</name>
    <desc>E.23 - Marifoonkanaal voor nautische informatie
VHF 22
Vaarwegkilometer: 7
Plaatsing: Rechter oever
Orientatie: 360°

https://data.rws.nl/id/a/verkeersbord-49373</desc>
    <sym>vhf_e23_22</sym>
    <type>RWS VHF-bord</type>
  </wpt>
  <wpt lat="52.9380973" lon="5.0399343">
    <name>E.23 - VHF 20</name>
    <desc>E.23 - Marifoonkanaal voor nautische informatie
VHF 20

Locatie: WAD2 Waddenzee-west-56
Vaarwegkilometer: 0
Plaatsing: Rechter oever
Orientatie: 225°

https://data.rws.nl/id/a/verkeersbord-21111</desc>
    <sym>vhf_e23_20</sym>
    <type>RWS VHF-bord</type>
  </wpt>
  <wpt lat="51.3270869" lon="3.8198746">
    <name>B.11.b</name>
    <desc>B.11.b - Verplichting zich te melden op het aangegeven marifoonkanaal
Vaarwegkilometer: 13.8

https://data.rws.nl/id/a/verkeersbord-53590</desc>
    <sym>vhf_b11b_unknown</sym>
    <type>RWS VHF-bord</type>
  </wpt>
  <wpt lat="51.8256660" lon="5.2938094">
    <name>B.11.b - VHF 10</name>
    <desc>B.11.b - Verplichting zich te melden op het aangegeven marifoonkanaal
VHF 10

Locatie: BR3 Tiel - Zaltbommel - 269
Vaarwegkilometer: 931.15
Stroomrichting: Stroomafwaarts
Plaatsing: Rechter oever
Orientatie: 0°

https://data.rws.nl/id/a/verkeersbord-24275</desc>
    <sym>vhf_b11b_10</sym>
    <type>RWS VHF-bord</type>
  </wpt>
  <wpt lat="52.9249994" lon="5.0512238">
    <name>E.23 - VHF 20</name>
    <desc>E.23 - Marifoonkanaal voor nautische informatie
VHF 20

Locatie: YMYM Ijsselmeer (Enkhuizen-Den Oever; Enkhuizen-Lemmer; Ketelmeer-VAL; URK-Kornwerderzand; Lelystad-Lemmer)-26
Vaarwegkilometer: 0
Plaatsing: Linker oever
Orientatie: 0°

https://data.rws.nl/id/a/verkeersbord-22260</desc>
    <sym>vhf_e23_20</sym>
    <type>RWS VHF-bord</type>
  </wpt>
  <wpt lat="52.9379383" lon="5.0398045">
    <name>E.23 - VHF 4</name>
    <desc>E.23 - Marifoonkanaal voor nautische informatie
VHF 4

Locatie: WAD2 Waddenzee-west-59
Vaarwegkilometer: 0
Plaatsing: Rechter oever
Orientatie: 45°

https://data.rws.nl/id/a/verkeersbord-21106</desc>
    <sym>vhf_e23_4</sym>
    <type>RWS VHF-bord</type>
  </wpt>
  <wpt lat="51.6299273" lon="6.0090260">
    <name>E.23 - VHF 22</name>
    <desc>E.23 - Marifoonkanaal voor nautische informatie
VHF 22

Locatie: WR06 Maas Belf
Vaarwegkilometer: 144.5
Stroomrichting: Stroomafwaarts
Plaatsing: Rechter oever
Orientatie: 0°

https://data.rws.nl/id/a/verkeersbord-48420</desc>
    <sym>vhf_e23_22</sym>
    <type>RWS VHF-bord</type>
  </wpt>
  <wpt lat="51.8695223" lon="6.0399305">
    <name>B.11.b - VHF 64</name>
    <desc>B.11.b - Verplichting zich te melden op het aangegeven marifoonkanaal
VHF 64

Locatie: BR1 Lobith - Nijmegen - 189
Vaarwegkilometer: 867.24
Plaatsing: Linker oever
Orientatie: 0°

https://data.rws.nl/id/a/verkeersbord-24617</desc>
    <sym>vhf_b11b_64</sym>
    <type>RWS VHF-bord</type>
  </wpt>
  <wpt lat="52.2454375" lon="6.1648459">
    <name>E.23 - VHF 18</name>
    <desc>E.23 - Marifoonkanaal voor nautische informatie
VHF 18

Locatie: YS2, IJssel van Twentekanalen tot Zwolle-IJsselkanaal - 3489
Vaarwegkilometer: 943.86
Plaatsing: Rechter oever
Orientatie: 360°

https://data.rws.nl/id/a/verkeersbord-50725</desc>
    <sym>vhf_e23_18</sym>
    <type>RWS VHF-bord</type>
  </wpt>
  <wpt lat="52.4951877" lon="5.3945360">
    <name>E.23 - VHF 1</name>
    <desc>E.23 - Marifoonkanaal voor nautische informatie
VHF 1

Locatie: MMMM Markermeer (Ijmeer, Amsterdam-Lelystad, Almere-Enkhuizen, Oostvaardersdiep-Zuid; MarkermeerOostvaardersdiep Noord)-28
Vaarwegkilometer: 0
Plaatsing: Rechter oever
Orientatie: 0°

https://data.rws.nl/id/a/verkeersbord-21781</desc>
    <sym>vhf_e23_1</sym>
    <type>RWS VHF-bord</type>
  </wpt>
  <wpt lat="51.9701822" lon="5.9266592">
    <name>E.23 - VHF 12</name>
    <desc>E.23 - Marifoonkanaal voor nautische informatie
VHF 12

Locatie: RL 2, IJsselkop - Amsterdam-Rijnkanaal - 710
Vaarwegkilometer: 881.67
Stroomrichting: Stroomopwaarts
Plaatsing: Rechter oever
Orientatie: 0°

https://data.rws.nl/id/a/verkeersbord-25415</desc>
    <sym>vhf_e23_12</sym>
    <type>RWS VHF-bord</type>
  </wpt>
  <wpt lat="51.5128543" lon="4.1659449">
    <name>B.11.b - VHF 68</name>
    <desc>B.11.b - Verplichting zich te melden op het aangegeven marifoonkanaal
VHF 68

Locatie: SR1 Krammer-Volkerak-Eendracht-Zoomm.(incl. Kreekraksluizen)-93
Vaarwegkilometer: 0
Plaatsing: Rechter oever
Orientatie: 0°

https://data.rws.nl/id/a/verkeersbord-45142</desc>
    <sym>vhf_b11b_68</sym>
    <type>RWS VHF-bord</type>
  </wpt>
  <wpt lat="52.0120576" lon="5.1095404">
    <name>E.23 - VHF 20</name>
    <desc>E.23 - Marifoonkanaal voor nautische informatie
VHF 20

Locatie: ARK2 Lekkanaal
Vaarwegkilometer: 45.446
Stroomrichting: Stroomafwaarts
Plaatsing: Kunstwerk
Orientatie: 17°

https://data.rws.nl/id/a/verkeersbord-21446</desc>
    <sym>vhf_e23_20</sym>
    <type>RWS VHF-bord</type>
  </wpt>
  <wpt lat="52.5669645" lon="5.9092618">
    <name>E.23 - VHF 18</name>
    <desc>E.23 - Marifoonkanaal voor nautische informatie
VHF 18

Locatie: YS3, IJssel van Zwolle-IJsselkanaal tot Ketelmeer - 4229
Vaarwegkilometer: 996.54
Stroomrichting: Stroomafwaarts
Plaatsing: Rechter oever
Orientatie: 360°

https://data.rws.nl/id/a/verkeersbord-51132</desc>
    <sym>vhf_e23_18</sym>
    <type>RWS VHF-bord</type>
  </wpt>
  <wpt lat="50.8591177" lon="5.6962769">
    <name>E.23 - VHF 20</name>
    <desc>E.23 - Marifoonkanaal voor nautische informatie
VHF 20
Vaarwegkilometer: 0
Stroomrichting: Stroomopwaarts
Plaatsing: Linker oever
Orientatie: 0°

https://data.rws.nl/id/a/verkeersbord-46761</desc>
    <sym>vhf_e23_20</sym>
    <type>RWS VHF-bord</type>
  </wpt>
  <wpt lat="51.8146216" lon="5.2292588">
    <name>B.11.b - VHF 64</name>
    <desc>B.11.b - Verplichting zich te melden op het aangegeven marifoonkanaal
VHF 64

Locatie: BR4 Zaltbommel - Gorinchem - 237
Vaarwegkilometer: 935.9
Plaatsing: Rechter oever
Orientatie: 0°

https://data.rws.nl/id/a/verkeersbord-24789</desc>
    <sym>vhf_b11b_64</sym>
    <type>RWS VHF-bord</type>
  </wpt>
  <wpt lat="52.3808798" lon="4.9318877">
    <name>B.11.a - VHF 60</name>
    <desc>B.11.a - Verplichting gebruik te maken van marifoon overeenkomstig de daartoe bij algemene regeling vastgestelde voorschriften
VHF 60

Locatie: Bord 563: NZK5 Sluizen te IJmuiden &amp; Noorzeekanaal tot IJ Lekkanaal-602
Vaarwegkilometer: 0
Stroomrichting: Stroomopwaarts
Plaatsing: Rechter oever
Orientatie: 0°

https://data.rws.nl/id/a/verkeersbord-41303</desc>
    <sym>vhf_b11a</sym>
    <type>RWS VHF-bord</type>
  </wpt>
  <wpt lat="51.7736429" lon="5.7246754">
    <name>E.23 - VHF 20</name>
    <desc>E.23 - Marifoonkanaal voor nautische informatie
VHF 20
Vaarwegkilometer: 176.6
Stroomrichting: Stroomopwaarts
Plaatsing: Rechter oever
Orientatie: 76°

https://data.rws.nl/id/a/verkeersbord-46858</desc>
    <sym>vhf_e23_20</sym>
    <type>RWS VHF-bord</type>
  </wpt>
  <wpt lat="51.3298822" lon="6.1174323">
    <name>E.23 - VHF 18</name>
    <desc>E.23 - Marifoonkanaal voor nautische informatie
VHF 18

Locatie: MM5 Julianakanaal-2950
Vaarwegkilometer: 101.4
Plaatsing: Linker oever
Orientatie: 0°

https://data.rws.nl/id/a/verkeersbord-49785</desc>
    <sym>vhf_e23_18</sym>
    <type>RWS VHF-bord</type>
  </wpt>
  <wpt lat="52.3752913" lon="4.9688661">
    <name>B.11.a - VHF 18</name>
    <desc>B.11.a - Verplichting gebruik te maken van marifoon overeenkomstig de daartoe bij algemene regeling vastgestelde voorschriften
VHF 18

Locatie: Bord 385: NZK5 Sluizen te IJmuiden &amp; Noorzeekanaal tot IJ Lekkanaal-414
Vaarwegkilometer: 0
Stroomrichting: Stroomopwaarts
Plaatsing: Rechter oever
Orientatie: 0°

https://data.rws.nl/id/a/verkeersbord-41210</desc>
    <sym>vhf_b11a</sym>
    <type>RWS VHF-bord</type>
  </wpt>
  <wpt lat="53.0545638" lon="5.4018076">
    <name>E.23 - VHF 84</name>
    <desc>E.23 - Marifoonkanaal voor nautische informatie
VHF 84

Locatie: YMYM Ijsselmeer (Enkhuizen-Den Oever; Enkhuizen-Lemmer; Ketelmeer-VAL; URK-Kornwerderzand; Lelystad-Lemmer)
Vaarwegkilometer: 0
Plaatsing: Rechter oever
Orientatie: 0°

https://data.rws.nl/id/a/verkeersbord-22368</desc>
    <sym>vhf_e23_84</sym>
    <type>RWS VHF-bord</type>
  </wpt>
  <wpt lat="52.3808798" lon="4.9318877">
    <name>B.11.a - VHF 4</name>
    <desc>B.11.a - Verplichting gebruik te maken van marifoon overeenkomstig de daartoe bij algemene regeling vastgestelde voorschriften
VHF 4

Locatie: verkeersbord
Vaarwegkilometer: 0
Orientatie: 0°

https://data.rws.nl/id/a/verkeersbord-41633</desc>
    <sym>vhf_b11a</sym>
    <type>RWS VHF-bord</type>
  </wpt>
  <wpt lat="50.8098849" lon="5.6924237">
    <name>B.11.b - VHF 18</name>
    <desc>B.11.b - Verplichting zich te melden op het aangegeven marifoonkanaal
VHF 18
Vaarwegkilometer: 0
Stroomrichting: Stroomopwaarts
Plaatsing: Rechter oever
Orientatie: 0°

https://data.rws.nl/id/a/verkeersbord-47275</desc>
    <sym>vhf_b11b_18</sym>
    <type>RWS VHF-bord</type>
  </wpt>
  <wpt lat="53.0638291" lon="5.3398831">
    <name>E.23 - VHF 1</name>
    <desc>E.23 - Marifoonkanaal voor nautische informatie
VHF 1

Locatie: YMYM Ijsselmeer (Enkhuizen-Den Oever; Enkhuizen-Lemmer; Ketelmeer-VAL; URK-Kornwerderzand; Lelystad-Lemmer)-211
Vaarwegkilometer: 0
Plaatsing: Rechter oever
Orientatie: 0°

https://data.rws.nl/id/a/verkeersbord-21713</desc>
    <sym>vhf_e23_1</sym>
    <type>RWS VHF-bord</type>
  </wpt>
  <wpt lat="51.8091201" lon="5.4371496">
    <name>E.23 - VHF 22</name>
    <desc>E.23 - Marifoonkanaal voor nautische informatie
VHF 22
Vaarwegkilometer: 201.9
Stroomrichting: Stroomafwaarts
Plaatsing: Linker oever
Orientatie: 96°

https://data.rws.nl/id/a/verkeersbord-49818</desc>
    <sym>vhf_e23_22</sym>
    <type>RWS VHF-bord</type>
  </wpt>
  <wpt lat="51.9035214" lon="5.5762736">
    <name>B.11.b - VHF 10</name>
    <desc>B.11.b - Verplichting zich te melden op het aangegeven marifoonkanaal
VHF 10

Locatie: BR2 Nijmegen - Tiel - 203
Vaarwegkilometer: 905.19
Stroomrichting: Stroomopwaarts
Plaatsing: Rechter oever
Orientatie: 0°

https://data.rws.nl/id/a/verkeersbord-24395</desc>
    <sym>vhf_b11b_10</sym>
    <type>RWS VHF-bord</type>
  </wpt>
  <wpt lat="51.3321472" lon="5.7461620">
    <name>E.23 - VHF 18</name>
    <desc>E.23 - Marifoonkanaal voor nautische informatie
VHF 18

Locatie: BK02
Vaarwegkilometer: 0
Stroomrichting: Stroomopwaarts
Plaatsing: Linker oever
Orientatie: 0°

https://data.rws.nl/id/a/verkeersbord-48831</desc>
    <sym>vhf_e23_18</sym>
    <type>RWS VHF-bord</type>
  </wpt>
  <wpt lat="52.6943360" lon="6.1736247">
    <name>E.23 - VHF 22</name>
    <desc>E.23 - Marifoonkanaal voor nautische informatie
VHF 22

Locatie: ZW3, Meppelerdiep - 6397
Vaarwegkilometer: 9.77
Stroomrichting: Stroomafwaarts
Plaatsing: Rechter oever
Orientatie: 360°

https://data.rws.nl/id/a/verkeersbord-51320</desc>
    <sym>vhf_e23_22</sym>
    <type>RWS VHF-bord</type>
  </wpt>
  <wpt lat="51.9089616" lon="4.5668792">
    <name>B.11.a - VHF 81</name>
    <desc>B.11.a - Verplichting gebruik te maken van marifoon overeenkomstig de daartoe bij algemene regeling vastgestelde voorschriften
VHF 81

Locatie: 211 Hollandsche IJssel-12
Vaarwegkilometer: 19.2
Stroomrichting: Stroomopwaarts
Plaatsing: Linker oever
Orientatie: 0°

https://data.rws.nl/id/a/verkeersbord-44149</desc>
    <sym>vhf_b11a</sym>
    <type>RWS VHF-bord</type>
  </wpt>
  <wpt lat="51.9229135" lon="5.4295106">
    <name>E.23 - VHF 66</name>
    <desc>E.23 - Marifoonkanaal voor nautische informatie
VHF 66

Locatie: ARK4 Amsterdam Rijnkanaal
Vaarwegkilometer: 68.1
Stroomrichting: Stroomafwaarts
Plaatsing: Rechter oever
Orientatie: 307°

https://data.rws.nl/id/a/verkeersbord-22721</desc>
    <sym>vhf_e23_66</sym>
    <type>RWS VHF-bord</type>
  </wpt>
  <wpt lat="51.7714837" lon="5.7340250">
    <name>E.23 - VHF 20</name>
    <desc>E.23 - Marifoonkanaal voor nautische informatie
VHF 20
Vaarwegkilometer: 175.8
Stroomrichting: Stroomopwaarts
Plaatsing: Rechter oever
Orientatie: 139°

https://data.rws.nl/id/a/verkeersbord-47036</desc>
    <sym>vhf_e23_20</sym>
    <type>RWS VHF-bord</type>
  </wpt>
  <wpt lat="51.6608505" lon="4.1567325">
    <name>B.11.b</name>
    <desc>B.11.b - Verplichting zich te melden op het aangegeven marifoonkanaal

https://data.rws.nl/id/a/verkeersbord-53279</desc>
    <sym>vhf_b11b_unknown</sym>
    <type>RWS VHF-bord</type>
  </wpt>
  <wpt lat="53.2369871" lon="6.2043791">
    <name>E.23 - VHF 81</name>
    <desc>E.23 - Marifoonkanaal voor nautische informatie
VHF 81

Locatie: Kanaalvak 052,870-066,060 PMK Stroobos - Bergummermeer
Vaarwegkilometer: 54.27
Stroomrichting: Stroomopwaarts
Plaatsing: Linker oever
Orientatie: 360°

https://data.rws.nl/id/a/verkeersbord-53061</desc>
    <sym>vhf_e23_81</sym>
    <type>RWS VHF-bord</type>
  </wpt>
  <wpt lat="51.1705811" lon="5.8757019">
    <name>E.23 - VHF 48</name>
    <desc>E.23 - Marifoonkanaal voor nautische informatie
VHF 48

Locatie: WR06 Maas Belf
Vaarwegkilometer: 0
Plaatsing: Rechter oever
Orientatie: 0°

https://data.rws.nl/id/a/verkeersbord-49295</desc>
    <sym>vhf_e23_48</sym>
    <type>RWS VHF-bord</type>
  </wpt>
  <wpt lat="52.2394949" lon="6.6542122">
    <name>E.23 - VHF 18</name>
    <desc>E.23 - Marifoonkanaal voor nautische informatie
VHF 18

Locatie: TK2 Twentekanaal van Bolksbeek tot Enschede km 20,7 -48,3
Vaarwegkilometer: 34.51
Stroomrichting: Stroomopwaarts
Plaatsing: Rechter oever
Orientatie: 0°

https://data.rws.nl/id/a/verkeersbord-52084</desc>
    <sym>vhf_e23_18</sym>
    <type>RWS VHF-bord</type>
  </wpt>
  <wpt lat="52.3947278" lon="4.8892311">
    <name>E.23 - VHF 69</name>
    <desc>E.23 - Marifoonkanaal voor nautische informatie
VHF 69

Locatie: Bord 634: NZK5 Sluizen te IJmuiden &amp; Noorzeekanaal tot IJ Lekkanaal-677
Vaarwegkilometer: 0
Stroomrichting: Stroomopwaarts
Plaatsing: Rechter oever
Orientatie: 0°

https://data.rws.nl/id/a/verkeersbord-41357</desc>
    <sym>vhf_e23_69</sym>
    <type>RWS VHF-bord</type>
  </wpt>
  <wpt lat="51.3362181" lon="3.8200241">
    <name>B.11.b - VHF 3</name>
    <desc>B.11.b - Verplichting zich te melden op het aangegeven marifoonkanaal
VHF 3

Locatie: NMZ1 Westerschelde (noordelijke oevers en Westerschelde)-186
Vaarwegkilometer: 0
Stroomrichting: Stroomafwaarts
Plaatsing: Rechter oever
Orientatie: 0°

https://data.rws.nl/id/a/verkeersbord-44750</desc>
    <sym>vhf_b11b_3</sym>
    <type>RWS VHF-bord</type>
  </wpt>
  <wpt lat="50.8305829" lon="5.6962770">
    <name>E.23 - VHF 20</name>
    <desc>E.23 - Marifoonkanaal voor nautische informatie
VHF 20
Vaarwegkilometer: 0
Stroomrichting: Stroomafwaarts
Plaatsing: Rechter oever
Orientatie: 0°

https://data.rws.nl/id/a/verkeersbord-46803</desc>
    <sym>vhf_e23_20</sym>
    <type>RWS VHF-bord</type>
  </wpt>
  <wpt lat="52.1431253" lon="5.0212849">
    <name>B.11.b - VHF 61</name>
    <desc>B.11.b - Verplichting zich te melden op het aangegeven marifoonkanaal
VHF 61

Locatie: ARK1 Amsterdam Rijnkanaal
Vaarwegkilometer: 28.65
Stroomrichting: Stroomopwaarts
Plaatsing: Linker oever
Orientatie: 133°

https://data.rws.nl/id/a/verkeersbord-22245</desc>
    <sym>vhf_b11b_61</sym>
    <type>RWS VHF-bord</type>
  </wpt>
  <wpt lat="52.3693753" lon="6.6343206">
    <name>E.23 - VHF 22</name>
    <desc>E.23 - Marifoonkanaal voor nautische informatie
VHF 22

Locatie: TK3 Twentekanaal Zijtak Almelo km 0,0 - 15,8
Vaarwegkilometer: 15.48
Stroomrichting: Stroomopwaarts
Plaatsing: Rechter oever

https://data.rws.nl/id/a/verkeersbord-52027</desc>
    <sym>vhf_e23_22</sym>
    <type>RWS VHF-bord</type>
  </wpt>
  <wpt lat="51.8217830" lon="4.0489780">
    <name>E.23 - VHF 31</name>
    <desc>E.23 - Marifoonkanaal voor nautische informatie
VHF 31

Locatie: 117 Haringvliet-260
Vaarwegkilometer: 1027.15
Plaatsing: Linker oever
Orientatie: 0°

https://data.rws.nl/id/a/verkeersbord-44159</desc>
    <sym>vhf_e23_31</sym>
    <type>RWS VHF-bord</type>
  </wpt>
</gpx>