<?xml version='1.0' encoding='utf-8'?>
<gpx xmlns="http://www.topografix.com/GPX/1/1" xmlns:gpxx="http://www.garmin.com/xmlschemas/GpxExtensions/v3" xmlns:opencpn="http://www.opencpn.org" xmlns:xsi="http://www.w3.org/2001/XMLSchema-instance" version="1.1" creator="vhfinfo_to_opencpn.py" xsi:schemaLocation="http://www.topografix.com/GPX/1/1 http://www.topografix.com/GPX/1/1/gpx.xsd http://www.garmin.com/xmlschemas/GpxExtensions/v3 http://www8.garmin.com/xmlschemas/GpxExtensionsv3.xsd">
  <metadata>
    <name>VHFinfo Nederland</name>
    <desc>OpenCPN layer generated from VHFinfo; numeric channels use gray per-channel clickable icons.</desc>
    <time>2026-10-05T11:31:40Z</time>
  </metadata>
  <trk>
    <name>VHF 78 - Volkeraksluizen</name>
    <desc>Oproepnaam: Volkeraksluizen Zuid
Type: vts
VHF-kanaal: 78
Gebruik: announce
Telefoon: +31887970800
Bron/info: https://varendoejesamen.nl/storage/app/media/downloads/Marifoonblokkanalen-regio-zuid-holland.pdf</desc>
    <extensions>
      <opencpn:viz>1</opencpn:viz>
      <opencpn:style width="7" style="101" />
      <gpxx:TrackExtension>
        <gpxx:DisplayColor>Red</gpxx:DisplayColor>
      </gpxx:TrackExtension>
    </extensions>
    <trkseg>
      <trkpt lat="51.677718001" lon="4.393029213" />
      <trkpt lat="51.679953281" lon="4.391999245" />
      <trkpt lat="51.688243515" lon="4.407234192" />
      <trkpt lat="51.689680955" lon="4.405603409" />
      <trkpt lat="51.681124097" lon="4.389295578" />
      <trkpt lat="51.684396901" lon="4.389081001" />
      <trkpt lat="51.683838147" lon="4.385991096" />
      <trkpt lat="51.681283752" lon="4.382429123" />
      <trkpt lat="51.680219378" lon="4.385604858" />
      <trkpt lat="51.672768061" lon="4.379167557" />
      <trkpt lat="51.671410725" lon="4.378566742" />
      <trkpt lat="51.668083749" lon="4.386806488" />
      <trkpt lat="51.677718001" lon="4.393029213" />
    </trkseg>
  </trk>
  <wpt lat="51.677987203" lon="4.389202701">
    <name>Volkeraksluizen</name>
    <desc>Oproepnaam: Volkeraksluizen Zuid
Type: vts
VHF-kanaal: 78
Gebruik: announce
Telefoon: +31887970800
Bron/info: https://varendoejesamen.nl/storage/app/media/downloads/Marifoonblokkanalen-regio-zuid-holland.pdf</desc>
    <link href="https://varendoejesamen.nl/storage/app/media/downloads/Marifoonblokkanalen-regio-zuid-holland.pdf">
      <text>https://varendoejesamen.nl/storage/app/media/downloads/Marifoonblokkanalen-regio-zuid-holland.pdf</text>
    </link>
    <link href="tel:+31887970800">
      <text>tel:+31887970800</text>
    </link>
    <sym>vhf_unknown_78</sym>
    <type>WPT</type>
    <extensions>
      <opencpn:viz>1</opencpn:viz>
      <opencpn:viz_name>0</opencpn:viz_name>
      <opencpn:scale_min_max UseScale="false" ScaleMin="2147483646" ScaleMax="0" />
    </extensions>
  </wpt>
  <trk>
    <name>VHF 80 - Frisiabrêge</name>
    <desc>Oproepnaam: Frisiabrug
Type: bridge
VHF-kanaal: 80
Gebruik: report
Bron/info: https://waterkaart.net/gids/brug.php?naam=Frisiabrug-/-Frisiabr%C3%AAge%2C-Van-Harinxmakanaal</desc>
    <extensions>
      <opencpn:viz>1</opencpn:viz>
      <opencpn:style width="5" style="101" />
      <gpxx:TrackExtension>
        <gpxx:DisplayColor>Cyan</gpxx:DisplayColor>
      </gpxx:TrackExtension>
    </extensions>
    <trkseg>
      <trkpt lat="53.180554235" lon="5.525506139" />
      <trkpt lat="53.180055927" lon="5.525152087" />
      <trkpt lat="53.179877500" lon="5.525801182" />
      <trkpt lat="53.180366165" lon="5.526219606" />
      <trkpt lat="53.180554235" lon="5.525506139" />
    </trkseg>
  </trk>
  <wpt lat="53.180217810" lon="5.525673390">
    <name>Frisiabrêge</name>
    <desc>Oproepnaam: Frisiabrug
Type: bridge
VHF-kanaal: 80
Gebruik: report
Bron/info: https://waterkaart.net/gids/brug.php?naam=Frisiabrug-/-Frisiabr%C3%AAge%2C-Van-Harinxmakanaal</desc>
    <link href="https://waterkaart.net/gids/brug.php?naam=Frisiabrug-/-Frisiabr%C3%AAge%2C-Van-Harinxmakanaal">
      <text>https://waterkaart.net/gids/brug.php?naam=Frisiabrug-/-Frisiabr%C3%AAge%2C-Van-Harinxmakanaal</text>
    </link>
    <sym>vhf_unknown_80</sym>
    <type>WPT</type>
    <extensions>
      <opencpn:viz>1</opencpn:viz>
      <opencpn:viz_name>0</opencpn:viz_name>
      <opencpn:scale_min_max UseScale="false" ScaleMin="2147483646" ScaleMax="0" />
    </extensions>
  </wpt>
  <trk>
    <name>VHF 22 - Postbrug</name>
    <desc>Oproepnaam: Sluizen Hansweert
Type: bridge
VHF-kanaal: 22
Gebruik: listen
Bron/info: https://varendoejesamen.nl/kenniscentrum/artikel/knooppunt-2-6</desc>
    <extensions>
      <opencpn:viz>1</opencpn:viz>
      <opencpn:style width="5" style="101" />
      <gpxx:TrackExtension>
        <gpxx:DisplayColor>Cyan</gpxx:DisplayColor>
      </gpxx:TrackExtension>
    </extensions>
    <trkseg>
      <trkpt lat="51.497303438" lon="4.003003836" />
      <trkpt lat="51.497283412" lon="4.005836248" />
      <trkpt lat="51.497456977" lon="4.005868435" />
      <trkpt lat="51.497477004" lon="4.002993107" />
      <trkpt lat="51.497303438" lon="4.003003836" />
    </trkseg>
  </trk>
  <wpt lat="51.497380734" lon="4.004425857">
    <name>Postbrug</name>
    <desc>Oproepnaam: Sluizen Hansweert
Type: bridge
VHF-kanaal: 22
Gebruik: listen
Bron/info: https://varendoejesamen.nl/kenniscentrum/artikel/knooppunt-2-6</desc>
    <link href="https://varendoejesamen.nl/kenniscentrum/artikel/knooppunt-2-6">
      <text>https://varendoejesamen.nl/kenniscentrum/artikel/knooppunt-2-6</text>
    </link>
    <sym>vhf_unknown_22</sym>
    <type>WPT</type>
    <extensions>
      <opencpn:viz>1</opencpn:viz>
      <opencpn:viz_name>0</opencpn:viz_name>
      <opencpn:scale_min_max UseScale="false" ScaleMin="2147483646" ScaleMax="0" />
    </extensions>
  </wpt>
  <trk>
    <name>VHF 68 - Wemeldinge</name>
    <desc>Oproepnaam: Post Wemeldinge
Type: vts
VHF-kanaal: 68
Gebruik: listen</desc>
    <extensions>
      <opencpn:viz>1</opencpn:viz>
      <opencpn:style width="7" style="101" />
      <gpxx:TrackExtension>
        <gpxx:DisplayColor>Red</gpxx:DisplayColor>
      </gpxx:TrackExtension>
    </extensions>
    <trkseg>
      <trkpt lat="51.600613248" lon="3.682909012" />
      <trkpt lat="51.597547658" lon="3.684453964" />
      <trkpt lat="51.598134135" lon="3.689002991" />
      <trkpt lat="51.597201100" lon="3.692479134" />
      <trkpt lat="51.598640631" lon="3.699216843" />
      <trkpt lat="51.594535180" lon="3.709967136" />
      <trkpt lat="51.595734863" lon="3.719644547" />
      <trkpt lat="51.593068858" lon="3.720717430" />
      <trkpt lat="51.592362340" lon="3.729579449" />
      <trkpt lat="51.594868429" lon="3.736596107" />
      <trkpt lat="51.594575170" lon="3.741874695" />
      <trkpt lat="51.597321062" lon="3.747882843" />
      <trkpt lat="51.597281075" lon="3.759791851" />
      <trkpt lat="51.599333723" lon="3.762044907" />
      <trkpt lat="51.597414366" lon="3.775091171" />
      <trkpt lat="51.601812771" lon="3.780047894" />
      <trkpt lat="51.602612435" lon="3.794231415" />
      <trkpt lat="51.604851420" lon="3.799982071" />
      <trkpt lat="51.605384495" lon="3.814058304" />
      <trkpt lat="51.603145537" lon="3.819208145" />
      <trkpt lat="51.605810951" lon="3.834228516" />
      <trkpt lat="51.605064651" lon="3.840322495" />
      <trkpt lat="51.603252156" lon="3.841266632" />
      <trkpt lat="51.604424955" lon="3.848905563" />
      <trkpt lat="51.603198847" lon="3.853111267" />
      <trkpt lat="51.601866082" lon="3.852767944" />
      <trkpt lat="51.600213401" lon="3.861865997" />
      <trkpt lat="51.596054773" lon="3.869161606" />
      <trkpt lat="51.591735796" lon="3.874311447" />
      <trkpt lat="51.581016560" lon="3.881864548" />
      <trkpt lat="51.574615810" lon="3.889074326" />
      <trkpt lat="51.575255925" lon="3.894481659" />
      <trkpt lat="51.571468444" lon="3.894138336" />
      <trkpt lat="51.563785823" lon="3.899202347" />
      <trkpt lat="51.560264187" lon="3.898687363" />
      <trkpt lat="51.558129730" lon="3.894996643" />
      <trkpt lat="51.554607656" lon="3.873796463" />
      <trkpt lat="51.552472934" lon="3.872766495" />
      <trkpt lat="51.546815434" lon="3.865556717" />
      <trkpt lat="51.540463252" lon="3.869075775" />
      <trkpt lat="51.542491776" lon="3.886671066" />
      <trkpt lat="51.541637672" lon="3.898344040" />
      <trkpt lat="51.545801280" lon="3.911218643" />
      <trkpt lat="51.544146558" lon="3.926582336" />
      <trkpt lat="51.538167707" lon="3.926839828" />
      <trkpt lat="51.538434637" lon="3.934650421" />
      <trkpt lat="51.533095745" lon="3.934307098" />
      <trkpt lat="51.526154249" lon="3.942203522" />
      <trkpt lat="51.529358148" lon="3.959541321" />
      <trkpt lat="51.524338607" lon="3.991470337" />
      <trkpt lat="51.521775223" lon="4.005889893" />
      <trkpt lat="51.517929877" lon="4.012928009" />
      <trkpt lat="51.517823057" lon="4.013700485" />
      <trkpt lat="51.512428332" lon="4.012498856" />
      <trkpt lat="51.506605584" lon="4.007177353" />
      <trkpt lat="51.505323411" lon="4.004259109" />
      <trkpt lat="51.500888952" lon="4.002971649" />
      <trkpt lat="51.470263383" lon="4.004344940" />
      <trkpt lat="51.470156451" lon="4.007863998" />
      <trkpt lat="51.500728663" lon="4.007005692" />
      <trkpt lat="51.507941143" lon="4.012498856" />
      <trkpt lat="51.518357154" lon="4.017133713" />
      <trkpt lat="51.515045655" lon="4.020395279" />
      <trkpt lat="51.512214666" lon="4.022026062" />
      <trkpt lat="51.502652102" lon="4.043054581" />
      <trkpt lat="51.503613792" lon="4.053268433" />
      <trkpt lat="51.497202146" lon="4.065284729" />
      <trkpt lat="51.492713457" lon="4.057731628" />
      <trkpt lat="51.486514065" lon="4.061508179" />
      <trkpt lat="51.476464984" lon="4.061851501" />
      <trkpt lat="51.458285491" lon="4.086227417" />
      <trkpt lat="51.446946375" lon="4.093093872" />
      <trkpt lat="51.434534305" lon="4.134979248" />
      <trkpt lat="51.441596758" lon="4.179611206" />
      <trkpt lat="51.434534305" lon="4.218063354" />
      <trkpt lat="51.439242728" lon="4.221496582" />
      <trkpt lat="51.458285491" lon="4.217376709" />
      <trkpt lat="51.463419258" lon="4.223556519" />
      <trkpt lat="51.489506980" lon="4.217376709" />
      <trkpt lat="51.502331535" lon="4.177894592" />
      <trkpt lat="51.508101407" lon="4.171714783" />
      <trkpt lat="51.511520246" lon="4.160385132" />
      <trkpt lat="51.517929877" lon="4.161415100" />
      <trkpt lat="51.512161250" lon="4.175148010" />
      <trkpt lat="51.516007082" lon="4.177551270" />
      <trkpt lat="51.523056933" lon="4.166908264" />
      <trkpt lat="51.521347978" lon="4.144592285" />
      <trkpt lat="51.524979430" lon="4.132919312" />
      <trkpt lat="51.526474649" lon="4.074897766" />
      <trkpt lat="51.545908034" lon="4.053955078" />
      <trkpt lat="51.555087955" lon="4.032325745" />
      <trkpt lat="51.562345186" lon="4.030952454" />
      <trkpt lat="51.574295749" lon="4.012413025" />
      <trkpt lat="51.576642812" lon="3.991813660" />
      <trkpt lat="51.582189933" lon="3.988380432" />
      <trkpt lat="51.592215703" lon="3.995590210" />
      <trkpt lat="51.596694587" lon="4.023399353" />
      <trkpt lat="51.603731941" lon="4.049835205" />
      <trkpt lat="51.611407812" lon="4.071807861" />
      <trkpt lat="51.609062544" lon="4.105110168" />
      <trkpt lat="51.603092227" lon="4.117469788" />
      <trkpt lat="51.597547658" lon="4.125709534" />
      <trkpt lat="51.598400712" lon="4.159011841" />
      <trkpt lat="51.596907856" lon="4.167594910" />
      <trkpt lat="51.605011343" lon="4.174461365" />
      <trkpt lat="51.614179335" lon="4.180297852" />
      <trkpt lat="51.612900191" lon="4.166564941" />
      <trkpt lat="51.611621012" lon="4.155578613" />
      <trkpt lat="51.612047409" lon="4.130172729" />
      <trkpt lat="51.626968787" lon="4.115066528" />
      <trkpt lat="51.630804920" lon="4.105796814" />
      <trkpt lat="51.637623910" lon="4.104766846" />
      <trkpt lat="51.642098316" lon="4.107513428" />
      <trkpt lat="51.652536878" lon="4.121589661" />
      <trkpt lat="51.647637444" lon="4.157295227" />
      <trkpt lat="51.635066909" lon="4.190940857" />
      <trkpt lat="51.644228830" lon="4.188194275" />
      <trkpt lat="51.651897852" lon="4.166221619" />
      <trkpt lat="51.655305889" lon="4.162101746" />
      <trkpt lat="51.658394202" lon="4.160385132" />
      <trkpt lat="51.659299358" lon="4.156351089" />
      <trkpt lat="51.658873404" lon="4.137811661" />
      <trkpt lat="51.662014715" lon="4.136953354" />
      <trkpt lat="51.664304007" lon="4.142103195" />
      <trkpt lat="51.665049334" lon="4.152832031" />
      <trkpt lat="51.666646420" lon="4.153432846" />
      <trkpt lat="51.667817580" lon="4.160385132" />
      <trkpt lat="51.676174530" lon="4.153261185" />
      <trkpt lat="51.678037334" lon="4.149999619" />
      <trkpt lat="51.673672929" lon="4.144163132" />
      <trkpt lat="51.676227754" lon="4.139614105" />
      <trkpt lat="51.673247111" lon="4.105539322" />
      <trkpt lat="51.671011501" lon="4.102363586" />
      <trkpt lat="51.667711112" lon="4.095926285" />
      <trkpt lat="51.666380242" lon="4.097213745" />
      <trkpt lat="51.665115880" lon="4.099209309" />
      <trkpt lat="51.664343936" lon="4.098608494" />
      <trkpt lat="51.663172685" lon="4.100432396" />
      <trkpt lat="51.662360778" lon="4.100368023" />
      <trkpt lat="51.661216097" lon="4.101462364" />
      <trkpt lat="51.658088043" lon="4.105238914" />
      <trkpt lat="51.647211381" lon="4.097557068" />
      <trkpt lat="51.632616314" lon="4.072322845" />
      <trkpt lat="51.628354094" lon="4.056701660" />
      <trkpt lat="51.630272143" lon="4.049320221" />
      <trkpt lat="51.617377036" lon="4.010524750" />
      <trkpt lat="51.617057276" lon="3.993358612" />
      <trkpt lat="51.614499115" lon="3.988380432" />
      <trkpt lat="51.612793594" lon="3.967609406" />
      <trkpt lat="51.624517754" lon="3.945636749" />
      <trkpt lat="51.633681806" lon="3.938598633" />
      <trkpt lat="51.628034412" lon="3.929500580" />
      <trkpt lat="51.631018029" lon="3.891220093" />
      <trkpt lat="51.632190110" lon="3.888816833" />
      <trkpt lat="51.641991787" lon="3.889846802" />
      <trkpt lat="51.648489558" lon="3.883666992" />
      <trkpt lat="51.654666902" lon="3.884696960" />
      <trkpt lat="51.661482305" lon="3.874912262" />
      <trkpt lat="51.666806125" lon="3.876285553" />
      <trkpt lat="51.677026107" lon="3.858776093" />
      <trkpt lat="51.675535836" lon="3.850193024" />
      <trkpt lat="51.683518855" lon="3.820495605" />
      <trkpt lat="51.692777394" lon="3.821182251" />
      <trkpt lat="51.696395159" lon="3.813457489" />
      <trkpt lat="51.695863153" lon="3.797149658" />
      <trkpt lat="51.689478591" lon="3.788223267" />
      <trkpt lat="51.687563047" lon="3.787794113" />
      <trkpt lat="51.683359208" lon="3.776550293" />
      <trkpt lat="51.680112939" lon="3.769340515" />
      <trkpt lat="51.676866437" lon="3.759813309" />
      <trkpt lat="51.675110036" lon="3.759727478" />
      <trkpt lat="51.672395463" lon="3.751230240" />
      <trkpt lat="51.673034201" lon="3.746252060" />
      <trkpt lat="51.671277651" lon="3.736381531" />
      <trkpt lat="51.668190216" lon="3.725996017" />
      <trkpt lat="51.665847884" lon="3.725738525" />
      <trkpt lat="51.665102571" lon="3.724107742" />
      <trkpt lat="51.656051364" lon="3.724365234" />
      <trkpt lat="51.651152309" lon="3.723850250" />
      <trkpt lat="51.641672201" lon="3.716125488" />
      <trkpt lat="51.632296661" lon="3.712863922" />
      <trkpt lat="51.628140973" lon="3.706169128" />
      <trkpt lat="51.622066590" lon="3.707885742" />
      <trkpt lat="51.617696793" lon="3.697929382" />
      <trkpt lat="51.614499115" lon="3.693122864" />
      <trkpt lat="51.614925485" lon="3.686943054" />
      <trkpt lat="51.600613248" lon="3.682909012" />
    </trkseg>
  </trk>
  <wpt lat="51.574708184" lon="3.971887024">
    <name>Wemeldinge</name>
    <desc>Oproepnaam: Post Wemeldinge
Type: vts
VHF-kanaal: 68
Gebruik: listen</desc>
    <link href="https://">
      <text>https://</text>
    </link>
    <sym>vhf_unknown_68</sym>
    <type>WPT</type>
    <extensions>
      <opencpn:viz>1</opencpn:viz>
      <opencpn:viz_name>0</opencpn:viz_name>
      <opencpn:scale_min_max UseScale="false" ScaleMin="2147483646" ScaleMax="0" />
    </extensions>
  </wpt>
  <wpt lat="51.499999518" lon="4.115427017">
    <name>Wemeldinge</name>
    <desc>Oproepnaam: Post Wemeldinge
Type: vts
VHF-kanaal: 68
Gebruik: listen</desc>
    <link href="https://">
      <text>https://</text>
    </link>
    <sym>vhf_unknown_68</sym>
    <type>WPT</type>
    <extensions>
      <opencpn:viz>1</opencpn:viz>
      <opencpn:viz_name>0</opencpn:viz_name>
      <opencpn:scale_min_max UseScale="false" ScaleMin="2147483646" ScaleMax="0" />
    </extensions>
  </wpt>
  <wpt lat="51.630929945" lon="3.791038513">
    <name>Wemeldinge</name>
    <desc>Oproepnaam: Post Wemeldinge
Type: vts
VHF-kanaal: 68
Gebruik: listen</desc>
    <link href="https://">
      <text>https://</text>
    </link>
    <sym>vhf_unknown_68</sym>
    <type>WPT</type>
    <extensions>
      <opencpn:viz>1</opencpn:viz>
      <opencpn:viz_name>0</opencpn:viz_name>
      <opencpn:scale_min_max UseScale="false" ScaleMin="2147483646" ScaleMax="0" />
    </extensions>
  </wpt>
  <trk>
    <name>VHF 18 - Sluis II</name>
    <desc>Type: lock
VHF-kanaal: 18
Gebruik: announce
Telefoon: +31 (0)88 7974825
Bron/info: https://waterkaart.net/gids/sluis.php?naam=sluis-II</desc>
    <extensions>
      <opencpn:viz>1</opencpn:viz>
      <opencpn:style width="5" style="101" />
      <gpxx:TrackExtension>
        <gpxx:DisplayColor>Blue</gpxx:DisplayColor>
      </gpxx:TrackExtension>
    </extensions>
    <trkseg>
      <trkpt lat="51.596817883" lon="4.991210103" />
      <trkpt lat="51.596986166" lon="4.991373718" />
      <trkpt lat="51.596582953" lon="4.992401004" />
      <trkpt lat="51.596418002" lon="4.992242754" />
      <trkpt lat="51.596817883" lon="4.991210103" />
    </trkseg>
  </trk>
  <wpt lat="51.596704470" lon="4.991805082">
    <name>Sluis II</name>
    <desc>Type: lock
VHF-kanaal: 18
Gebruik: announce
Telefoon: +31 (0)88 7974825
Bron/info: https://waterkaart.net/gids/sluis.php?naam=sluis-II</desc>
    <link href="https://waterkaart.net/gids/sluis.php?naam=sluis-II">
      <text>https://waterkaart.net/gids/sluis.php?naam=sluis-II</text>
    </link>
    <link href="tel:+310887974825">
      <text>tel:+310887974825</text>
    </link>
    <sym>vhf_unknown_18</sym>
    <type>WPT</type>
    <extensions>
      <opencpn:viz>1</opencpn:viz>
      <opencpn:viz_name>0</opencpn:viz_name>
      <opencpn:scale_min_max UseScale="false" ScaleMin="2147483646" ScaleMax="0" />
    </extensions>
  </wpt>
  <trk>
    <name>VHF 78 - Wierummerschouw</name>
    <desc>Oproepnaam: Wierummerschouw
Type: bridge
VHF-kanaal: 78
Gebruik: announce</desc>
    <extensions>
      <opencpn:viz>1</opencpn:viz>
      <opencpn:style width="5" style="101" />
      <gpxx:TrackExtension>
        <gpxx:DisplayColor>Cyan</gpxx:DisplayColor>
      </gpxx:TrackExtension>
    </extensions>
    <trkseg>
      <trkpt lat="53.270173018" lon="6.506679654" />
      <trkpt lat="53.270065545" lon="6.506931782" />
      <trkpt lat="53.269847390" lon="6.506870091" />
      <trkpt lat="53.269844182" lon="6.506676972" />
      <trkpt lat="53.270173018" lon="6.506679654" />
    </trkseg>
  </trk>
  <wpt lat="53.269985461" lon="6.506783373">
    <name>Wierummerschouw</name>
    <desc>Oproepnaam: Wierummerschouw
Type: bridge
VHF-kanaal: 78
Gebruik: announce</desc>
    <link href="https://">
      <text>https://</text>
    </link>
    <sym>vhf_unknown_78</sym>
    <type>WPT</type>
    <extensions>
      <opencpn:viz>1</opencpn:viz>
      <opencpn:viz_name>0</opencpn:viz_name>
      <opencpn:scale_min_max UseScale="false" ScaleMin="2147483646" ScaleMax="0" />
    </extensions>
  </wpt>
  <trk>
    <name>VHF 20 - Houtribsluis</name>
    <desc>Type: lock
VHF-kanaal: 20
Gebruik: report
Telefoon: +31887973302
Bron/info: https://waterkaart.net/gids/sluis.php?naam=Houtribsluizen</desc>
    <extensions>
      <opencpn:viz>1</opencpn:viz>
      <opencpn:style width="5" style="101" />
      <gpxx:TrackExtension>
        <gpxx:DisplayColor>Blue</gpxx:DisplayColor>
      </gpxx:TrackExtension>
    </extensions>
    <trkseg>
      <trkpt lat="52.528627334" lon="5.433928438" />
      <trkpt lat="52.526562527" lon="5.433806711" />
      <trkpt lat="52.526527381" lon="5.434717654" />
      <trkpt lat="52.528586428" lon="5.435010485" />
      <trkpt lat="52.528627334" lon="5.433928438" />
    </trkseg>
  </trk>
  <wpt lat="52.527605201" lon="5.434368796">
    <name>Houtribsluis</name>
    <desc>Type: lock
VHF-kanaal: 20
Gebruik: report
Telefoon: +31887973302
Bron/info: https://waterkaart.net/gids/sluis.php?naam=Houtribsluizen</desc>
    <link href="https://waterkaart.net/gids/sluis.php?naam=Houtribsluizen">
      <text>https://waterkaart.net/gids/sluis.php?naam=Houtribsluizen</text>
    </link>
    <link href="tel:+31887973302">
      <text>tel:+31887973302</text>
    </link>
    <sym>vhf_unknown_20</sym>
    <type>WPT</type>
    <extensions>
      <opencpn:viz>1</opencpn:viz>
      <opencpn:viz_name>0</opencpn:viz_name>
      <opencpn:scale_min_max UseScale="false" ScaleMin="2147483646" ScaleMax="0" />
    </extensions>
  </wpt>
  <trk>
    <name>VHF 78 - Dorkwerdersluis</name>
    <desc>Oproepnaam: Dorkwerdersluis
Type: lock
VHF-kanaal: 78
Gebruik: report
Opmerking: No mooring northside, busy cargo traffic</desc>
    <extensions>
      <opencpn:viz>1</opencpn:viz>
      <opencpn:style width="5" style="101" />
      <gpxx:TrackExtension>
        <gpxx:DisplayColor>Blue</gpxx:DisplayColor>
      </gpxx:TrackExtension>
    </extensions>
    <trkseg>
      <trkpt lat="53.254880243" lon="6.510879993" />
      <trkpt lat="53.254822475" lon="6.510279179" />
      <trkpt lat="53.255611956" lon="6.509678364" />
      <trkpt lat="53.256491279" lon="6.508916616" />
      <trkpt lat="53.256940562" lon="6.508133411" />
      <trkpt lat="53.256626065" lon="6.509302855" />
      <trkpt lat="53.256523371" lon="6.509184837" />
      <trkpt lat="53.255605538" lon="6.510118246" />
      <trkpt lat="53.254880243" lon="6.510879993" />
    </trkseg>
  </trk>
  <wpt lat="53.255759837" lon="6.509734133">
    <name>Dorkwerdersluis</name>
    <desc>Oproepnaam: Dorkwerdersluis
Type: lock
VHF-kanaal: 78
Gebruik: report
Opmerking: No mooring northside, busy cargo traffic</desc>
    <link href="https://">
      <text>https://</text>
    </link>
    <sym>vhf_unknown_78</sym>
    <type>WPT</type>
    <extensions>
      <opencpn:viz>1</opencpn:viz>
      <opencpn:viz_name>0</opencpn:viz_name>
      <opencpn:scale_min_max UseScale="false" ScaleMin="2147483646" ScaleMax="0" />
    </extensions>
  </wpt>
  <trk>
    <name>VHF 11 - Port of Harlingen</name>
    <desc>Oproepnaam: Havendienst Harlingen
Type: marina
VHF-kanaal: 11
Gebruik: listen
Telefoon: +31517412 512
Bron/info: https://www.portofharlingen.nl/en/</desc>
    <extensions>
      <opencpn:viz>1</opencpn:viz>
      <opencpn:style width="4" style="101" />
      <gpxx:TrackExtension>
        <gpxx:DisplayColor>Green</gpxx:DisplayColor>
      </gpxx:TrackExtension>
    </extensions>
    <trkseg>
      <trkpt lat="53.169234790" lon="5.415744781" />
      <trkpt lat="53.169672125" lon="5.411624908" />
      <trkpt lat="53.172810520" lon="5.407161713" />
      <trkpt lat="53.173530775" lon="5.404157639" />
      <trkpt lat="53.175871521" lon="5.402870178" />
      <trkpt lat="53.176720331" lon="5.405316353" />
      <trkpt lat="53.175511414" lon="5.408191681" />
      <trkpt lat="53.178263579" lon="5.411496162" />
      <trkpt lat="53.182352918" lon="5.412740707" />
      <trkpt lat="53.185001778" lon="5.422697067" />
      <trkpt lat="53.195595584" lon="5.434498787" />
      <trkpt lat="53.193872984" lon="5.439820290" />
      <trkpt lat="53.189090475" lon="5.435872078" />
      <trkpt lat="53.183793095" lon="5.426602364" />
      <trkpt lat="53.182147174" lon="5.420293808" />
      <trkpt lat="53.179266660" lon="5.419392586" />
      <trkpt lat="53.178469341" lon="5.419821739" />
      <trkpt lat="53.175665746" lon="5.422053337" />
      <trkpt lat="53.174045236" lon="5.421710014" />
      <trkpt lat="53.173427883" lon="5.419692993" />
      <trkpt lat="53.171369974" lon="5.418577194" />
      <trkpt lat="53.169234790" lon="5.415744781" />
    </trkseg>
  </trk>
  <wpt lat="53.182415187" lon="5.417650223">
    <name>Port of Harlingen</name>
    <desc>Oproepnaam: Havendienst Harlingen
Type: marina
VHF-kanaal: 11
Gebruik: listen
Telefoon: +31517412 512
Bron/info: https://www.portofharlingen.nl/en/</desc>
    <link href="https://www.portofharlingen.nl/en/">
      <text>https://www.portofharlingen.nl/en/</text>
    </link>
    <link href="tel:+31517412512">
      <text>tel:+31517412512</text>
    </link>
    <sym>vhf_unknown_11</sym>
    <type>WPT</type>
    <extensions>
      <opencpn:viz>1</opencpn:viz>
      <opencpn:viz_name>0</opencpn:viz_name>
      <opencpn:scale_min_max UseScale="false" ScaleMin="2147483646" ScaleMax="0" />
    </extensions>
  </wpt>
  <trk>
    <name>VHF 31 - Waddenhaven Texel</name>
    <desc>Type: marina
VHF-kanaal: 31
Gebruik: Listen
Telefoon: +31222321227
Bron/info: https://www.waddenhaventexel.nl/</desc>
    <extensions>
      <opencpn:viz>1</opencpn:viz>
      <opencpn:style width="4" style="101" />
      <gpxx:TrackExtension>
        <gpxx:DisplayColor>Green</gpxx:DisplayColor>
      </gpxx:TrackExtension>
    </extensions>
    <trkseg>
      <trkpt lat="53.043988051" lon="4.858450722" />
      <trkpt lat="53.044616871" lon="4.859727590" />
      <trkpt lat="53.046560437" lon="4.860393192" />
      <trkpt lat="53.046731924" lon="4.860542613" />
      <trkpt lat="53.047034066" lon="4.859972097" />
      <trkpt lat="53.044682202" lon="4.856549003" />
      <trkpt lat="53.044224880" lon="4.856847844" />
      <trkpt lat="53.044306545" lon="4.857798704" />
      <trkpt lat="53.044102383" lon="4.857975292" />
      <trkpt lat="53.043988051" lon="4.858450722" />
    </trkseg>
  </trk>
  <wpt lat="53.045302464" lon="4.858746874">
    <name>Waddenhaven Texel</name>
    <desc>Type: marina
VHF-kanaal: 31
Gebruik: Listen
Telefoon: +31222321227
Bron/info: https://www.waddenhaventexel.nl/</desc>
    <link href="https://www.waddenhaventexel.nl/">
      <text>https://www.waddenhaventexel.nl/</text>
    </link>
    <link href="tel:+31222321227">
      <text>tel:+31222321227</text>
    </link>
    <sym>vhf_unknown_31</sym>
    <type>WPT</type>
    <extensions>
      <opencpn:viz>1</opencpn:viz>
      <opencpn:viz_name>0</opencpn:viz_name>
      <opencpn:scale_min_max UseScale="false" ScaleMin="2147483646" ScaleMax="0" />
    </extensions>
  </wpt>
  <trk>
    <name>VHF 22 - Sluis Hansweert</name>
    <desc>Oproepnaam: Lock Hansweert
Type: lock
VHF-kanaal: 22
Gebruik: listen
Bron/info: https://varendoejesamen.nl/kenniscentrum/artikel/knooppunt-2-6</desc>
    <extensions>
      <opencpn:viz>1</opencpn:viz>
      <opencpn:style width="5" style="101" />
      <gpxx:TrackExtension>
        <gpxx:DisplayColor>Blue</gpxx:DisplayColor>
      </gpxx:TrackExtension>
    </extensions>
    <trkseg>
      <trkpt lat="51.456996569" lon="4.008893967" />
      <trkpt lat="51.457170288" lon="4.010310173" />
      <trkpt lat="51.454484256" lon="4.011340141" />
      <trkpt lat="51.454297163" lon="4.009923935" />
      <trkpt lat="51.456996569" lon="4.008893967" />
    </trkseg>
  </trk>
  <wpt lat="51.455736206" lon="4.010116789">
    <name>Sluis Hansweert</name>
    <desc>Oproepnaam: Lock Hansweert
Type: lock
VHF-kanaal: 22
Gebruik: listen
Bron/info: https://varendoejesamen.nl/kenniscentrum/artikel/knooppunt-2-6</desc>
    <link href="https://varendoejesamen.nl/kenniscentrum/artikel/knooppunt-2-6">
      <text>https://varendoejesamen.nl/kenniscentrum/artikel/knooppunt-2-6</text>
    </link>
    <sym>vhf_unknown_22</sym>
    <type>WPT</type>
    <extensions>
      <opencpn:viz>1</opencpn:viz>
      <opencpn:viz_name>0</opencpn:viz_name>
      <opencpn:scale_min_max UseScale="false" ScaleMin="2147483646" ScaleMax="0" />
    </extensions>
  </wpt>
  <trk>
    <name>VHF 20 - Brug Heuvel</name>
    <desc>Type: bridge
VHF-kanaal: 20
Gebruik: announce
Telefoon: +31 (0)88 7974825
Bron/info: https://waterkaart.net/gids/brug.php?naam=Brug-Heuvel</desc>
    <extensions>
      <opencpn:viz>1</opencpn:viz>
      <opencpn:style width="5" style="101" />
      <gpxx:TrackExtension>
        <gpxx:DisplayColor>Cyan</gpxx:DisplayColor>
      </gpxx:TrackExtension>
    </extensions>
    <trkseg>
      <trkpt lat="51.499892141" lon="5.295973420" />
      <trkpt lat="51.499975627" lon="5.295957327" />
      <trkpt lat="51.499977297" lon="5.296029747" />
      <trkpt lat="51.499893811" lon="5.296037793" />
      <trkpt lat="51.499892141" lon="5.295973420" />
    </trkseg>
  </trk>
  <wpt lat="51.499956292" lon="5.296001575">
    <name>Brug Heuvel</name>
    <desc>Type: bridge
VHF-kanaal: 20
Gebruik: announce
Telefoon: +31 (0)88 7974825
Bron/info: https://waterkaart.net/gids/brug.php?naam=Brug-Heuvel</desc>
    <link href="https://waterkaart.net/gids/brug.php?naam=Brug-Heuvel">
      <text>https://waterkaart.net/gids/brug.php?naam=Brug-Heuvel</text>
    </link>
    <link href="tel:+310887974825">
      <text>tel:+310887974825</text>
    </link>
    <sym>vhf_unknown_20</sym>
    <type>WPT</type>
    <extensions>
      <opencpn:viz>1</opencpn:viz>
      <opencpn:viz_name>0</opencpn:viz_name>
      <opencpn:scale_min_max UseScale="false" ScaleMin="2147483646" ScaleMax="0" />
    </extensions>
  </wpt>
  <trk>
    <name>VHF 18 - Sluis 11</name>
    <desc>Type: lock
VHF-kanaal: 18
Gebruik: announce
Telefoon: +31 (0)88 7974825
Bron/info: https://www.binnenvaartinbeeld.com/nl/zuid_willemsvaart/sluis_11</desc>
    <extensions>
      <opencpn:viz>1</opencpn:viz>
      <opencpn:style width="5" style="101" />
      <gpxx:TrackExtension>
        <gpxx:DisplayColor>Blue</gpxx:DisplayColor>
      </gpxx:TrackExtension>
    </extensions>
    <trkseg>
      <trkpt lat="51.396009339" lon="5.726484060" />
      <trkpt lat="51.396089668" lon="5.726604760" />
      <trkpt lat="51.395455400" lon="5.727637410" />
      <trkpt lat="51.395370050" lon="5.727492571" />
      <trkpt lat="51.396009339" lon="5.726484060" />
    </trkseg>
  </trk>
  <wpt lat="51.395722758" lon="5.727064876">
    <name>Sluis 11</name>
    <desc>Type: lock
VHF-kanaal: 18
Gebruik: announce
Telefoon: +31 (0)88 7974825
Bron/info: https://www.binnenvaartinbeeld.com/nl/zuid_willemsvaart/sluis_11</desc>
    <link href="https://www.binnenvaartinbeeld.com/nl/zuid_willemsvaart/sluis_11">
      <text>https://www.binnenvaartinbeeld.com/nl/zuid_willemsvaart/sluis_11</text>
    </link>
    <link href="tel:+310887974825">
      <text>tel:+310887974825</text>
    </link>
    <sym>vhf_unknown_18</sym>
    <type>WPT</type>
    <extensions>
      <opencpn:viz>1</opencpn:viz>
      <opencpn:viz_name>0</opencpn:viz_name>
      <opencpn:scale_min_max UseScale="false" ScaleMin="2147483646" ScaleMax="0" />
    </extensions>
  </wpt>
  <trk>
    <name>VHF 20 - Brug Lijnsheike</name>
    <desc>Type: bridge
VHF-kanaal: 20
Gebruik: announce
Telefoon: +31 (0)88 7974825
Bron/info: https://waterkaart.net/gids/brug.php?naam=Brug-Lijnsheike</desc>
    <extensions>
      <opencpn:viz>1</opencpn:viz>
      <opencpn:style width="5" style="101" />
      <gpxx:TrackExtension>
        <gpxx:DisplayColor>Cyan</gpxx:DisplayColor>
      </gpxx:TrackExtension>
    </extensions>
    <trkseg>
      <trkpt lat="51.578901412" lon="5.084516108" />
      <trkpt lat="51.579011422" lon="5.084494650" />
      <trkpt lat="51.579018089" lon="5.084703863" />
      <trkpt lat="51.578911413" lon="5.084701180" />
      <trkpt lat="51.578901412" lon="5.084516108" />
    </trkseg>
  </trk>
  <wpt lat="51.578976442" lon="5.084604657">
    <name>Brug Lijnsheike</name>
    <desc>Type: bridge
VHF-kanaal: 20
Gebruik: announce
Telefoon: +31 (0)88 7974825
Bron/info: https://waterkaart.net/gids/brug.php?naam=Brug-Lijnsheike</desc>
    <link href="https://waterkaart.net/gids/brug.php?naam=Brug-Lijnsheike">
      <text>https://waterkaart.net/gids/brug.php?naam=Brug-Lijnsheike</text>
    </link>
    <link href="tel:+310887974825">
      <text>tel:+310887974825</text>
    </link>
    <sym>vhf_unknown_20</sym>
    <type>WPT</type>
    <extensions>
      <opencpn:viz>1</opencpn:viz>
      <opencpn:viz_name>0</opencpn:viz_name>
      <opencpn:scale_min_max UseScale="false" ScaleMin="2147483646" ScaleMax="0" />
    </extensions>
  </wpt>
  <trk>
    <name>VHF 31 - jachthaven Schiermonnikoog</name>
    <desc>Oproepnaam: Jachthaven Schier
Type: marina
VHF-kanaal: 31
Gebruik: announce</desc>
    <extensions>
      <opencpn:viz>1</opencpn:viz>
      <opencpn:style width="4" style="101" />
      <gpxx:TrackExtension>
        <gpxx:DisplayColor>Green</gpxx:DisplayColor>
      </gpxx:TrackExtension>
    </extensions>
    <trkseg>
      <trkpt lat="53.470180587" lon="6.166377068" />
      <trkpt lat="53.467935763" lon="6.166704297" />
      <trkpt lat="53.467954923" lon="6.167771816" />
      <trkpt lat="53.470231677" lon="6.167643070" />
      <trkpt lat="53.470180587" lon="6.166377068" />
    </trkseg>
  </trk>
  <wpt lat="53.469108307" lon="6.167121909">
    <name>jachthaven Schiermonnikoog</name>
    <desc>Oproepnaam: Jachthaven Schier
Type: marina
VHF-kanaal: 31
Gebruik: announce</desc>
    <link href="https://">
      <text>https://</text>
    </link>
    <sym>vhf_unknown_31</sym>
    <type>WPT</type>
    <extensions>
      <opencpn:viz>1</opencpn:viz>
      <opencpn:viz_name>0</opencpn:viz_name>
      <opencpn:scale_min_max UseScale="false" ScaleMin="2147483646" ScaleMax="0" />
    </extensions>
  </wpt>
  <trk>
    <name>VHF 12 - Gemeentehaven Enkhuizen</name>
    <desc>Oproepnaam: Havendienst Enkhuizen
Type: marina
VHF-kanaal: 12
Gebruik: announce
Telefoon: +31623700390
Bron/info: https://www.enkhuizen.nl/direct-regelen/ontspanning-en-vrije-tijd/havens-en-varen/havens/</desc>
    <extensions>
      <opencpn:viz>1</opencpn:viz>
      <opencpn:style width="4" style="101" />
      <gpxx:TrackExtension>
        <gpxx:DisplayColor>Green</gpxx:DisplayColor>
      </gpxx:TrackExtension>
    </extensions>
    <trkseg>
      <trkpt lat="52.695408517" lon="5.286296721" />
      <trkpt lat="52.701479757" lon="5.297343383" />
      <trkpt lat="52.703972103" lon="5.296726415" />
      <trkpt lat="52.706535511" lon="5.295374962" />
      <trkpt lat="52.706428705" lon="5.294669855" />
      <trkpt lat="52.704648573" lon="5.295698135" />
      <trkpt lat="52.700927861" lon="5.294846132" />
      <trkpt lat="52.701034680" lon="5.293641576" />
      <trkpt lat="52.702067251" lon="5.292348881" />
      <trkpt lat="52.702227475" lon="5.290204184" />
      <trkpt lat="52.702334291" lon="5.286326100" />
      <trkpt lat="52.701390742" lon="5.285856030" />
      <trkpt lat="52.701479757" lon="5.286678653" />
      <trkpt lat="52.702013843" lon="5.287089965" />
      <trkpt lat="52.701426348" lon="5.291673155" />
      <trkpt lat="52.700732025" lon="5.292995229" />
      <trkpt lat="52.700162316" lon="5.293053987" />
      <trkpt lat="52.700821041" lon="5.289352181" />
      <trkpt lat="52.700055495" lon="5.288940869" />
      <trkpt lat="52.697936819" lon="5.289234663" />
      <trkpt lat="52.695978288" lon="5.285444718" />
      <trkpt lat="52.695408517" lon="5.286296721" />
    </trkseg>
  </trk>
  <wpt lat="52.700415664" lon="5.290799117">
    <name>Gemeentehaven Enkhuizen</name>
    <desc>Oproepnaam: Havendienst Enkhuizen
Type: marina
VHF-kanaal: 12
Gebruik: announce
Telefoon: +31623700390
Bron/info: https://www.enkhuizen.nl/direct-regelen/ontspanning-en-vrije-tijd/havens-en-varen/havens/</desc>
    <link href="https://www.enkhuizen.nl/direct-regelen/ontspanning-en-vrije-tijd/havens-en-varen/havens/">
      <text>https://www.enkhuizen.nl/direct-regelen/ontspanning-en-vrije-tijd/havens-en-varen/havens/</text>
    </link>
    <link href="tel:+31623700390">
      <text>tel:+31623700390</text>
    </link>
    <sym>vhf_unknown_12</sym>
    <type>WPT</type>
    <extensions>
      <opencpn:viz>1</opencpn:viz>
      <opencpn:viz_name>0</opencpn:viz_name>
      <opencpn:scale_min_max UseScale="false" ScaleMin="2147483646" ScaleMax="0" />
    </extensions>
  </wpt>
  <trk>
    <name>VHF 74 - Vliehors Range Control</name>
    <desc>Type: area
VHF-kanaal: 74
Gebruik: announce
Opmerking: Firing range Mon-Fri 08h30 - 22h30. Check before entering.
Bron/info: file:///home/hans/Videos/blck_hp1_y2020_baz62.pdf</desc>
    <extensions>
      <opencpn:viz>1</opencpn:viz>
      <opencpn:style width="7" style="101" />
      <gpxx:TrackExtension>
        <gpxx:DisplayColor>Yellow</gpxx:DisplayColor>
      </gpxx:TrackExtension>
    </extensions>
    <trkseg>
      <trkpt lat="53.291489065" lon="4.724807739" />
      <trkpt lat="53.287846269" lon="4.928805828" />
      <trkpt lat="53.254328240" lon="4.928054810" />
      <trkpt lat="53.248165866" lon="4.936294556" />
      <trkpt lat="53.240718480" lon="4.953975677" />
      <trkpt lat="53.248268580" lon="4.983415604" />
      <trkpt lat="53.250836337" lon="5.112333298" />
      <trkpt lat="53.185194650" lon="5.110166073" />
      <trkpt lat="53.153629285" lon="5.067980289" />
      <trkpt lat="53.180514049" lon="4.999980927" />
      <trkpt lat="53.168836039" lon="4.952216148" />
      <trkpt lat="53.177479101" lon="4.946358204" />
      <trkpt lat="53.174508245" lon="4.921209812" />
      <trkpt lat="53.202999409" lon="4.909708500" />
      <trkpt lat="53.201482758" lon="4.856278896" />
      <trkpt lat="53.199169118" lon="4.856214523" />
      <trkpt lat="53.201199986" lon="4.721868038" />
      <trkpt lat="53.291489065" lon="4.724807739" />
    </trkseg>
  </trk>
  <wpt lat="53.229055645" lon="4.911598115">
    <name>Vliehors Range Control</name>
    <desc>Type: area
VHF-kanaal: 74
Gebruik: announce
Opmerking: Firing range Mon-Fri 08h30 - 22h30. Check before entering.
Bron/info: file:///home/hans/Videos/blck_hp1_y2020_baz62.pdf</desc>
    <sym>vhf_unknown_74</sym>
    <type>WPT</type>
    <extensions>
      <opencpn:viz>1</opencpn:viz>
      <opencpn:viz_name>0</opencpn:viz_name>
      <opencpn:scale_min_max UseScale="false" ScaleMin="2147483646" ScaleMax="0" />
    </extensions>
  </wpt>
  <wpt lat="53.188094230" lon="5.034240246">
    <name>Vliehors Range Control</name>
    <desc>Type: area
VHF-kanaal: 74
Gebruik: announce
Opmerking: Firing range Mon-Fri 08h30 - 22h30. Check before entering.
Bron/info: file:///home/hans/Videos/blck_hp1_y2020_baz62.pdf</desc>
    <sym>vhf_unknown_74</sym>
    <type>WPT</type>
    <extensions>
      <opencpn:viz>1</opencpn:viz>
      <opencpn:viz_name>0</opencpn:viz_name>
      <opencpn:scale_min_max UseScale="false" ScaleMin="2147483646" ScaleMax="0" />
    </extensions>
  </wpt>
  <wpt lat="53.222559175" lon="4.799961090">
    <name>Vliehors Range Control</name>
    <desc>Type: area
VHF-kanaal: 74
Gebruik: announce
Opmerking: Firing range Mon-Fri 08h30 - 22h30. Check before entering.
Bron/info: file:///home/hans/Videos/blck_hp1_y2020_baz62.pdf</desc>
    <sym>vhf_unknown_74</sym>
    <type>WPT</type>
    <extensions>
      <opencpn:viz>1</opencpn:viz>
      <opencpn:viz_name>0</opencpn:viz_name>
      <opencpn:scale_min_max UseScale="false" ScaleMin="2147483646" ScaleMax="0" />
    </extensions>
  </wpt>
  <trk>
    <name>VHF 78 - Platvoetbrug</name>
    <desc>Oproepnaam: Platvoetbrug
Type: bridge
VHF-kanaal: 78
Gebruik: report
Opmerking: Kruisend verkeer v Starkeborg kanaal. MELDEN!</desc>
    <extensions>
      <opencpn:viz>1</opencpn:viz>
      <opencpn:style width="5" style="101" />
      <gpxx:TrackExtension>
        <gpxx:DisplayColor>Cyan</gpxx:DisplayColor>
      </gpxx:TrackExtension>
    </extensions>
    <trkseg>
      <trkpt lat="53.258419951" lon="6.507977843" />
      <trkpt lat="53.258431182" lon="6.508232653" />
      <trkpt lat="53.258200132" lon="6.508259475" />
      <trkpt lat="53.258187295" lon="6.508001983" />
      <trkpt lat="53.258419951" lon="6.507977843" />
    </trkseg>
  </trk>
  <wpt lat="53.258314526" lon="6.508118501">
    <name>Platvoetbrug</name>
    <desc>Oproepnaam: Platvoetbrug
Type: bridge
VHF-kanaal: 78
Gebruik: report
Opmerking: Kruisend verkeer v Starkeborg kanaal. MELDEN!</desc>
    <link href="https://">
      <text>https://</text>
    </link>
    <sym>vhf_unknown_78</sym>
    <type>WPT</type>
    <extensions>
      <opencpn:viz>1</opencpn:viz>
      <opencpn:viz_name>0</opencpn:viz_name>
      <opencpn:scale_min_max UseScale="false" ScaleMin="2147483646" ScaleMax="0" />
    </extensions>
  </wpt>
  <trk>
    <name>VHF 62 - Den Helder</name>
    <desc>Type: vts
VHF-kanaal: 62
Gebruik: announce
Opmerking: Report 2h before entering, when entering, anchoring, passing Moormanbrug and 1h before leaving.
Telefoon: +31889561242
Bron/info: https://www.binnenvaartkennis.nl/wp-content/uploads/2021/03/VTS-Procedures-Den-Helder.pdf</desc>
    <extensions>
      <opencpn:viz>1</opencpn:viz>
      <opencpn:style width="7" style="101" />
      <gpxx:TrackExtension>
        <gpxx:DisplayColor>Red</gpxx:DisplayColor>
      </gpxx:TrackExtension>
    </extensions>
    <trkseg>
      <trkpt lat="52.951714196" lon="4.720087051" />
      <trkpt lat="52.944395959" lon="4.716610909" />
      <trkpt lat="52.931803332" lon="4.714293480" />
      <trkpt lat="52.894143640" lon="4.712104797" />
      <trkpt lat="52.881089847" lon="4.708703756" />
      <trkpt lat="52.881720048" lon="4.631719307" />
      <trkpt lat="52.910793522" lon="4.578504280" />
      <trkpt lat="52.946183483" lon="4.563398079" />
      <trkpt lat="53.003772512" lon="4.589404778" />
      <trkpt lat="53.065220903" lon="4.626703576" />
      <trkpt lat="53.065014598" lon="4.723177270" />
      <trkpt lat="53.017847984" lon="4.827418641" />
      <trkpt lat="53.012297097" lon="4.843125657" />
      <trkpt lat="52.994798518" lon="4.875226021" />
      <trkpt lat="52.989595575" lon="4.877307729" />
      <trkpt lat="52.973162457" lon="4.830937699" />
      <trkpt lat="52.964437368" lon="4.802924395" />
      <trkpt lat="52.964408581" lon="4.796004295" />
      <trkpt lat="52.962727970" lon="4.789845943" />
      <trkpt lat="52.962444959" lon="4.792356491" />
      <trkpt lat="52.961331878" lon="4.793043137" />
      <trkpt lat="52.962211172" lon="4.797377586" />
      <trkpt lat="52.956575882" lon="4.800209999" />
      <trkpt lat="52.953691218" lon="4.785361290" />
      <trkpt lat="52.956576259" lon="4.784889221" />
      <trkpt lat="52.955328018" lon="4.780876637" />
      <trkpt lat="52.954478151" lon="4.779050052" />
      <trkpt lat="52.957580565" lon="4.776786268" />
      <trkpt lat="52.960195207" lon="4.774482250" />
      <trkpt lat="52.960996342" lon="4.774632454" />
      <trkpt lat="52.961978364" lon="4.774997234" />
      <trkpt lat="52.963478444" lon="4.776756763" />
      <trkpt lat="52.964951220" lon="4.778537750" />
      <trkpt lat="52.965184040" lon="4.763259888" />
      <trkpt lat="52.963477535" lon="4.755578041" />
      <trkpt lat="52.964201902" lon="4.748668671" />
      <trkpt lat="52.964020585" lon="4.743561745" />
      <trkpt lat="52.963425950" lon="4.738326073" />
      <trkpt lat="52.962655939" lon="4.730687455" />
      <trkpt lat="52.951714196" lon="4.720087051" />
    </trkseg>
  </trk>
  <wpt lat="52.980456148" lon="4.689732121">
    <name>Den Helder</name>
    <desc>Type: vts
VHF-kanaal: 62
Gebruik: announce
Opmerking: Report 2h before entering, when entering, anchoring, passing Moormanbrug and 1h before leaving.
Telefoon: +31889561242
Bron/info: https://www.binnenvaartkennis.nl/wp-content/uploads/2021/03/VTS-Procedures-Den-Helder.pdf</desc>
    <link href="https://www.binnenvaartkennis.nl/wp-content/uploads/2021/03/VTS-Procedures-Den-Helder.pdf">
      <text>https://www.binnenvaartkennis.nl/wp-content/uploads/2021/03/VTS-Procedures-Den-Helder.pdf</text>
    </link>
    <link href="tel:+31889561242">
      <text>tel:+31889561242</text>
    </link>
    <sym>vhf_unknown_62</sym>
    <type>WPT</type>
    <extensions>
      <opencpn:viz>1</opencpn:viz>
      <opencpn:viz_name>0</opencpn:viz_name>
      <opencpn:scale_min_max UseScale="false" ScaleMin="2147483646" ScaleMax="0" />
    </extensions>
  </wpt>
  <trk>
    <name>VHF 18 - HarinxmaBrug</name>
    <desc>Oproepnaam: Harinxmabrug
Type: bridge
VHF-kanaal: 18
Gebruik: report
Bron/info: https://waterkaart.net/gids/brug.php?naam=Harinxmabrug-/-van-Harinxmabrug,-Van-Harinxmakanaal</desc>
    <extensions>
      <opencpn:viz>1</opencpn:viz>
      <opencpn:style width="5" style="101" />
      <gpxx:TrackExtension>
        <gpxx:DisplayColor>Cyan</gpxx:DisplayColor>
      </gpxx:TrackExtension>
    </extensions>
    <trkseg>
      <trkpt lat="53.183529495" lon="5.796312690" />
      <trkpt lat="53.183069798" lon="5.796296597" />
      <trkpt lat="53.183066583" lon="5.797353387" />
      <trkpt lat="53.183497348" lon="5.797364116" />
      <trkpt lat="53.183529495" lon="5.796312690" />
    </trkseg>
  </trk>
  <wpt lat="53.183291641" lon="5.796826067">
    <name>HarinxmaBrug</name>
    <desc>Oproepnaam: Harinxmabrug
Type: bridge
VHF-kanaal: 18
Gebruik: report
Bron/info: https://waterkaart.net/gids/brug.php?naam=Harinxmabrug-/-van-Harinxmabrug,-Van-Harinxmakanaal</desc>
    <link href="https://waterkaart.net/gids/brug.php?naam=Harinxmabrug-/-van-Harinxmabrug,-Van-Harinxmakanaal">
      <text>https://waterkaart.net/gids/brug.php?naam=Harinxmabrug-/-van-Harinxmabrug,-Van-Harinxmakanaal</text>
    </link>
    <sym>vhf_unknown_18</sym>
    <type>WPT</type>
    <extensions>
      <opencpn:viz>1</opencpn:viz>
      <opencpn:viz_name>0</opencpn:viz_name>
      <opencpn:scale_min_max UseScale="false" ScaleMin="2147483646" ScaleMax="0" />
    </extensions>
  </wpt>
  <trk>
    <name>VHF 2 - Terschelling</name>
    <desc>Type: vts
VHF-kanaal: 2
Gebruik: listen
Telefoon: +31887974599</desc>
    <extensions>
      <opencpn:viz>1</opencpn:viz>
      <opencpn:style width="7" style="101" />
      <gpxx:TrackExtension>
        <gpxx:DisplayColor>Red</gpxx:DisplayColor>
      </gpxx:TrackExtension>
    </extensions>
    <trkseg>
      <trkpt lat="53.375456495" lon="5.213956833" />
      <trkpt lat="53.366059542" lon="5.225887299" />
      <trkpt lat="53.365393739" lon="5.220565796" />
      <trkpt lat="53.364228559" lon="5.221016407" />
      <trkpt lat="53.363767600" lon="5.222325325" />
      <trkpt lat="53.364446233" lon="5.226316452" />
      <trkpt lat="53.365662622" lon="5.226316452" />
      <trkpt lat="53.358333300" lon="5.235333330" />
      <trkpt lat="53.322833300" lon="5.235333330" />
      <trkpt lat="53.322833300" lon="5.280000000" />
      <trkpt lat="53.296166700" lon="5.280000000" />
      <trkpt lat="53.245250000" lon="5.192750000" />
      <trkpt lat="53.245250000" lon="5.143666660" />
      <trkpt lat="53.298491596" lon="5.089416504" />
      <trkpt lat="53.289250000" lon="4.983666666" />
      <trkpt lat="53.329833300" lon="4.931666666" />
      <trkpt lat="53.402583300" lon="5.038650000" />
      <trkpt lat="53.436750000" lon="5.038650000" />
      <trkpt lat="53.436750000" lon="5.161150000" />
      <trkpt lat="53.392633300" lon="5.192533330" />
      <trkpt lat="53.375456495" lon="5.213956833" />
    </trkseg>
  </trk>
  <wpt lat="53.341219942" lon="5.116004946">
    <name>Terschelling</name>
    <desc>Type: vts
VHF-kanaal: 2
Gebruik: listen
Telefoon: +31887974599</desc>
    <link href="tel:+31887974599">
      <text>tel:+31887974599</text>
    </link>
    <sym>vhf_unknown_2</sym>
    <type>WPT</type>
    <extensions>
      <opencpn:viz>1</opencpn:viz>
      <opencpn:viz_name>0</opencpn:viz_name>
      <opencpn:scale_min_max UseScale="false" ScaleMin="2147483646" ScaleMax="0" />
    </extensions>
  </wpt>
  <trk>
    <name>VHF 81 - Oude schouw</name>
    <desc>Oproepnaam: oude schouw
Type: vts
VHF-kanaal: 81
Gebruik: listen
Telefoon: +31582925888</desc>
    <extensions>
      <opencpn:viz>1</opencpn:viz>
      <opencpn:style width="7" style="101" />
      <gpxx:TrackExtension>
        <gpxx:DisplayColor>Red</gpxx:DisplayColor>
      </gpxx:TrackExtension>
    </extensions>
    <trkseg>
      <trkpt lat="53.065687767" lon="5.806293190" />
      <trkpt lat="53.065349301" lon="5.807009339" />
      <trkpt lat="53.065428276" lon="5.807105899" />
      <trkpt lat="53.065774800" lon="5.806403160" />
      <trkpt lat="53.065687767" lon="5.806293190" />
    </trkseg>
  </trk>
  <wpt lat="53.065561028" lon="5.806696174">
    <name>Oude schouw</name>
    <desc>Oproepnaam: oude schouw
Type: vts
VHF-kanaal: 81
Gebruik: listen
Telefoon: +31582925888</desc>
    <link href="https://">
      <text>https://</text>
    </link>
    <link href="tel:+31582925888">
      <text>tel:+31582925888</text>
    </link>
    <sym>vhf_unknown_81</sym>
    <type>WPT</type>
    <extensions>
      <opencpn:viz>1</opencpn:viz>
      <opencpn:viz_name>0</opencpn:viz_name>
      <opencpn:scale_min_max UseScale="false" ScaleMin="2147483646" ScaleMax="0" />
    </extensions>
  </wpt>
  <trk>
    <name>VHF 61 - Post Wijk bij Duurstede</name>
    <desc>Oproepnaam: Sector Maarssen
Type: vts
VHF-kanaal: 61
Gebruik: listen
Telefoon: +31 343-595111
Bron/info: https://www.varendoejesamen.nl/knooppunten/knooppunt-1-27-amsterdam-rijnkanaal-en-de-stad-utrecht</desc>
    <extensions>
      <opencpn:viz>1</opencpn:viz>
      <opencpn:style width="7" style="101" />
      <gpxx:TrackExtension>
        <gpxx:DisplayColor>Red</gpxx:DisplayColor>
      </gpxx:TrackExtension>
    </extensions>
    <trkseg>
      <trkpt lat="52.142504700" lon="5.024492574" />
      <trkpt lat="52.143779269" lon="5.022272069" />
      <trkpt lat="52.143123580" lon="5.021282365" />
      <trkpt lat="52.133057870" lon="5.038967017" />
      <trkpt lat="52.129424530" lon="5.047997330" />
      <trkpt lat="52.127930080" lon="5.051084449" />
      <trkpt lat="52.123733120" lon="5.057874512" />
      <trkpt lat="52.123610350" lon="5.057832339" />
      <trkpt lat="52.121541090" lon="5.061704968" />
      <trkpt lat="52.119914900" lon="5.064291679" />
      <trkpt lat="52.115197170" lon="5.072653423" />
      <trkpt lat="52.113868260" lon="5.074368482" />
      <trkpt lat="52.112212870" lon="5.075684627" />
      <trkpt lat="52.110746390" lon="5.076245826" />
      <trkpt lat="52.107395730" lon="5.076067651" />
      <trkpt lat="52.106336200" lon="5.075753320" />
      <trkpt lat="52.106181980" lon="5.075349702" />
      <trkpt lat="52.106243765" lon="5.074545317" />
      <trkpt lat="52.105086180" lon="5.074507006" />
      <trkpt lat="52.104913840" lon="5.075077823" />
      <trkpt lat="52.104447260" lon="5.075723376" />
      <trkpt lat="52.102330000" lon="5.075750000" />
      <trkpt lat="52.101165073" lon="5.074829227" />
      <trkpt lat="52.100439051" lon="5.074816769" />
      <trkpt lat="52.100382720" lon="5.075340610" />
      <trkpt lat="52.100033310" lon="5.075903798" />
      <trkpt lat="52.098126140" lon="5.076468641" />
      <trkpt lat="52.089193020" lon="5.078042863" />
      <trkpt lat="52.089173260" lon="5.078058381" />
      <trkpt lat="52.089281209" lon="5.079542789" />
      <trkpt lat="52.089297510" lon="5.079512589" />
      <trkpt lat="52.095421090" lon="5.078340731" />
      <trkpt lat="52.095296789" lon="5.079043954" />
      <trkpt lat="52.095540573" lon="5.079522076" />
      <trkpt lat="52.096592680" lon="5.078530224" />
      <trkpt lat="52.097610970" lon="5.077818337" />
      <trkpt lat="52.099609640" lon="5.077495805" />
      <trkpt lat="52.099888110" lon="5.077624456" />
      <trkpt lat="52.100201180" lon="5.078201115" />
      <trkpt lat="52.100328050" lon="5.078185747" />
      <trkpt lat="52.100907260" lon="5.077306551" />
      <trkpt lat="52.101377710" lon="5.077148981" />
      <trkpt lat="52.106481460" lon="5.077527853" />
      <trkpt lat="52.109046300" lon="5.077824552" />
      <trkpt lat="52.110982760" lon="5.077662513" />
      <trkpt lat="52.113273430" lon="5.076626189" />
      <trkpt lat="52.114454940" lon="5.075575774" />
      <trkpt lat="52.115741140" lon="5.073696620" />
      <trkpt lat="52.126414540" lon="5.055246758" />
      <trkpt lat="52.127200000" lon="5.054100000" />
      <trkpt lat="52.127906337" lon="5.054147068" />
      <trkpt lat="52.127942903" lon="5.053823367" />
      <trkpt lat="52.127300000" lon="5.053900000" />
      <trkpt lat="52.127357490" lon="5.053678317" />
      <trkpt lat="52.129853870" lon="5.048864247" />
      <trkpt lat="52.132088220" lon="5.043081095" />
      <trkpt lat="52.133470600" lon="5.040094115" />
      <trkpt lat="52.142504700" lon="5.024492574" />
    </trkseg>
  </trk>
  <wpt lat="52.121936865" lon="5.062064662">
    <name>Post Wijk bij Duurstede</name>
    <desc>Oproepnaam: Sector Maarssen
Type: vts
VHF-kanaal: 61
Gebruik: listen
Telefoon: +31 343-595111
Bron/info: https://www.varendoejesamen.nl/knooppunten/knooppunt-1-27-amsterdam-rijnkanaal-en-de-stad-utrecht</desc>
    <link href="https://www.varendoejesamen.nl/knooppunten/knooppunt-1-27-amsterdam-rijnkanaal-en-de-stad-utrecht">
      <text>https://www.varendoejesamen.nl/knooppunten/knooppunt-1-27-amsterdam-rijnkanaal-en-de-stad-utrecht</text>
    </link>
    <link href="tel:+31343595111">
      <text>tel:+31343595111</text>
    </link>
    <sym>vhf_unknown_61</sym>
    <type>WPT</type>
    <extensions>
      <opencpn:viz>1</opencpn:viz>
      <opencpn:viz_name>0</opencpn:viz_name>
      <opencpn:scale_min_max UseScale="false" ScaleMin="2147483646" ScaleMax="0" />
    </extensions>
  </wpt>
  <trk>
    <name>VHF 78 - Marksluis</name>
    <desc>Type: bridge
VHF-kanaal: 78
Gebruik: listen
Opmerking: Alternative phone: +31 (0)13-5811881
Telefoon: +31 (0)88 7974825</desc>
    <extensions>
      <opencpn:viz>1</opencpn:viz>
      <opencpn:style width="5" style="101" />
      <gpxx:TrackExtension>
        <gpxx:DisplayColor>Cyan</gpxx:DisplayColor>
      </gpxx:TrackExtension>
    </extensions>
    <trkseg>
      <trkpt lat="51.647907060" lon="4.830966890" />
      <trkpt lat="51.648135067" lon="4.830910563" />
      <trkpt lat="51.648314809" lon="4.832924902" />
      <trkpt lat="51.648106774" lon="4.832986593" />
      <trkpt lat="51.647907060" lon="4.830966890" />
    </trkseg>
  </trk>
  <wpt lat="51.648114841" lon="4.831932663">
    <name>Marksluis</name>
    <desc>Type: bridge
VHF-kanaal: 78
Gebruik: listen
Opmerking: Alternative phone: +31 (0)13-5811881
Telefoon: +31 (0)88 7974825</desc>
    <link href="https://">
      <text>https://</text>
    </link>
    <link href="tel:+310887974825">
      <text>tel:+310887974825</text>
    </link>
    <sym>vhf_unknown_78</sym>
    <type>WPT</type>
    <extensions>
      <opencpn:viz>1</opencpn:viz>
      <opencpn:viz_name>0</opencpn:viz_name>
      <opencpn:scale_min_max UseScale="false" ScaleMin="2147483646" ScaleMax="0" />
    </extensions>
  </wpt>
  <trk>
    <name>VHF 31 - WSV Sint-Annaland</name>
    <desc>Type: marina
VHF-kanaal: 31
Gebruik: listen
Telefoon: +31 166 653 079
Bron/info: https://www.wsv-sint-annaland.nl/passant</desc>
    <extensions>
      <opencpn:viz>1</opencpn:viz>
      <opencpn:style width="4" style="101" />
      <gpxx:TrackExtension>
        <gpxx:DisplayColor>Green</gpxx:DisplayColor>
      </gpxx:TrackExtension>
    </extensions>
    <trkseg>
      <trkpt lat="51.604066001" lon="4.109723568" />
      <trkpt lat="51.605777576" lon="4.106440544" />
      <trkpt lat="51.606297030" lon="4.104670286" />
      <trkpt lat="51.606217114" lon="4.104412794" />
      <trkpt lat="51.605930749" lon="4.104273319" />
      <trkpt lat="51.603200199" lon="4.106998444" />
      <trkpt lat="51.602580808" lon="4.108146429" />
      <trkpt lat="51.603772962" lon="4.109830856" />
      <trkpt lat="51.604066001" lon="4.109723568" />
    </trkseg>
  </trk>
  <wpt lat="51.604437545" lon="4.107143410">
    <name>WSV Sint-Annaland</name>
    <desc>Type: marina
VHF-kanaal: 31
Gebruik: listen
Telefoon: +31 166 653 079
Bron/info: https://www.wsv-sint-annaland.nl/passant</desc>
    <link href="https://www.wsv-sint-annaland.nl/passant">
      <text>https://www.wsv-sint-annaland.nl/passant</text>
    </link>
    <link href="tel:+31166653079">
      <text>tel:+31166653079</text>
    </link>
    <sym>vhf_unknown_31</sym>
    <type>WPT</type>
    <extensions>
      <opencpn:viz>1</opencpn:viz>
      <opencpn:viz_name>0</opencpn:viz_name>
      <opencpn:scale_min_max UseScale="false" ScaleMin="2147483646" ScaleMax="0" />
    </extensions>
  </wpt>
  <trk>
    <name>VHF 12 - Waddenhaven Vlieland</name>
    <desc>Type: marina
VHF-kanaal: 12
Gebruik: Listen
Telefoon: +31562451729
Bron/info: http://www.waddenhavenvlieland.nl/</desc>
    <extensions>
      <opencpn:viz>1</opencpn:viz>
      <opencpn:style width="4" style="101" />
      <gpxx:TrackExtension>
        <gpxx:DisplayColor>Green</gpxx:DisplayColor>
      </gpxx:TrackExtension>
    </extensions>
    <trkseg>
      <trkpt lat="53.294655314" lon="5.091797535" />
      <trkpt lat="53.295263208" lon="5.091141117" />
      <trkpt lat="53.295660054" lon="5.091959495" />
      <trkpt lat="53.296439891" lon="5.090847737" />
      <trkpt lat="53.296606008" lon="5.091110235" />
      <trkpt lat="53.297888781" lon="5.088655101" />
      <trkpt lat="53.297962608" lon="5.087080110" />
      <trkpt lat="53.297275085" lon="5.086230850" />
      <trkpt lat="53.296830844" lon="5.086283684" />
      <trkpt lat="53.296633694" lon="5.088099222" />
      <trkpt lat="53.296292230" lon="5.089010247" />
      <trkpt lat="53.294625987" lon="5.091499051" />
      <trkpt lat="53.294655314" lon="5.091797535" />
    </trkseg>
  </trk>
  <wpt lat="53.296679072" lon="5.089147586">
    <name>Waddenhaven Vlieland</name>
    <desc>Type: marina
VHF-kanaal: 12
Gebruik: Listen
Telefoon: +31562451729
Bron/info: http://www.waddenhavenvlieland.nl/</desc>
    <link href="http://www.waddenhavenvlieland.nl/">
      <text>http://www.waddenhavenvlieland.nl/</text>
    </link>
    <link href="tel:+31562451729">
      <text>tel:+31562451729</text>
    </link>
    <sym>vhf_unknown_12</sym>
    <type>WPT</type>
    <extensions>
      <opencpn:viz>1</opencpn:viz>
      <opencpn:viz_name>0</opencpn:viz_name>
      <opencpn:scale_min_max UseScale="false" ScaleMin="2147483646" ScaleMax="0" />
    </extensions>
  </wpt>
  <trk>
    <name>VHF 74 - Stavoren</name>
    <desc>Oproepnaam: Haven Stavoren
Type: marina
VHF-kanaal: 74
Gebruik: report</desc>
    <extensions>
      <opencpn:viz>1</opencpn:viz>
      <opencpn:style width="4" style="101" />
      <gpxx:TrackExtension>
        <gpxx:DisplayColor>Green</gpxx:DisplayColor>
      </gpxx:TrackExtension>
    </extensions>
    <trkseg>
      <trkpt lat="52.886236815" lon="5.352455378" />
      <trkpt lat="52.887466815" lon="5.355094671" />
      <trkpt lat="52.887609234" lon="5.361263752" />
      <trkpt lat="52.887026608" lon="5.361328125" />
      <trkpt lat="52.886586398" lon="5.356864929" />
      <trkpt lat="52.886366290" lon="5.356950760" />
      <trkpt lat="52.886262710" lon="5.358345509" />
      <trkpt lat="52.885951968" lon="5.358238220" />
      <trkpt lat="52.885770701" lon="5.356113911" />
      <trkpt lat="52.886185025" lon="5.354654789" />
      <trkpt lat="52.885887230" lon="5.353732109" />
      <trkpt lat="52.886236815" lon="5.352455378" />
    </trkseg>
  </trk>
  <wpt lat="52.886789146" lon="5.356761177">
    <name>Stavoren</name>
    <desc>Oproepnaam: Haven Stavoren
Type: marina
VHF-kanaal: 74
Gebruik: report</desc>
    <link href="https://">
      <text>https://</text>
    </link>
    <sym>vhf_unknown_74</sym>
    <type>WPT</type>
    <extensions>
      <opencpn:viz>1</opencpn:viz>
      <opencpn:viz_name>0</opencpn:viz_name>
      <opencpn:scale_min_max UseScale="false" ScaleMin="2147483646" ScaleMax="0" />
    </extensions>
  </wpt>
  <trk>
    <name>VHF 20 - Brug Waalstraat</name>
    <desc>Type: bridge
VHF-kanaal: 20
Gebruik: announce
Telefoon: +31 (0)88 7974825
Bron/info: https://waterkaart.net/gids/brug.php?naam=Brug-Waalstraat</desc>
    <extensions>
      <opencpn:viz>1</opencpn:viz>
      <opencpn:style width="5" style="101" />
      <gpxx:TrackExtension>
        <gpxx:DisplayColor>Cyan</gpxx:DisplayColor>
      </gpxx:TrackExtension>
    </extensions>
    <trkseg>
      <trkpt lat="51.578059659" lon="5.076684058" />
      <trkpt lat="51.578154669" lon="5.076651871" />
      <trkpt lat="51.578159670" lon="5.076732337" />
      <trkpt lat="51.578066326" lon="5.076761842" />
      <trkpt lat="51.578059659" lon="5.076684058" />
    </trkseg>
  </trk>
  <wpt lat="51.578148899" lon="5.076711133">
    <name>Brug Waalstraat</name>
    <desc>Type: bridge
VHF-kanaal: 20
Gebruik: announce
Telefoon: +31 (0)88 7974825
Bron/info: https://waterkaart.net/gids/brug.php?naam=Brug-Waalstraat</desc>
    <link href="https://waterkaart.net/gids/brug.php?naam=Brug-Waalstraat">
      <text>https://waterkaart.net/gids/brug.php?naam=Brug-Waalstraat</text>
    </link>
    <link href="tel:+310887974825">
      <text>tel:+310887974825</text>
    </link>
    <sym>vhf_unknown_20</sym>
    <type>WPT</type>
    <extensions>
      <opencpn:viz>1</opencpn:viz>
      <opencpn:viz_name>0</opencpn:viz_name>
      <opencpn:scale_min_max UseScale="false" ScaleMin="2147483646" ScaleMax="0" />
    </extensions>
  </wpt>
  <trk>
    <name>VHF 79 - Verkeerspost Dordrecht</name>
    <desc>Oproepnaam: Sector Dordrecht
Type: vts
VHF-kanaal: 79
Gebruik: listen
Telefoon: +31887970800
Bron/info: https://varendoejesamen.nl/storage/app/media/downloads/Marifoonblokkanalen-regio-zuid-holland.pdf</desc>
    <extensions>
      <opencpn:viz>1</opencpn:viz>
      <opencpn:style width="7" style="101" />
      <gpxx:TrackExtension>
        <gpxx:DisplayColor>Red</gpxx:DisplayColor>
      </gpxx:TrackExtension>
    </extensions>
    <trkseg>
      <trkpt lat="51.810458837" lon="4.651916027" />
      <trkpt lat="51.811122158" lon="4.650392532" />
      <trkpt lat="51.811838534" lon="4.648783207" />
      <trkpt lat="51.821391982" lon="4.664382935" />
      <trkpt lat="51.823939877" lon="4.667730331" />
      <trkpt lat="51.838105236" lon="4.670734406" />
      <trkpt lat="51.855448774" lon="4.652967453" />
      <trkpt lat="51.856403529" lon="4.656400681" />
      <trkpt lat="51.840594423" lon="4.673738480" />
      <trkpt lat="51.832687787" lon="4.672622681" />
      <trkpt lat="51.826319018" lon="4.671506882" />
      <trkpt lat="51.822072671" lon="4.677257538" />
      <trkpt lat="51.822767405" lon="4.689788818" />
      <trkpt lat="51.824784438" lon="4.705066681" />
      <trkpt lat="51.822130428" lon="4.705581665" />
      <trkpt lat="51.819370092" lon="4.682664871" />
      <trkpt lat="51.819741685" lon="4.669532776" />
      <trkpt lat="51.817835305" lon="4.663524628" />
      <trkpt lat="51.810458837" lon="4.651916027" />
    </trkseg>
  </trk>
  <wpt lat="51.829249331" lon="4.671938300">
    <name>Verkeerspost Dordrecht</name>
    <desc>Oproepnaam: Sector Dordrecht
Type: vts
VHF-kanaal: 79
Gebruik: listen
Telefoon: +31887970800
Bron/info: https://varendoejesamen.nl/storage/app/media/downloads/Marifoonblokkanalen-regio-zuid-holland.pdf</desc>
    <link href="https://varendoejesamen.nl/storage/app/media/downloads/Marifoonblokkanalen-regio-zuid-holland.pdf">
      <text>https://varendoejesamen.nl/storage/app/media/downloads/Marifoonblokkanalen-regio-zuid-holland.pdf</text>
    </link>
    <link href="tel:+31887970800">
      <text>tel:+31887970800</text>
    </link>
    <sym>vhf_unknown_79</sym>
    <type>WPT</type>
    <extensions>
      <opencpn:viz>1</opencpn:viz>
      <opencpn:viz_name>0</opencpn:viz_name>
      <opencpn:scale_min_max UseScale="false" ScaleMin="2147483646" ScaleMax="0" />
    </extensions>
  </wpt>
  <trk>
    <name>VHF 22 - koopvaarders tide lock</name>
    <desc>Oproepnaam: koopvaarders tide lock
Type: vts
VHF-kanaal: 22
Gebruik: announce
Bron/info: https://portofdenhelder.nl/shipping/bridges-and-locks</desc>
    <extensions>
      <opencpn:viz>1</opencpn:viz>
      <opencpn:style width="7" style="101" />
      <gpxx:TrackExtension>
        <gpxx:DisplayColor>Red</gpxx:DisplayColor>
      </gpxx:TrackExtension>
    </extensions>
    <trkseg>
      <trkpt lat="52.946459309" lon="4.786766768" />
      <trkpt lat="52.946375267" lon="4.787061810" />
      <trkpt lat="52.947661741" lon="4.787898660" />
      <trkpt lat="52.947729620" lon="4.787603617" />
      <trkpt lat="52.946459309" lon="4.786766768" />
    </trkseg>
  </trk>
  <wpt lat="52.947053292" lon="4.787330853">
    <name>koopvaarders tide lock</name>
    <desc>Oproepnaam: koopvaarders tide lock
Type: vts
VHF-kanaal: 22
Gebruik: announce
Bron/info: https://portofdenhelder.nl/shipping/bridges-and-locks</desc>
    <link href="https://portofdenhelder.nl/shipping/bridges-and-locks">
      <text>https://portofdenhelder.nl/shipping/bridges-and-locks</text>
    </link>
    <sym>vhf_unknown_22</sym>
    <type>WPT</type>
    <extensions>
      <opencpn:viz>1</opencpn:viz>
      <opencpn:viz_name>0</opencpn:viz_name>
      <opencpn:scale_min_max UseScale="false" ScaleMin="2147483646" ScaleMax="0" />
    </extensions>
  </wpt>
  <trk>
    <name>VHF 03 - Delfzijl Radar</name>
    <desc>Type: vts
VHF-kanaal: 03
Gebruik: report
Opmerking: Havendienst Delfzijl/Eemshaven – VHF 66
Bron/info: https://www.groningen-seaports.com/wp-content/uploads/InfoKaart-Eems-1.pdf</desc>
    <extensions>
      <opencpn:viz>1</opencpn:viz>
      <opencpn:style width="7" style="101" />
      <gpxx:TrackExtension>
        <gpxx:DisplayColor>Red</gpxx:DisplayColor>
      </gpxx:TrackExtension>
    </extensions>
    <trkseg>
      <trkpt lat="53.316996689" lon="7.004814148" />
      <trkpt lat="53.315971755" lon="6.995201111" />
      <trkpt lat="53.321711071" lon="6.966190338" />
      <trkpt lat="53.326886042" lon="6.942329407" />
      <trkpt lat="53.333597199" lon="6.934261322" />
      <trkpt lat="53.332572663" lon="6.930484772" />
      <trkpt lat="53.329593959" lon="6.928682327" />
      <trkpt lat="53.329337804" lon="6.925549507" />
      <trkpt lat="53.328710216" lon="6.925635338" />
      <trkpt lat="53.328223509" lon="6.926922798" />
      <trkpt lat="53.327301311" lon="6.925764084" />
      <trkpt lat="53.327134801" lon="6.926300526" />
      <trkpt lat="53.327788029" lon="6.927180290" />
      <trkpt lat="53.327800837" lon="6.927630901" />
      <trkpt lat="53.327262886" lon="6.929819584" />
      <trkpt lat="53.326609650" lon="6.929304600" />
      <trkpt lat="53.326481564" lon="6.929883957" />
      <trkpt lat="53.327134801" lon="6.930270195" />
      <trkpt lat="53.326904248" lon="6.930677891" />
      <trkpt lat="53.326686502" lon="6.930506229" />
      <trkpt lat="53.326507181" lon="6.930677891" />
      <trkpt lat="53.326135728" lon="6.931879520" />
      <trkpt lat="53.326238198" lon="6.934003830" />
      <trkpt lat="53.326545607" lon="6.934454441" />
      <trkpt lat="53.326379094" lon="6.935870647" />
      <trkpt lat="53.325879552" lon="6.935741901" />
      <trkpt lat="53.325687418" lon="6.938102245" />
      <trkpt lat="53.324355270" lon="6.942071915" />
      <trkpt lat="53.323471418" lon="6.942307949" />
      <trkpt lat="53.321844570" lon="6.940698624" />
      <trkpt lat="53.321344974" lon="6.942415237" />
      <trkpt lat="53.323253654" lon="6.944732666" />
      <trkpt lat="53.323343322" lon="6.946170330" />
      <trkpt lat="53.322011100" lon="6.949882507" />
      <trkpt lat="53.321588367" lon="6.954410076" />
      <trkpt lat="53.320281712" lon="6.961448193" />
      <trkpt lat="53.320153607" lon="6.963829994" />
      <trkpt lat="53.319192802" lon="6.963872910" />
      <trkpt lat="53.319244046" lon="6.969344616" />
      <trkpt lat="53.315708104" lon="6.981983185" />
      <trkpt lat="53.312428128" lon="6.996016502" />
      <trkpt lat="53.311889983" lon="6.994428635" />
      <trkpt lat="53.311518403" lon="6.996338367" />
      <trkpt lat="53.311467150" lon="6.997432709" />
      <trkpt lat="53.309378549" lon="7.000458241" />
      <trkpt lat="53.313811899" lon="7.011144161" />
      <trkpt lat="53.315644044" lon="7.009878159" />
      <trkpt lat="53.316996689" lon="7.004814148" />
    </trkseg>
  </trk>
  <wpt lat="53.320569354" lon="6.968543524">
    <name>Delfzijl Radar</name>
    <desc>Type: vts
VHF-kanaal: 03
Gebruik: report
Opmerking: Havendienst Delfzijl/Eemshaven – VHF 66
Bron/info: https://www.groningen-seaports.com/wp-content/uploads/InfoKaart-Eems-1.pdf</desc>
    <link href="https://www.groningen-seaports.com/wp-content/uploads/InfoKaart-Eems-1.pdf">
      <text>https://www.groningen-seaports.com/wp-content/uploads/InfoKaart-Eems-1.pdf</text>
    </link>
    <sym>vhf_unknown_3</sym>
    <type>WPT</type>
    <extensions>
      <opencpn:viz>1</opencpn:viz>
      <opencpn:viz_name>0</opencpn:viz_name>
      <opencpn:scale_min_max UseScale="false" ScaleMin="2147483646" ScaleMax="0" />
    </extensions>
  </wpt>
  <trk>
    <name>VHF 12 - Havendienst Urk</name>
    <desc>Oproepnaam: Havendienst Urk
Type: marina
VHF-kanaal: 12
Gebruik: report</desc>
    <extensions>
      <opencpn:viz>1</opencpn:viz>
      <opencpn:style width="4" style="101" />
      <gpxx:TrackExtension>
        <gpxx:DisplayColor>Green</gpxx:DisplayColor>
      </gpxx:TrackExtension>
    </extensions>
    <trkseg>
      <trkpt lat="52.656517595" lon="5.597845316" />
      <trkpt lat="52.660227012" lon="5.595484972" />
      <trkpt lat="52.660240027" lon="5.594401360" />
      <trkpt lat="52.660591429" lon="5.593146086" />
      <trkpt lat="52.660884261" lon="5.593124628" />
      <trkpt lat="52.660734592" lon="5.596246719" />
      <trkpt lat="52.660812680" lon="5.597137213" />
      <trkpt lat="52.660981872" lon="5.598521233" />
      <trkpt lat="52.661085990" lon="5.599218607" />
      <trkpt lat="52.660760621" lon="5.599390268" />
      <trkpt lat="52.660357161" lon="5.599207878" />
      <trkpt lat="52.660331131" lon="5.598371029" />
      <trkpt lat="52.659361509" lon="5.598531961" />
      <trkpt lat="52.659289925" lon="5.596708059" />
      <trkpt lat="52.658840898" lon="5.597437620" />
      <trkpt lat="52.658938513" lon="5.600141287" />
      <trkpt lat="52.660194474" lon="5.600023270" />
      <trkpt lat="52.660272564" lon="5.602211952" />
      <trkpt lat="52.658313773" lon="5.602211952" />
      <trkpt lat="52.657981876" lon="5.602855682" />
      <trkpt lat="52.657754102" lon="5.602866411" />
      <trkpt lat="52.657623945" lon="5.598843098" />
      <trkpt lat="52.656517595" lon="5.597845316" />
    </trkseg>
  </trk>
  <wpt lat="52.658801792" lon="5.596534252">
    <name>Havendienst Urk</name>
    <desc>Oproepnaam: Havendienst Urk
Type: marina
VHF-kanaal: 12
Gebruik: report</desc>
    <link href="https://">
      <text>https://</text>
    </link>
    <sym>vhf_unknown_12</sym>
    <type>WPT</type>
    <extensions>
      <opencpn:viz>1</opencpn:viz>
      <opencpn:viz_name>0</opencpn:viz_name>
      <opencpn:scale_min_max UseScale="false" ScaleMin="2147483646" ScaleMax="0" />
    </extensions>
  </wpt>
  <trk>
    <name>VHF 20 - Sluis IV</name>
    <desc>Type: lock
VHF-kanaal: 20
Gebruik: announce
Telefoon: +31 (0)88 7974825
Bron/info: https://waterkaart.net/gids/sluis.php?naam=Sluis-IV</desc>
    <extensions>
      <opencpn:viz>1</opencpn:viz>
      <opencpn:style width="5" style="101" />
      <gpxx:TrackExtension>
        <gpxx:DisplayColor>Blue</gpxx:DisplayColor>
      </gpxx:TrackExtension>
    </extensions>
    <trkseg>
      <trkpt lat="51.498421096" lon="5.206516385" />
      <trkpt lat="51.498447812" lon="5.207629502" />
      <trkpt lat="51.498284174" lon="5.207648277" />
      <trkpt lat="51.498264137" lon="5.206516385" />
      <trkpt lat="51.498421096" lon="5.206516385" />
    </trkseg>
  </trk>
  <wpt lat="51.498353371" lon="5.207081690">
    <name>Sluis IV</name>
    <desc>Type: lock
VHF-kanaal: 20
Gebruik: announce
Telefoon: +31 (0)88 7974825
Bron/info: https://waterkaart.net/gids/sluis.php?naam=Sluis-IV</desc>
    <link href="https://waterkaart.net/gids/sluis.php?naam=Sluis-IV">
      <text>https://waterkaart.net/gids/sluis.php?naam=Sluis-IV</text>
    </link>
    <link href="tel:+310887974825">
      <text>tel:+310887974825</text>
    </link>
    <sym>vhf_unknown_20</sym>
    <type>WPT</type>
    <extensions>
      <opencpn:viz>1</opencpn:viz>
      <opencpn:viz_name>0</opencpn:viz_name>
      <opencpn:scale_min_max UseScale="false" ScaleMin="2147483646" ScaleMax="0" />
    </extensions>
  </wpt>
  <trk>
    <name>VHF 20 - Spoorbrug HRMK</name>
    <desc>Oproepnaam: Spoorbrug HRMK
Type: bridge
VHF-kanaal: 20
Gebruik: report
Opmerking: Long waiting possible, report early
Bron/info: https://waterkaart.net/gids/brug.php?naam=Spoorbrug-HRMK</desc>
    <extensions>
      <opencpn:viz>1</opencpn:viz>
      <opencpn:style width="5" style="101" />
      <gpxx:TrackExtension>
        <gpxx:DisplayColor>Cyan</gpxx:DisplayColor>
      </gpxx:TrackExtension>
    </extensions>
    <trkseg>
      <trkpt lat="53.185233224" lon="5.771759748" />
      <trkpt lat="53.185824692" lon="5.771952868" />
      <trkpt lat="53.185644681" lon="5.772628784" />
      <trkpt lat="53.185451811" lon="5.774635077" />
      <trkpt lat="53.185246082" lon="5.776351690" />
      <trkpt lat="53.184821764" lon="5.776201487" />
      <trkpt lat="53.185233224" lon="5.771759748" />
    </trkseg>
  </trk>
  <wpt lat="53.185272386" lon="5.773985341">
    <name>Spoorbrug HRMK</name>
    <desc>Oproepnaam: Spoorbrug HRMK
Type: bridge
VHF-kanaal: 20
Gebruik: report
Opmerking: Long waiting possible, report early
Bron/info: https://waterkaart.net/gids/brug.php?naam=Spoorbrug-HRMK</desc>
    <link href="https://waterkaart.net/gids/brug.php?naam=Spoorbrug-HRMK">
      <text>https://waterkaart.net/gids/brug.php?naam=Spoorbrug-HRMK</text>
    </link>
    <sym>vhf_unknown_20</sym>
    <type>WPT</type>
    <extensions>
      <opencpn:viz>1</opencpn:viz>
      <opencpn:viz_name>0</opencpn:viz_name>
      <opencpn:scale_min_max UseScale="false" ScaleMin="2147483646" ScaleMax="0" />
    </extensions>
  </wpt>
  <trk>
    <name>VHF 20 - Erpse brug</name>
    <desc>Type: bridge
VHF-kanaal: 20
Gebruik: announce
Telefoon: +31 (0)88 7974825
Bron/info: https://waterkaart.net/gids/brug.php?naam=Erpsebrug</desc>
    <extensions>
      <opencpn:viz>1</opencpn:viz>
      <opencpn:style width="5" style="101" />
      <gpxx:TrackExtension>
        <gpxx:DisplayColor>Cyan</gpxx:DisplayColor>
      </gpxx:TrackExtension>
    </extensions>
    <trkseg>
      <trkpt lat="51.585281559" lon="5.575035810" />
      <trkpt lat="51.585406553" lon="5.575207472" />
      <trkpt lat="51.585431551" lon="5.575148463" />
      <trkpt lat="51.585318224" lon="5.574976802" />
      <trkpt lat="51.585281559" lon="5.575035810" />
    </trkseg>
  </trk>
  <wpt lat="51.585356555" lon="5.575057536">
    <name>Erpse brug</name>
    <desc>Type: bridge
VHF-kanaal: 20
Gebruik: announce
Telefoon: +31 (0)88 7974825
Bron/info: https://waterkaart.net/gids/brug.php?naam=Erpsebrug</desc>
    <link href="https://waterkaart.net/gids/brug.php?naam=Erpsebrug">
      <text>https://waterkaart.net/gids/brug.php?naam=Erpsebrug</text>
    </link>
    <link href="tel:+310887974825">
      <text>tel:+310887974825</text>
    </link>
    <sym>vhf_unknown_20</sym>
    <type>WPT</type>
    <extensions>
      <opencpn:viz>1</opencpn:viz>
      <opencpn:viz_name>0</opencpn:viz_name>
      <opencpn:scale_min_max UseScale="false" ScaleMin="2147483646" ScaleMax="0" />
    </extensions>
  </wpt>
  <trk>
    <name>VHF 22 - Prinsenlandsebrug</name>
    <desc>Type: bridge
VHF-kanaal: 22
Gebruik: announce
Bron/info: https://www.binnenvaartkennis.nl/2018/10/marifoonkanalen-nederland/</desc>
    <extensions>
      <opencpn:viz>1</opencpn:viz>
      <opencpn:style width="5" style="101" />
      <gpxx:TrackExtension>
        <gpxx:DisplayColor>Cyan</gpxx:DisplayColor>
      </gpxx:TrackExtension>
    </extensions>
    <trkseg>
      <trkpt lat="51.645001116" lon="4.391229451" />
      <trkpt lat="51.645125946" lon="4.391360879" />
      <trkpt lat="51.645084336" lon="4.391468167" />
      <trkpt lat="51.644964500" lon="4.391315281" />
      <trkpt lat="51.645001116" lon="4.391229451" />
    </trkseg>
  </trk>
  <wpt lat="51.645053833" lon="4.391346562">
    <name>Prinsenlandsebrug</name>
    <desc>Type: bridge
VHF-kanaal: 22
Gebruik: announce
Bron/info: https://www.binnenvaartkennis.nl/2018/10/marifoonkanalen-nederland/</desc>
    <link href="https://www.binnenvaartkennis.nl/2018/10/marifoonkanalen-nederland/">
      <text>https://www.binnenvaartkennis.nl/2018/10/marifoonkanalen-nederland/</text>
    </link>
    <sym>vhf_unknown_22</sym>
    <type>WPT</type>
    <extensions>
      <opencpn:viz>1</opencpn:viz>
      <opencpn:viz_name>0</opencpn:viz_name>
      <opencpn:scale_min_max UseScale="false" ScaleMin="2147483646" ScaleMax="0" />
    </extensions>
  </wpt>
  <trk>
    <name>VHF 60 - Sector Schellingwoude</name>
    <desc>Oproepnaam: Sector Schellingwoude
Type: vts
VHF-kanaal: 60
Gebruik: listen
Opmerking: PDF orange outline, rotated to north with the map compass and scaled/moved on Oranjesluizen and Hoek van 't IJ, joined across the middle gap into one polygon, then simplified to about 1/10 of the vertices.
Telefoon: +31205234600
Bron/info: https://www.portofamsterdam.com/sites/default/files/2025-09/VTS%20communicatieregeling%202.0%20def.pdf</desc>
    <extensions>
      <opencpn:viz>1</opencpn:viz>
      <opencpn:style width="7" style="101" />
      <gpxx:TrackExtension>
        <gpxx:DisplayColor>Red</gpxx:DisplayColor>
      </gpxx:TrackExtension>
    </extensions>
    <trkseg>
      <trkpt lat="52.365555933" lon="4.958145556" />
      <trkpt lat="52.362461532" lon="4.959732974" />
      <trkpt lat="52.358938041" lon="4.963743290" />
      <trkpt lat="52.355936472" lon="4.974479750" />
      <trkpt lat="52.342934831" lon="4.998889059" />
      <trkpt lat="52.341998259" lon="4.997472857" />
      <trkpt lat="52.355080355" lon="4.972868604" />
      <trkpt lat="52.357228900" lon="4.962664377" />
      <trkpt lat="52.358516171" lon="4.959909348" />
      <trkpt lat="52.360849349" lon="4.957984644" />
      <trkpt lat="52.367536350" lon="4.956320898" />
      <trkpt lat="52.367418762" lon="4.953695821" />
      <trkpt lat="52.367856104" lon="4.955273962" />
      <trkpt lat="52.368658586" lon="4.955903155" />
      <trkpt lat="52.372045923" lon="4.954923263" />
      <trkpt lat="52.371039211" lon="4.953230628" />
      <trkpt lat="52.369164004" lon="4.953663845" />
      <trkpt lat="52.369439406" lon="4.938985067" />
      <trkpt lat="52.370410017" lon="4.939009817" />
      <trkpt lat="52.371422917" lon="4.949388419" />
      <trkpt lat="52.372106780" lon="4.949580270" />
      <trkpt lat="52.372537933" lon="4.950788116" />
      <trkpt lat="52.371526064" lon="4.939209915" />
      <trkpt lat="52.372408999" lon="4.939371850" />
      <trkpt lat="52.373869557" lon="4.949746332" />
      <trkpt lat="52.375139293" lon="4.948818010" />
      <trkpt lat="52.373876777" lon="4.940985056" />
      <trkpt lat="52.376142910" lon="4.938455886" />
      <trkpt lat="52.376492577" lon="4.948148584" />
      <trkpt lat="52.376997996" lon="4.948894334" />
      <trkpt lat="52.377693205" lon="4.948841728" />
      <trkpt lat="52.377722086" lon="4.937319199" />
      <trkpt lat="52.379102189" lon="4.929827636" />
      <trkpt lat="52.380875280" lon="4.932309335" />
      <trkpt lat="52.383793300" lon="4.931952423" />
      <trkpt lat="52.384384331" lon="4.930844619" />
      <trkpt lat="52.385119767" lon="4.931652254" />
      <trkpt lat="52.383972776" lon="4.934588859" />
      <trkpt lat="52.384286341" lon="4.936964333" />
      <trkpt lat="52.383708720" lon="4.940904552" />
      <trkpt lat="52.383809804" lon="4.943305814" />
      <trkpt lat="52.384890781" lon="4.944148521" />
      <trkpt lat="52.385527196" lon="4.943568832" />
      <trkpt lat="52.386395691" lon="4.938213431" />
      <trkpt lat="52.389798501" lon="4.939495531" />
      <trkpt lat="52.390709286" lon="4.937480028" />
      <trkpt lat="52.390485458" lon="4.934949828" />
      <trkpt lat="52.391230177" lon="4.934729087" />
      <trkpt lat="52.390447294" lon="4.941841095" />
      <trkpt lat="52.389255949" lon="4.940318648" />
      <trkpt lat="52.386938243" lon="4.939679148" />
      <trkpt lat="52.385769591" lon="4.945221247" />
      <trkpt lat="52.384061482" lon="4.945001550" />
      <trkpt lat="52.384110992" lon="4.946302234" />
      <trkpt lat="52.385459119" lon="4.947133595" />
      <trkpt lat="52.384976393" lon="4.948800453" />
      <trkpt lat="52.383940800" lon="4.949182099" />
      <trkpt lat="52.384322672" lon="4.953825474" />
      <trkpt lat="52.383039766" lon="4.964232445" />
      <trkpt lat="52.379254206" lon="4.968652725" />
      <trkpt lat="52.379632363" lon="4.972943019" />
      <trkpt lat="52.375453890" lon="4.978637723" />
      <trkpt lat="52.373626131" lon="4.980007496" />
      <trkpt lat="52.373489977" lon="4.981530971" />
      <trkpt lat="52.373878840" lon="4.983602159" />
      <trkpt lat="52.377368293" lon="4.989228850" />
      <trkpt lat="52.377205321" lon="4.990833812" />
      <trkpt lat="52.379565317" lon="4.998094348" />
      <trkpt lat="52.379219776" lon="4.998282070" />
      <trkpt lat="52.377815949" lon="4.993637349" />
      <trkpt lat="52.378572015" lon="4.998523424" />
      <trkpt lat="52.376817489" lon="5.000614183" />
      <trkpt lat="52.374768996" lon="5.001370216" />
      <trkpt lat="52.372476045" lon="5.007545567" />
      <trkpt lat="52.373467285" lon="5.011682796" />
      <trkpt lat="52.372842216" lon="5.012703936" />
      <trkpt lat="52.372194454" lon="5.012275865" />
      <trkpt lat="52.371480679" lon="5.013274309" />
      <trkpt lat="52.367872608" lon="5.014077748" />
      <trkpt lat="52.366309935" lon="4.997219471" />
      <trkpt lat="52.367025773" lon="4.986886274" />
      <trkpt lat="52.368433726" lon="4.981281310" />
      <trkpt lat="52.370559579" lon="4.976262219" />
      <trkpt lat="52.376672052" lon="4.964899617" />
      <trkpt lat="52.377155810" lon="4.965524688" />
      <trkpt lat="52.377707645" lon="4.956784031" />
      <trkpt lat="52.377257926" lon="4.955784538" />
      <trkpt lat="52.373276463" lon="4.957493677" />
      <trkpt lat="52.369391959" lon="4.958039319" />
      <trkpt lat="52.368386278" lon="4.957419408" />
      <trkpt lat="52.366096422" lon="4.957921729" />
      <trkpt lat="52.365867436" lon="4.957156383" />
      <trkpt lat="52.365555933" lon="4.958145556" />
    </trkseg>
  </trk>
  <wpt lat="52.369075814" lon="4.980377703">
    <name>Sector Schellingwoude</name>
    <desc>Oproepnaam: Sector Schellingwoude
Type: vts
VHF-kanaal: 60
Gebruik: listen
Opmerking: PDF orange outline, rotated to north with the map compass and scaled/moved on Oranjesluizen and Hoek van 't IJ, joined across the middle gap into one polygon, then simplified to about 1/10 of the vertices.
Telefoon: +31205234600
Bron/info: https://www.portofamsterdam.com/sites/default/files/2025-09/VTS%20communicatieregeling%202.0%20def.pdf</desc>
    <link href="https://www.portofamsterdam.com/sites/default/files/2025-09/VTS%20communicatieregeling%202.0%20def.pdf">
      <text>https://www.portofamsterdam.com/sites/default/files/2025-09/VTS%20communicatieregeling%202.0%20def.pdf</text>
    </link>
    <link href="tel:+31205234600">
      <text>tel:+31205234600</text>
    </link>
    <sym>vhf_unknown_60</sym>
    <type>WPT</type>
    <extensions>
      <opencpn:viz>1</opencpn:viz>
      <opencpn:viz_name>0</opencpn:viz_name>
      <opencpn:scale_min_max UseScale="false" ScaleMin="2147483646" ScaleMax="0" />
    </extensions>
  </wpt>
  <trk>
    <name>VHF 7 - Volkeraksluizen</name>
    <desc>Oproepnaam: Volkeraksluizen Noord
Type: vts
VHF-kanaal: 7
Gebruik: announce
Telefoon: +31887970800
Bron/info: https://varendoejesamen.nl/storage/app/media/downloads/Marifoonblokkanalen-regio-zuid-holland.pdf</desc>
    <extensions>
      <opencpn:viz>1</opencpn:viz>
      <opencpn:style width="7" style="101" />
      <gpxx:TrackExtension>
        <gpxx:DisplayColor>Red</gpxx:DisplayColor>
      </gpxx:TrackExtension>
    </extensions>
    <trkseg>
      <trkpt lat="51.692657683" lon="4.410023689" />
      <trkpt lat="51.699746653" lon="4.423563480" />
      <trkpt lat="51.703415093" lon="4.437618256" />
      <trkpt lat="51.702084535" lon="4.446115494" />
      <trkpt lat="51.699902335" lon="4.453797340" />
      <trkpt lat="51.698864364" lon="4.463367462" />
      <trkpt lat="51.690746537" lon="4.455642700" />
      <trkpt lat="51.696336017" lon="4.443325996" />
      <trkpt lat="51.697507058" lon="4.436459541" />
      <trkpt lat="51.696594659" lon="4.431288242" />
      <trkpt lat="51.697312855" lon="4.427211285" />
      <trkpt lat="51.697046858" lon="4.425473213" />
      <trkpt lat="51.694506509" lon="4.420645237" />
      <trkpt lat="51.694666116" lon="4.419958591" />
      <trkpt lat="51.690822084" lon="4.412813187" />
      <trkpt lat="51.692657683" lon="4.410023689" />
    </trkseg>
  </trk>
  <wpt lat="51.697649470" lon="4.440333271">
    <name>Volkeraksluizen</name>
    <desc>Oproepnaam: Volkeraksluizen Noord
Type: vts
VHF-kanaal: 7
Gebruik: announce
Telefoon: +31887970800
Bron/info: https://varendoejesamen.nl/storage/app/media/downloads/Marifoonblokkanalen-regio-zuid-holland.pdf</desc>
    <link href="https://varendoejesamen.nl/storage/app/media/downloads/Marifoonblokkanalen-regio-zuid-holland.pdf">
      <text>https://varendoejesamen.nl/storage/app/media/downloads/Marifoonblokkanalen-regio-zuid-holland.pdf</text>
    </link>
    <link href="tel:+31887970800">
      <text>tel:+31887970800</text>
    </link>
    <sym>vhf_unknown_7</sym>
    <type>WPT</type>
    <extensions>
      <opencpn:viz>1</opencpn:viz>
      <opencpn:viz_name>0</opencpn:viz_name>
      <opencpn:scale_min_max UseScale="false" ScaleMin="2147483646" ScaleMax="0" />
    </extensions>
  </wpt>
  <trk>
    <name>VHF 71 - Haven Beverwijk</name>
    <desc>Oproepnaam: Haven Beverwijk
Type: marina
VHF-kanaal: 71
Gebruik: listen</desc>
    <extensions>
      <opencpn:viz>1</opencpn:viz>
      <opencpn:style width="4" style="101" />
      <gpxx:TrackExtension>
        <gpxx:DisplayColor>Green</gpxx:DisplayColor>
      </gpxx:TrackExtension>
    </extensions>
    <trkseg>
      <trkpt lat="52.466360894" lon="4.664640427" />
      <trkpt lat="52.469290628" lon="4.666914940" />
      <trkpt lat="52.478077022" lon="4.655799866" />
      <trkpt lat="52.478600064" lon="4.660692215" />
      <trkpt lat="52.471067660" lon="4.668760300" />
      <trkpt lat="52.473944772" lon="4.671335220" />
      <trkpt lat="52.473421675" lon="4.672622681" />
      <trkpt lat="52.466045341" lon="4.668245316" />
      <trkpt lat="52.466360894" lon="4.664640427" />
    </trkseg>
  </trk>
  <wpt lat="52.472671030" lon="4.664880635">
    <name>Haven Beverwijk</name>
    <desc>Oproepnaam: Haven Beverwijk
Type: marina
VHF-kanaal: 71
Gebruik: listen</desc>
    <link href="https://">
      <text>https://</text>
    </link>
    <sym>vhf_unknown_71</sym>
    <type>WPT</type>
    <extensions>
      <opencpn:viz>1</opencpn:viz>
      <opencpn:viz_name>0</opencpn:viz_name>
      <opencpn:scale_min_max UseScale="false" ScaleMin="2147483646" ScaleMax="0" />
    </extensions>
  </wpt>
  <trk>
    <name>VHF 22 - Arneverkeersbrug</name>
    <desc>Oproepnaam: Arne bruggen
Type: bridge
VHF-kanaal: 22
Gebruik: listen
Bron/info: https://www.zeeland.nl/actueel/bedieningstijden-sluizen-en-bruggen</desc>
    <extensions>
      <opencpn:viz>1</opencpn:viz>
      <opencpn:style width="5" style="101" />
      <gpxx:TrackExtension>
        <gpxx:DisplayColor>Cyan</gpxx:DisplayColor>
      </gpxx:TrackExtension>
    </extensions>
    <trkseg>
      <trkpt lat="51.500351842" lon="3.649005890" />
      <trkpt lat="51.500485345" lon="3.648844957" />
      <trkpt lat="51.500632197" lon="3.649274111" />
      <trkpt lat="51.500482007" lon="3.649402857" />
      <trkpt lat="51.500351842" lon="3.649005890" />
    </trkseg>
  </trk>
  <wpt lat="51.500488358" lon="3.649131884">
    <name>Arneverkeersbrug</name>
    <desc>Oproepnaam: Arne bruggen
Type: bridge
VHF-kanaal: 22
Gebruik: listen
Bron/info: https://www.zeeland.nl/actueel/bedieningstijden-sluizen-en-bruggen</desc>
    <link href="https://www.zeeland.nl/actueel/bedieningstijden-sluizen-en-bruggen">
      <text>https://www.zeeland.nl/actueel/bedieningstijden-sluizen-en-bruggen</text>
    </link>
    <sym>vhf_unknown_22</sym>
    <type>WPT</type>
    <extensions>
      <opencpn:viz>1</opencpn:viz>
      <opencpn:viz_name>0</opencpn:viz_name>
      <opencpn:scale_min_max UseScale="false" ScaleMin="2147483646" ScaleMax="0" />
    </extensions>
  </wpt>
  <trk>
    <name>VHF 22 - Schroebrug</name>
    <desc>Oproepnaam: Schroebrug
Type: bridge
VHF-kanaal: 22
Gebruik: listen
Opmerking: Let op: blauwe golf.
Bron/info: https://www.zeeland.nl/actueel/bedieningstijden-sluizen-en-bruggen</desc>
    <extensions>
      <opencpn:viz>1</opencpn:viz>
      <opencpn:style width="5" style="101" />
      <gpxx:TrackExtension>
        <gpxx:DisplayColor>Cyan</gpxx:DisplayColor>
      </gpxx:TrackExtension>
    </extensions>
    <trkseg>
      <trkpt lat="51.494370297" lon="3.613010645" />
      <trkpt lat="51.493889620" lon="3.613579273" />
      <trkpt lat="51.494006452" lon="3.613815308" />
      <trkpt lat="51.494497141" lon="3.613257408" />
      <trkpt lat="51.494370297" lon="3.613010645" />
    </trkseg>
  </trk>
  <wpt lat="51.494194810" lon="3.613413144">
    <name>Schroebrug</name>
    <desc>Oproepnaam: Schroebrug
Type: bridge
VHF-kanaal: 22
Gebruik: listen
Opmerking: Let op: blauwe golf.
Bron/info: https://www.zeeland.nl/actueel/bedieningstijden-sluizen-en-bruggen</desc>
    <link href="https://www.zeeland.nl/actueel/bedieningstijden-sluizen-en-bruggen">
      <text>https://www.zeeland.nl/actueel/bedieningstijden-sluizen-en-bruggen</text>
    </link>
    <sym>vhf_unknown_22</sym>
    <type>WPT</type>
    <extensions>
      <opencpn:viz>1</opencpn:viz>
      <opencpn:viz_name>0</opencpn:viz_name>
      <opencpn:scale_min_max UseScale="false" ScaleMin="2147483646" ScaleMax="0" />
    </extensions>
  </wpt>
  <trk>
    <name>VHF 22 - Urkersluis</name>
    <desc>Oproepnaam: Urkersluis
Type: lock
VHF-kanaal: 22
Gebruik: announce</desc>
    <extensions>
      <opencpn:viz>1</opencpn:viz>
      <opencpn:style width="5" style="101" />
      <gpxx:TrackExtension>
        <gpxx:DisplayColor>Blue</gpxx:DisplayColor>
      </gpxx:TrackExtension>
    </extensions>
    <trkseg>
      <trkpt lat="52.657936321" lon="5.602962971" />
      <trkpt lat="52.657858227" lon="5.605902672" />
      <trkpt lat="52.657474264" lon="5.605849028" />
      <trkpt lat="52.657845212" lon="5.602930784" />
      <trkpt lat="52.657936321" lon="5.602962971" />
    </trkseg>
  </trk>
  <wpt lat="52.657755214" lon="5.604709783">
    <name>Urkersluis</name>
    <desc>Oproepnaam: Urkersluis
Type: lock
VHF-kanaal: 22
Gebruik: announce</desc>
    <link href="https://">
      <text>https://</text>
    </link>
    <sym>vhf_unknown_22</sym>
    <type>WPT</type>
    <extensions>
      <opencpn:viz>1</opencpn:viz>
      <opencpn:viz_name>0</opencpn:viz_name>
      <opencpn:scale_min_max UseScale="false" ScaleMin="2147483646" ScaleMax="0" />
    </extensions>
  </wpt>
  <trk>
    <name>VHF 5 - Sector Stad</name>
    <desc>Oproepnaam: Sector Stad
Type: vts
VHF-kanaal: 5
Gebruik: listen
Opmerking: PDF outline for Sector Stad (VHF 05), rotated to north with the map compass.
Telefoon: +31205234600
Bron/info: https://www.portofamsterdam.com/sites/default/files/2025-09/VTS%20communicatieregeling%202.0%20def.pdf</desc>
    <extensions>
      <opencpn:viz>1</opencpn:viz>
      <opencpn:style width="7" style="101" />
      <gpxx:TrackExtension>
        <gpxx:DisplayColor>Red</gpxx:DisplayColor>
      </gpxx:TrackExtension>
    </extensions>
    <trkseg>
      <trkpt lat="52.413503230" lon="4.860733366" />
      <trkpt lat="52.412752919" lon="4.862166213" />
      <trkpt lat="52.411587368" lon="4.861477653" />
      <trkpt lat="52.410678773" lon="4.863549819" />
      <trkpt lat="52.405607495" lon="4.858127377" />
      <trkpt lat="52.405350539" lon="4.860149129" />
      <trkpt lat="52.408094826" lon="4.863880966" />
      <trkpt lat="52.407107088" lon="4.865284020" />
      <trkpt lat="52.404606395" lon="4.862393954" />
      <trkpt lat="52.403816000" lon="4.864269792" />
      <trkpt lat="52.405926120" lon="4.867204083" />
      <trkpt lat="52.404429610" lon="4.870299999" />
      <trkpt lat="52.407783396" lon="4.871179583" />
      <trkpt lat="52.404877741" lon="4.874453410" />
      <trkpt lat="52.400577330" lon="4.865263931" />
      <trkpt lat="52.404192183" lon="4.856974262" />
      <trkpt lat="52.402029644" lon="4.854405889" />
      <trkpt lat="52.398917396" lon="4.860828991" />
      <trkpt lat="52.398003662" lon="4.859455886" />
      <trkpt lat="52.399178463" lon="4.856671425" />
      <trkpt lat="52.398226699" lon="4.856322036" />
      <trkpt lat="52.395990157" lon="4.862158179" />
      <trkpt lat="52.398693331" lon="4.868636354" />
      <trkpt lat="52.397397246" lon="4.870547169" />
      <trkpt lat="52.399404584" lon="4.869878943" />
      <trkpt lat="52.399992499" lon="4.871714595" />
      <trkpt lat="52.397471249" lon="4.873680996" />
      <trkpt lat="52.398070470" lon="4.876289570" />
      <trkpt lat="52.401483870" lon="4.874808243" />
      <trkpt lat="52.401989559" lon="4.876028235" />
      <trkpt lat="52.396198805" lon="4.878917840" />
      <trkpt lat="52.392886132" lon="4.886160095" />
      <trkpt lat="52.390651645" lon="4.885255758" />
      <trkpt lat="52.389766689" lon="4.891458713" />
      <trkpt lat="52.385695483" lon="4.893649255" />
      <trkpt lat="52.383053979" lon="4.893359576" />
      <trkpt lat="52.381502994" lon="4.896718583" />
      <trkpt lat="52.378690871" lon="4.904357494" />
      <trkpt lat="52.377436927" lon="4.914065298" />
      <trkpt lat="52.378309548" lon="4.914618214" />
      <trkpt lat="52.374049223" lon="4.939185305" />
      <trkpt lat="52.376362852" lon="4.936785241" />
      <trkpt lat="52.379523407" lon="4.920589765" />
      <trkpt lat="52.380138045" lon="4.922344216" />
      <trkpt lat="52.379020802" lon="4.929010699" />
      <trkpt lat="52.380809214" lon="4.931567817" />
      <trkpt lat="52.383495942" lon="4.930847179" />
      <trkpt lat="52.383193762" lon="4.928329039" />
      <trkpt lat="52.384173278" lon="4.927234360" />
      <trkpt lat="52.383839235" lon="4.925970161" />
      <trkpt lat="52.382680879" lon="4.925940415" />
      <trkpt lat="52.381982987" lon="4.919887631" />
      <trkpt lat="52.384542266" lon="4.918749695" />
      <trkpt lat="52.381829842" lon="4.918620340" />
      <trkpt lat="52.381103171" lon="4.912764901" />
      <trkpt lat="52.381860676" lon="4.908550804" />
      <trkpt lat="52.383961546" lon="4.907267963" />
      <trkpt lat="52.382491759" lon="4.902897766" />
      <trkpt lat="52.384281199" lon="4.900034155" />
      <trkpt lat="52.389348366" lon="4.898264967" />
      <trkpt lat="52.390760594" lon="4.900428444" />
      <trkpt lat="52.390970270" lon="4.898707859" />
      <trkpt lat="52.391950813" lon="4.899854847" />
      <trkpt lat="52.392873798" lon="4.897233846" />
      <trkpt lat="52.393863591" lon="4.897975872" />
      <trkpt lat="52.396551348" lon="4.896869769" />
      <trkpt lat="52.393008443" lon="4.907293128" />
      <trkpt lat="52.391490348" lon="4.907194546" />
      <trkpt lat="52.392389693" lon="4.908289123" />
      <trkpt lat="52.392577785" lon="4.910877167" />
      <trkpt lat="52.394518314" lon="4.910859582" />
      <trkpt lat="52.393658027" lon="4.908754653" />
      <trkpt lat="52.397687092" lon="4.898239787" />
      <trkpt lat="52.399300774" lon="4.898966359" />
      <trkpt lat="52.398258562" lon="4.904432388" />
      <trkpt lat="52.400016139" lon="4.900421714" />
      <trkpt lat="52.400695530" lon="4.901413523" />
      <trkpt lat="52.402961879" lon="4.895497226" />
      <trkpt lat="52.400463242" lon="4.898745306" />
      <trkpt lat="52.398707720" lon="4.895480019" />
      <trkpt lat="52.398715943" lon="4.891873386" />
      <trkpt lat="52.400710947" lon="4.892199079" />
      <trkpt lat="52.403155110" lon="4.886702117" />
      <trkpt lat="52.405820254" lon="4.889624052" />
      <trkpt lat="52.406753517" lon="4.887704013" />
      <trkpt lat="52.405136752" lon="4.885635105" />
      <trkpt lat="52.406314637" lon="4.883635907" />
      <trkpt lat="52.406041236" lon="4.881905066" />
      <trkpt lat="52.408375422" lon="4.877464701" />
      <trkpt lat="52.410476292" lon="4.879464710" />
      <trkpt lat="52.411168016" lon="4.877823223" />
      <trkpt lat="52.409593392" lon="4.875033807" />
      <trkpt lat="52.411599702" lon="4.872134168" />
      <trkpt lat="52.412488769" lon="4.872668577" />
      <trkpt lat="52.412520631" lon="4.870295320" />
      <trkpt lat="52.414161037" lon="4.866775921" />
      <trkpt lat="52.415517763" lon="4.867395605" />
      <trkpt lat="52.415941226" lon="4.866442778" />
      <trkpt lat="52.415713049" lon="4.862530878" />
      <trkpt lat="52.413503230" lon="4.860733366" />
    </trkseg>
  </trk>
  <wpt lat="52.395327205" lon="4.889251979">
    <name>Sector Stad</name>
    <desc>Oproepnaam: Sector Stad
Type: vts
VHF-kanaal: 5
Gebruik: listen
Opmerking: PDF outline for Sector Stad (VHF 05), rotated to north with the map compass.
Telefoon: +31205234600
Bron/info: https://www.portofamsterdam.com/sites/default/files/2025-09/VTS%20communicatieregeling%202.0%20def.pdf</desc>
    <link href="https://www.portofamsterdam.com/sites/default/files/2025-09/VTS%20communicatieregeling%202.0%20def.pdf">
      <text>https://www.portofamsterdam.com/sites/default/files/2025-09/VTS%20communicatieregeling%202.0%20def.pdf</text>
    </link>
    <link href="tel:+31205234600">
      <text>tel:+31205234600</text>
    </link>
    <sym>vhf_unknown_5</sym>
    <type>WPT</type>
    <extensions>
      <opencpn:viz>1</opencpn:viz>
      <opencpn:viz_name>0</opencpn:viz_name>
      <opencpn:scale_min_max UseScale="false" ScaleMin="2147483646" ScaleMax="0" />
    </extensions>
  </wpt>
  <trk>
    <name>VHF 22 - Sluis V</name>
    <desc>Type: lock
VHF-kanaal: 22
Gebruik: announce
Telefoon: +31 (0)88 7974825</desc>
    <extensions>
      <opencpn:viz>1</opencpn:viz>
      <opencpn:style width="5" style="101" />
      <gpxx:TrackExtension>
        <gpxx:DisplayColor>Blue</gpxx:DisplayColor>
      </gpxx:TrackExtension>
    </extensions>
    <trkseg>
      <trkpt lat="51.511794009" lon="5.564797819" />
      <trkpt lat="51.511982637" lon="5.564749539" />
      <trkpt lat="51.512107833" lon="5.566018224" />
      <trkpt lat="51.511917536" lon="5.566058457" />
      <trkpt lat="51.511794009" lon="5.564797819" />
    </trkseg>
  </trk>
  <wpt lat="51.511949903" lon="5.565406382">
    <name>Sluis V</name>
    <desc>Type: lock
VHF-kanaal: 22
Gebruik: announce
Telefoon: +31 (0)88 7974825</desc>
    <link href="https://">
      <text>https://</text>
    </link>
    <link href="tel:+310887974825">
      <text>tel:+310887974825</text>
    </link>
    <sym>vhf_unknown_22</sym>
    <type>WPT</type>
    <extensions>
      <opencpn:viz>1</opencpn:viz>
      <opencpn:viz_name>0</opencpn:viz_name>
      <opencpn:scale_min_max UseScale="false" ScaleMin="2147483646" ScaleMax="0" />
    </extensions>
  </wpt>
  <trk>
    <name>VHF 20 - Sluis Schijndel</name>
    <desc>Type: lock
VHF-kanaal: 20
Gebruik: announce
Telefoon: +31 (0)88 7974825
Bron/info: https://waterkaart.net/gids/sluis.php?naam=Sluis-Schijndel</desc>
    <extensions>
      <opencpn:viz>1</opencpn:viz>
      <opencpn:style width="5" style="101" />
      <gpxx:TrackExtension>
        <gpxx:DisplayColor>Blue</gpxx:DisplayColor>
      </gpxx:TrackExtension>
    </extensions>
    <trkseg>
      <trkpt lat="51.648279859" lon="5.445029140" />
      <trkpt lat="51.648424651" lon="5.445123017" />
      <trkpt lat="51.648870674" lon="5.443347394" />
      <trkpt lat="51.648732540" lon="5.443258882" />
      <trkpt lat="51.648279859" lon="5.445029140" />
    </trkseg>
  </trk>
  <wpt lat="51.648575442" lon="5.444196845">
    <name>Sluis Schijndel</name>
    <desc>Type: lock
VHF-kanaal: 20
Gebruik: announce
Telefoon: +31 (0)88 7974825
Bron/info: https://waterkaart.net/gids/sluis.php?naam=Sluis-Schijndel</desc>
    <link href="https://waterkaart.net/gids/sluis.php?naam=Sluis-Schijndel">
      <text>https://waterkaart.net/gids/sluis.php?naam=Sluis-Schijndel</text>
    </link>
    <link href="tel:+310887974825">
      <text>tel:+310887974825</text>
    </link>
    <sym>vhf_unknown_20</sym>
    <type>WPT</type>
    <extensions>
      <opencpn:viz>1</opencpn:viz>
      <opencpn:viz_name>0</opencpn:viz_name>
      <opencpn:scale_min_max UseScale="false" ScaleMin="2147483646" ScaleMax="0" />
    </extensions>
  </wpt>
  <trk>
    <name>VHF 68 - Post Tiel</name>
    <desc>Oproepnaam: Sector St. Andries
Type: vts
VHF-kanaal: 68
Gebruik: listen
Telefoon: +31 88 797 36 90
Bron/info: https://www.varendoejesamen.nl/nieuws/1-juni-2016-krijgt-vts-sector-millingen-een-eigen-marifoonkanaal-vhf5</desc>
    <extensions>
      <opencpn:viz>1</opencpn:viz>
      <opencpn:style width="7" style="101" />
      <gpxx:TrackExtension>
        <gpxx:DisplayColor>Red</gpxx:DisplayColor>
      </gpxx:TrackExtension>
    </extensions>
    <trkseg>
      <trkpt lat="51.838020230" lon="5.396464985" />
      <trkpt lat="51.837248480" lon="5.395333405" />
      <trkpt lat="51.837016300" lon="5.394595745" />
      <trkpt lat="51.835878560" lon="5.392869298" />
      <trkpt lat="51.835743810" lon="5.392360908" />
      <trkpt lat="51.834399110" lon="5.390499347" />
      <trkpt lat="51.832730640" lon="5.388058459" />
      <trkpt lat="51.831457340" lon="5.386539669" />
      <trkpt lat="51.831158840" lon="5.387014192" />
      <trkpt lat="51.826819420" lon="5.381703594" />
      <trkpt lat="51.827273630" lon="5.380484914" />
      <trkpt lat="51.826951150" lon="5.379391490" />
      <trkpt lat="51.826408360" lon="5.379173633" />
      <trkpt lat="51.826229860" lon="5.379565508" />
      <trkpt lat="51.825899960" lon="5.379343584" />
      <trkpt lat="51.825446280" lon="5.379196954" />
      <trkpt lat="51.824712540" lon="5.378083705" />
      <trkpt lat="51.823712980" lon="5.377530254" />
      <trkpt lat="51.823361210" lon="5.378118818" />
      <trkpt lat="51.818341880" lon="5.373622936" />
      <trkpt lat="51.818341640" lon="5.373205650" />
      <trkpt lat="51.818025670" lon="5.372691846" />
      <trkpt lat="51.816555270" lon="5.371473808" />
      <trkpt lat="51.816220420" lon="5.370983304" />
      <trkpt lat="51.814831920" lon="5.370109472" />
      <trkpt lat="51.813180400" lon="5.368408645" />
      <trkpt lat="51.811546500" lon="5.366663852" />
      <trkpt lat="51.810211310" lon="5.364886991" />
      <trkpt lat="51.809022030" lon="5.363178222" />
      <trkpt lat="51.807908810" lon="5.361000618" />
      <trkpt lat="51.805687650" lon="5.354688593" />
      <trkpt lat="51.805337700" lon="5.354264777" />
      <trkpt lat="51.805969860" lon="5.347954154" />
      <trkpt lat="51.806218140" lon="5.345986644" />
      <trkpt lat="51.806448400" lon="5.345057836" />
      <trkpt lat="51.806783610" lon="5.344140170" />
      <trkpt lat="51.807035740" lon="5.343743933" />
      <trkpt lat="51.807826260" lon="5.341362911" />
      <trkpt lat="51.810315530" lon="5.337516284" />
      <trkpt lat="51.810708840" lon="5.337618096" />
      <trkpt lat="51.811017960" lon="5.337402477" />
      <trkpt lat="51.811841480" lon="5.335574167" />
      <trkpt lat="51.812438470" lon="5.335045608" />
      <trkpt lat="51.813122340" lon="5.333479320" />
      <trkpt lat="51.814302130" lon="5.332610093" />
      <trkpt lat="51.814594000" lon="5.332089756" />
      <trkpt lat="51.814564050" lon="5.331763658" />
      <trkpt lat="51.817699540" lon="5.327984021" />
      <trkpt lat="51.819015850" lon="5.326257952" />
      <trkpt lat="51.819343450" lon="5.326633630" />
      <trkpt lat="51.819657920" lon="5.326410693" />
      <trkpt lat="51.820392120" lon="5.324342162" />
      <trkpt lat="51.820748250" lon="5.324511392" />
      <trkpt lat="51.821238160" lon="5.323543414" />
      <trkpt lat="51.821448270" lon="5.322559529" />
      <trkpt lat="51.821986440" lon="5.323314219" />
      <trkpt lat="51.822451020" lon="5.322566026" />
      <trkpt lat="51.822550080" lon="5.321422938" />
      <trkpt lat="51.822802050" lon="5.320793300" />
      <trkpt lat="51.823281520" lon="5.318586843" />
      <trkpt lat="51.824001140" lon="5.315899852" />
      <trkpt lat="51.824392100" lon="5.314786237" />
      <trkpt lat="51.824657880" lon="5.313199790" />
      <trkpt lat="51.825051170" lon="5.311899418" />
      <trkpt lat="51.825251700" lon="5.310325256" />
      <trkpt lat="51.825524160" lon="5.309089339" />
      <trkpt lat="51.825630950" lon="5.307456812" />
      <trkpt lat="51.825910940" lon="5.305458348" />
      <trkpt lat="51.825892560" lon="5.304708308" />
      <trkpt lat="51.826167950" lon="5.304594798" />
      <trkpt lat="51.826519830" lon="5.304295715" />
      <trkpt lat="51.826015270" lon="5.301823114" />
      <trkpt lat="51.825998120" lon="5.300820425" />
      <trkpt lat="51.825536610" lon="5.295540018" />
      <trkpt lat="51.825692990" lon="5.295141800" />
      <trkpt lat="51.825532150" lon="5.293595427" />
      <trkpt lat="51.821552970" lon="5.295149106" />
      <trkpt lat="51.821431070" lon="5.297971228" />
      <trkpt lat="51.821910860" lon="5.298147391" />
      <trkpt lat="51.821749110" lon="5.300550515" />
      <trkpt lat="51.821752950" lon="5.301832227" />
      <trkpt lat="51.821756090" lon="5.303182343" />
      <trkpt lat="51.821809500" lon="5.303360996" />
      <trkpt lat="51.821744760" lon="5.304663214" />
      <trkpt lat="51.821734430" lon="5.306102513" />
      <trkpt lat="51.821784780" lon="5.306898841" />
      <trkpt lat="51.821721470" lon="5.308982573" />
      <trkpt lat="51.821765940" lon="5.309279966" />
      <trkpt lat="51.821516030" lon="5.310458824" />
      <trkpt lat="51.821321160" lon="5.310761032" />
      <trkpt lat="51.821233190" lon="5.311708013" />
      <trkpt lat="51.820782300" lon="5.312940652" />
      <trkpt lat="51.820467690" lon="5.314505780" />
      <trkpt lat="51.819895570" lon="5.315646854" />
      <trkpt lat="51.819513900" lon="5.317205698" />
      <trkpt lat="51.818809560" lon="5.318409614" />
      <trkpt lat="51.818327220" lon="5.319439672" />
      <trkpt lat="51.817040940" lon="5.322334464" />
      <trkpt lat="51.816074580" lon="5.324276896" />
      <trkpt lat="51.814508010" lon="5.325246609" />
      <trkpt lat="51.812963770" lon="5.326878303" />
      <trkpt lat="51.811643780" lon="5.327959496" />
      <trkpt lat="51.811209370" lon="5.328887632" />
      <trkpt lat="51.809895820" lon="5.330976936" />
      <trkpt lat="51.808169640" lon="5.332725995" />
      <trkpt lat="51.806530030" lon="5.334270564" />
      <trkpt lat="51.806500310" lon="5.335004269" />
      <trkpt lat="51.805649990" lon="5.335898034" />
      <trkpt lat="51.805237360" lon="5.336697325" />
      <trkpt lat="51.804756080" lon="5.337242729" />
      <trkpt lat="51.804285290" lon="5.338447887" />
      <trkpt lat="51.804443730" lon="5.339214134" />
      <trkpt lat="51.803770480" lon="5.340370540" />
      <trkpt lat="51.803406990" lon="5.341492977" />
      <trkpt lat="51.803184400" lon="5.342825048" />
      <trkpt lat="51.802774840" lon="5.344156660" />
      <trkpt lat="51.802667440" lon="5.344826359" />
      <trkpt lat="51.802274100" lon="5.346655960" />
      <trkpt lat="51.802290130" lon="5.347006406" />
      <trkpt lat="51.802008800" lon="5.349137130" />
      <trkpt lat="51.802888260" lon="5.349602842" />
      <trkpt lat="51.802571360" lon="5.350341915" />
      <trkpt lat="51.800629180" lon="5.353235391" />
      <trkpt lat="51.800808230" lon="5.354199450" />
      <trkpt lat="51.801951150" lon="5.353502679" />
      <trkpt lat="51.802026700" lon="5.354329789" />
      <trkpt lat="51.801683630" lon="5.354510666" />
      <trkpt lat="51.801614430" lon="5.355022417" />
      <trkpt lat="51.801766680" lon="5.355847600" />
      <trkpt lat="51.802189290" lon="5.356197680" />
      <trkpt lat="51.802377700" lon="5.356192550" />
      <trkpt lat="51.801716120" lon="5.357216508" />
      <trkpt lat="51.801741580" lon="5.357437554" />
      <trkpt lat="51.801938060" lon="5.357467146" />
      <trkpt lat="51.802525580" lon="5.356829829" />
      <trkpt lat="51.802587320" lon="5.357024106" />
      <trkpt lat="51.802487840" lon="5.357724459" />
      <trkpt lat="51.802516540" lon="5.359027487" />
      <trkpt lat="51.802709790" lon="5.359783170" />
      <trkpt lat="51.803126360" lon="5.359913070" />
      <trkpt lat="51.803028970" lon="5.361193427" />
      <trkpt lat="51.803116550" lon="5.361897457" />
      <trkpt lat="51.803651450" lon="5.362547763" />
      <trkpt lat="51.803931010" lon="5.362433057" />
      <trkpt lat="51.804046320" lon="5.363659416" />
      <trkpt lat="51.804412760" lon="5.364744411" />
      <trkpt lat="51.804800800" lon="5.365423518" />
      <trkpt lat="51.805031350" lon="5.366255529" />
      <trkpt lat="51.805565090" lon="5.366629880" />
      <trkpt lat="51.806042110" lon="5.366597113" />
      <trkpt lat="51.806340820" lon="5.367527573" />
      <trkpt lat="51.806817380" lon="5.368319401" />
      <trkpt lat="51.807381900" lon="5.368858002" />
      <trkpt lat="51.808141490" lon="5.370270276" />
      <trkpt lat="51.808625930" lon="5.370567216" />
      <trkpt lat="51.808882250" lon="5.370329305" />
      <trkpt lat="51.809705520" lon="5.371404697" />
      <trkpt lat="51.810272080" lon="5.371946184" />
      <trkpt lat="51.810236830" lon="5.372372353" />
      <trkpt lat="51.810715460" lon="5.373518959" />
      <trkpt lat="51.811558850" lon="5.373981243" />
      <trkpt lat="51.811831160" lon="5.373680817" />
      <trkpt lat="51.812690420" lon="5.374924778" />
      <trkpt lat="51.813462050" lon="5.375217154" />
      <trkpt lat="51.814615800" lon="5.376548742" />
      <trkpt lat="51.814864180" lon="5.376420528" />
      <trkpt lat="51.814949670" lon="5.376474122" />
      <trkpt lat="51.815099460" lon="5.377115024" />
      <trkpt lat="51.815799670" lon="5.378137982" />
      <trkpt lat="51.816625680" lon="5.378524326" />
      <trkpt lat="51.817873770" lon="5.380550292" />
      <trkpt lat="51.818010620" lon="5.380220835" />
      <trkpt lat="51.818216300" lon="5.380239585" />
      <trkpt lat="51.818375440" lon="5.379999489" />
      <trkpt lat="51.819072300" lon="5.380714861" />
      <trkpt lat="51.819899280" lon="5.381073695" />
      <trkpt lat="51.820332840" lon="5.380602233" />
      <trkpt lat="51.821996070" lon="5.382143152" />
      <trkpt lat="51.823683310" lon="5.383910503" />
      <trkpt lat="51.824521240" lon="5.385065866" />
      <trkpt lat="51.824994210" lon="5.385471181" />
      <trkpt lat="51.826096490" lon="5.387090089" />
      <trkpt lat="51.826754470" lon="5.387465732" />
      <trkpt lat="51.827300880" lon="5.388647719" />
      <trkpt lat="51.827693930" lon="5.388988685" />
      <trkpt lat="51.828163670" lon="5.389342746" />
      <trkpt lat="51.829222040" lon="5.390736715" />
      <trkpt lat="51.829759910" lon="5.391848447" />
      <trkpt lat="51.830533660" lon="5.392492613" />
      <trkpt lat="51.830885230" lon="5.392350933" />
      <trkpt lat="51.830950280" lon="5.392922613" />
      <trkpt lat="51.831322790" lon="5.393794683" />
      <trkpt lat="51.831899860" lon="5.394488663" />
      <trkpt lat="51.832120380" lon="5.394510867" />
      <trkpt lat="51.832645550" lon="5.396183670" />
      <trkpt lat="51.833239720" lon="5.396744827" />
      <trkpt lat="51.834539000" lon="5.398717257" />
      <trkpt lat="51.834688360" lon="5.399605052" />
      <trkpt lat="51.835197480" lon="5.400980694" />
      <trkpt lat="51.835990190" lon="5.400358768" />
      <trkpt lat="51.838020230" lon="5.396464985" />
    </trkseg>
  </trk>
  <wpt lat="51.819324705" lon="5.320441744">
    <name>Post Tiel</name>
    <desc>Oproepnaam: Sector St. Andries
Type: vts
VHF-kanaal: 68
Gebruik: listen
Telefoon: +31 88 797 36 90
Bron/info: https://www.varendoejesamen.nl/nieuws/1-juni-2016-krijgt-vts-sector-millingen-een-eigen-marifoonkanaal-vhf5</desc>
    <link href="https://www.varendoejesamen.nl/nieuws/1-juni-2016-krijgt-vts-sector-millingen-een-eigen-marifoonkanaal-vhf5">
      <text>https://www.varendoejesamen.nl/nieuws/1-juni-2016-krijgt-vts-sector-millingen-een-eigen-marifoonkanaal-vhf5</text>
    </link>
    <link href="tel:+31887973690">
      <text>tel:+31887973690</text>
    </link>
    <sym>vhf_unknown_68</sym>
    <type>WPT</type>
    <extensions>
      <opencpn:viz>1</opencpn:viz>
      <opencpn:viz_name>0</opencpn:viz_name>
      <opencpn:scale_min_max UseScale="false" ScaleMin="2147483646" ScaleMax="0" />
    </extensions>
  </wpt>
  <trk>
    <name>VHF 9 - Berlage brug</name>
    <desc>Oproepnaam: Berlage brug
Type: bridge
VHF-kanaal: 9
Gebruik: announce
Opmerking: City of Groningen CH-9</desc>
    <extensions>
      <opencpn:viz>1</opencpn:viz>
      <opencpn:style width="5" style="101" />
      <gpxx:TrackExtension>
        <gpxx:DisplayColor>Cyan</gpxx:DisplayColor>
      </gpxx:TrackExtension>
    </extensions>
    <trkseg>
      <trkpt lat="53.220119068" lon="6.590206325" />
      <trkpt lat="53.219889417" lon="6.590380669" />
      <trkpt lat="53.220011470" lon="6.590777636" />
      <trkpt lat="53.220239515" lon="6.590611339" />
      <trkpt lat="53.220119068" lon="6.590206325" />
    </trkseg>
  </trk>
  <wpt lat="53.220060245" lon="6.590492725">
    <name>Berlage brug</name>
    <desc>Oproepnaam: Berlage brug
Type: bridge
VHF-kanaal: 9
Gebruik: announce
Opmerking: City of Groningen CH-9</desc>
    <link href="https://">
      <text>https://</text>
    </link>
    <sym>vhf_unknown_9</sym>
    <type>WPT</type>
    <extensions>
      <opencpn:viz>1</opencpn:viz>
      <opencpn:viz_name>0</opencpn:viz_name>
      <opencpn:scale_min_max UseScale="false" ScaleMin="2147483646" ScaleMax="0" />
    </extensions>
  </wpt>
  <trk>
    <name>VHF 4 - Centrale meldpost Waddenzee</name>
    <desc>Oproepnaam: Centrale meldpost Waddenzee
Type: area
VHF-kanaal: 4
Gebruik: report
Opmerking: Ship to ship on VHF 10
Telefoon: +31887974599</desc>
    <extensions>
      <opencpn:viz>1</opencpn:viz>
      <opencpn:style width="7" style="101" />
      <gpxx:TrackExtension>
        <gpxx:DisplayColor>Yellow</gpxx:DisplayColor>
      </gpxx:TrackExtension>
    </extensions>
    <trkseg>
      <trkpt lat="53.456245942" lon="6.799066691" />
      <trkpt lat="53.553045285" lon="6.640017993" />
      <trkpt lat="53.470458156" lon="6.112795711" />
      <trkpt lat="53.462966459" lon="5.960093076" />
      <trkpt lat="53.442920565" lon="5.608201877" />
      <trkpt lat="53.437904620" lon="5.535983185" />
      <trkpt lat="53.369119540" lon="5.222046375" />
      <trkpt lat="53.358333198" lon="5.235333851" />
      <trkpt lat="53.322834643" lon="5.235335153" />
      <trkpt lat="53.322841878" lon="5.280019975" />
      <trkpt lat="53.296159369" lon="5.280036072" />
      <trkpt lat="53.245232971" lon="5.192808218" />
      <trkpt lat="53.245223695" lon="5.143681485" />
      <trkpt lat="53.295465002" lon="5.092474222" />
      <trkpt lat="53.295086663" lon="5.091583729" />
      <trkpt lat="53.294631369" lon="5.091991425" />
      <trkpt lat="53.294522354" lon="5.091143847" />
      <trkpt lat="53.295734327" lon="5.089555979" />
      <trkpt lat="53.296131897" lon="5.088944435" />
      <trkpt lat="53.296388393" lon="5.088311434" />
      <trkpt lat="53.296593588" lon="5.086627007" />
      <trkpt lat="53.297132220" lon="5.085039139" />
      <trkpt lat="53.294026712" lon="5.053640108" />
      <trkpt lat="53.287123779" lon="5.012020282" />
      <trkpt lat="53.207912281" lon="4.873179059" />
      <trkpt lat="53.185987552" lon="4.860751998" />
      <trkpt lat="53.040919024" lon="4.776464892" />
      <trkpt lat="53.017884729" lon="4.827379767" />
      <trkpt lat="53.012300598" lon="4.843125165" />
      <trkpt lat="52.994813277" lon="4.875121430" />
      <trkpt lat="52.989594161" lon="4.877319952" />
      <trkpt lat="52.973140609" lon="4.830778058" />
      <trkpt lat="52.964395060" lon="4.802915185" />
      <trkpt lat="52.963078092" lon="4.784765230" />
      <trkpt lat="52.965239649" lon="4.779607792" />
      <trkpt lat="52.965470785" lon="4.762451429" />
      <trkpt lat="52.908963275" lon="4.800755604" />
      <trkpt lat="52.884882186" lon="4.868048492" />
      <trkpt lat="52.897996484" lon="4.931224647" />
      <trkpt lat="52.937640738" lon="5.038457224" />
      <trkpt lat="53.067390396" lon="5.295138417" />
      <trkpt lat="53.078902559" lon="5.348167494" />
      <trkpt lat="53.097400174" lon="5.382205664" />
      <trkpt lat="53.125452970" lon="5.411281586" />
      <trkpt lat="53.166790774" lon="5.416259766" />
      <trkpt lat="53.173337851" lon="5.404114723" />
      <trkpt lat="53.175601441" lon="5.402483940" />
      <trkpt lat="53.176025851" lon="5.402644873" />
      <trkpt lat="53.176964682" lon="5.405412912" />
      <trkpt lat="53.175652885" lon="5.408148766" />
      <trkpt lat="53.178224998" lon="5.411109924" />
      <trkpt lat="53.182378636" lon="5.412440300" />
      <trkpt lat="53.185091785" lon="5.422096252" />
      <trkpt lat="53.199554733" lon="5.430679321" />
      <trkpt lat="53.244099254" lon="5.485990275" />
      <trkpt lat="53.261043562" lon="5.536737862" />
      <trkpt lat="53.302525551" lon="5.582874672" />
      <trkpt lat="53.338283180" lon="5.732482081" />
      <trkpt lat="53.383161498" lon="5.872008798" />
      <trkpt lat="53.398243007" lon="5.995156484" />
      <trkpt lat="53.403283860" lon="6.079358401" />
      <trkpt lat="53.404371827" lon="6.138791417" />
      <trkpt lat="53.415461129" lon="6.178068525" />
      <trkpt lat="53.412448040" lon="6.191611290" />
      <trkpt lat="53.412115502" lon="6.212854385" />
      <trkpt lat="53.410503938" lon="6.216630936" />
      <trkpt lat="53.415903884" lon="6.250688338" />
      <trkpt lat="53.396136987" lon="6.306010001" />
      <trkpt lat="53.415489838" lon="6.371129158" />
      <trkpt lat="53.426623433" lon="6.513891659" />
      <trkpt lat="53.439833194" lon="6.609293241" />
      <trkpt lat="53.462317172" lon="6.691053369" />
      <trkpt lat="53.456245942" lon="6.799066691" />
    </trkseg>
  </trk>
  <wpt lat="53.254227480" lon="5.485421994">
    <name>Centrale meldpost Waddenzee</name>
    <desc>Oproepnaam: Centrale meldpost Waddenzee
Type: area
VHF-kanaal: 4
Gebruik: report
Opmerking: Ship to ship on VHF 10
Telefoon: +31887974599</desc>
    <link href="tel:+31887974599">
      <text>tel:+31887974599</text>
    </link>
    <sym>vhf_unknown_4</sym>
    <type>WPT</type>
    <extensions>
      <opencpn:viz>1</opencpn:viz>
      <opencpn:viz_name>0</opencpn:viz_name>
      <opencpn:scale_min_max UseScale="false" ScaleMin="2147483646" ScaleMax="0" />
    </extensions>
  </wpt>
  <trk>
    <name>VHF 22 - Arnespoorbrug</name>
    <desc>Oproepnaam: Arne bruggen
Type: bridge
VHF-kanaal: 22
Gebruik: listen
Bron/info: https://www.zeeland.nl/actueel/bedieningstijden-sluizen-en-bruggen</desc>
    <extensions>
      <opencpn:viz>1</opencpn:viz>
      <opencpn:style width="5" style="101" />
      <gpxx:TrackExtension>
        <gpxx:DisplayColor>Cyan</gpxx:DisplayColor>
      </gpxx:TrackExtension>
    </extensions>
    <trkseg>
      <trkpt lat="51.499834969" lon="3.649896383" />
      <trkpt lat="51.499865008" lon="3.650293350" />
      <trkpt lat="51.499774892" lon="3.650309443" />
      <trkpt lat="51.499741516" lon="3.649933934" />
      <trkpt lat="51.499834969" lon="3.649896383" />
    </trkseg>
  </trk>
  <wpt lat="51.499805795" lon="3.650106518">
    <name>Arnespoorbrug</name>
    <desc>Oproepnaam: Arne bruggen
Type: bridge
VHF-kanaal: 22
Gebruik: listen
Bron/info: https://www.zeeland.nl/actueel/bedieningstijden-sluizen-en-bruggen</desc>
    <link href="https://www.zeeland.nl/actueel/bedieningstijden-sluizen-en-bruggen">
      <text>https://www.zeeland.nl/actueel/bedieningstijden-sluizen-en-bruggen</text>
    </link>
    <sym>vhf_unknown_22</sym>
    <type>WPT</type>
    <extensions>
      <opencpn:viz>1</opencpn:viz>
      <opencpn:viz_name>0</opencpn:viz_name>
      <opencpn:scale_min_max UseScale="false" ScaleMin="2147483646" ScaleMax="0" />
    </extensions>
  </wpt>
  <trk>
    <name>VHF 31 - Buyshaven</name>
    <desc>Oproepnaam: Buyshaven
Type: marina
VHF-kanaal: 31
Gebruik: announce
Opmerking: 0031 228 315 660
Telefoon: +0031 6 3013 6854
Bron/info: https://www.buyshaven.nl/contact</desc>
    <extensions>
      <opencpn:viz>1</opencpn:viz>
      <opencpn:style width="4" style="101" />
      <gpxx:TrackExtension>
        <gpxx:DisplayColor>Green</gpxx:DisplayColor>
      </gpxx:TrackExtension>
    </extensions>
    <trkseg>
      <trkpt lat="52.696048977" lon="5.285453796" />
      <trkpt lat="52.698012578" lon="5.289144516" />
      <trkpt lat="52.699325932" lon="5.288929939" />
      <trkpt lat="52.698740779" lon="5.283651352" />
      <trkpt lat="52.698194630" lon="5.283780098" />
      <trkpt lat="52.698259648" lon="5.284745693" />
      <trkpt lat="52.697648474" lon="5.285625458" />
      <trkpt lat="52.698415691" lon="5.286955833" />
      <trkpt lat="52.698623748" lon="5.288801193" />
      <trkpt lat="52.698415691" lon="5.288672447" />
      <trkpt lat="52.697804519" lon="5.286655426" />
      <trkpt lat="52.697414405" lon="5.285432339" />
      <trkpt lat="52.696790214" lon="5.284037590" />
      <trkpt lat="52.696048977" lon="5.285453796" />
    </trkseg>
  </trk>
  <wpt lat="52.697687454" lon="5.285573959">
    <name>Buyshaven</name>
    <desc>Oproepnaam: Buyshaven
Type: marina
VHF-kanaal: 31
Gebruik: announce
Opmerking: 0031 228 315 660
Telefoon: +0031 6 3013 6854
Bron/info: https://www.buyshaven.nl/contact</desc>
    <link href="https://www.buyshaven.nl/contact">
      <text>https://www.buyshaven.nl/contact</text>
    </link>
    <link href="tel:+0031630136854">
      <text>tel:+0031630136854</text>
    </link>
    <sym>vhf_unknown_31</sym>
    <type>WPT</type>
    <extensions>
      <opencpn:viz>1</opencpn:viz>
      <opencpn:viz_name>0</opencpn:viz_name>
      <opencpn:scale_min_max UseScale="false" ScaleMin="2147483646" ScaleMax="0" />
    </extensions>
  </wpt>
  <trk>
    <name>VHF 20 - Grevelingensluis</name>
    <desc>Type: lock
VHF-kanaal: 20
Gebruik: listen
Telefoon: +31 (0)88-7970123
Bron/info: https://www.vaarweginformatie.nl/frp/main/#/geo/detail/LOCK/7069661</desc>
    <extensions>
      <opencpn:viz>1</opencpn:viz>
      <opencpn:style width="5" style="101" />
      <gpxx:TrackExtension>
        <gpxx:DisplayColor>Blue</gpxx:DisplayColor>
      </gpxx:TrackExtension>
    </extensions>
    <trkseg>
      <trkpt lat="51.667384573" lon="4.093598127" />
      <trkpt lat="51.666094327" lon="4.095947742" />
      <trkpt lat="51.666327106" lon="4.096215963" />
      <trkpt lat="51.667584092" lon="4.093898535" />
      <trkpt lat="51.667384573" lon="4.093598127" />
    </trkseg>
  </trk>
  <wpt lat="51.666842417" lon="4.094922839">
    <name>Grevelingensluis</name>
    <desc>Type: lock
VHF-kanaal: 20
Gebruik: listen
Telefoon: +31 (0)88-7970123
Bron/info: https://www.vaarweginformatie.nl/frp/main/#/geo/detail/LOCK/7069661</desc>
    <link href="https://www.vaarweginformatie.nl/frp/main/#/geo/detail/LOCK/7069661">
      <text>https://www.vaarweginformatie.nl/frp/main/#/geo/detail/LOCK/7069661</text>
    </link>
    <link href="tel:+310887970123">
      <text>tel:+310887970123</text>
    </link>
    <sym>vhf_unknown_20</sym>
    <type>WPT</type>
    <extensions>
      <opencpn:viz>1</opencpn:viz>
      <opencpn:viz_name>0</opencpn:viz_name>
      <opencpn:scale_min_max UseScale="false" ScaleMin="2147483646" ScaleMax="0" />
    </extensions>
  </wpt>
  <trk>
    <name>VHF 9 - Havendienst Medemblik</name>
    <desc>Oproepnaam: Havendienst medemblik
Type: marina
VHF-kanaal: 9
Gebruik: report</desc>
    <extensions>
      <opencpn:viz>1</opencpn:viz>
      <opencpn:style width="4" style="101" />
      <gpxx:TrackExtension>
        <gpxx:DisplayColor>Green</gpxx:DisplayColor>
      </gpxx:TrackExtension>
    </extensions>
    <trkseg>
      <trkpt lat="52.774731861" lon="5.113363266" />
      <trkpt lat="52.770837439" lon="5.107440948" />
      <trkpt lat="52.771356715" lon="5.102891922" />
      <trkpt lat="52.772395249" lon="5.099887848" />
      <trkpt lat="52.771720205" lon="5.099029541" />
      <trkpt lat="52.770837439" lon="5.099887848" />
      <trkpt lat="52.770577798" lon="5.102033615" />
      <trkpt lat="52.769487291" lon="5.101861954" />
      <trkpt lat="52.768916062" lon="5.103321075" />
      <trkpt lat="52.769539221" lon="5.104093552" />
      <trkpt lat="52.769123783" lon="5.108127594" />
      <trkpt lat="52.769331502" lon="5.109157562" />
      <trkpt lat="52.770110441" lon="5.108728409" />
      <trkpt lat="52.770473942" lon="5.108299255" />
      <trkpt lat="52.774108777" lon="5.113706589" />
      <trkpt lat="52.774731861" lon="5.113363266" />
    </trkseg>
  </trk>
  <wpt lat="52.770956064" lon="5.105701119">
    <name>Havendienst Medemblik</name>
    <desc>Oproepnaam: Havendienst medemblik
Type: marina
VHF-kanaal: 9
Gebruik: report</desc>
    <link href="https://">
      <text>https://</text>
    </link>
    <sym>vhf_unknown_9</sym>
    <type>WPT</type>
    <extensions>
      <opencpn:viz>1</opencpn:viz>
      <opencpn:viz_name>0</opencpn:viz_name>
      <opencpn:scale_min_max UseScale="false" ScaleMin="2147483646" ScaleMax="0" />
    </extensions>
  </wpt>
  <trk>
    <name>VHF 3 - Hoek van Holland</name>
    <desc>Oproepnaam: Sector Maasmond
Type: vts
VHF-kanaal: 3
Gebruik: report
Telefoon: +31102522801
Bron/info: https://www.portofrotterdam.com/sites/default/files/2021-05/aanbevolen-oversteekroute-voor-kleine-vaartuigen-haven-rotterdam.pdf</desc>
    <extensions>
      <opencpn:viz>1</opencpn:viz>
      <opencpn:style width="7" style="101" />
      <gpxx:TrackExtension>
        <gpxx:DisplayColor>Red</gpxx:DisplayColor>
      </gpxx:TrackExtension>
    </extensions>
    <trkseg>
      <trkpt lat="52.036774475" lon="4.031548218" />
      <trkpt lat="52.031705462" lon="4.043221191" />
      <trkpt lat="51.973581992" lon="3.945202545" />
      <trkpt lat="51.978551856" lon="3.930096344" />
      <trkpt lat="52.036774475" lon="4.031548218" />
    </trkseg>
  </trk>
  <wpt lat="52.004440294" lon="3.986267817">
    <name>Hoek van Holland</name>
    <desc>Oproepnaam: Sector Maasmond
Type: vts
VHF-kanaal: 3
Gebruik: report
Telefoon: +31102522801
Bron/info: https://www.portofrotterdam.com/sites/default/files/2021-05/aanbevolen-oversteekroute-voor-kleine-vaartuigen-haven-rotterdam.pdf</desc>
    <link href="https://www.portofrotterdam.com/sites/default/files/2021-05/aanbevolen-oversteekroute-voor-kleine-vaartuigen-haven-rotterdam.pdf">
      <text>https://www.portofrotterdam.com/sites/default/files/2021-05/aanbevolen-oversteekroute-voor-kleine-vaartuigen-haven-rotterdam.pdf</text>
    </link>
    <link href="tel:+31102522801">
      <text>tel:+31102522801</text>
    </link>
    <sym>vhf_unknown_3</sym>
    <type>WPT</type>
    <extensions>
      <opencpn:viz>1</opencpn:viz>
      <opencpn:viz_name>0</opencpn:viz_name>
      <opencpn:scale_min_max UseScale="false" ScaleMin="2147483646" ScaleMax="0" />
    </extensions>
  </wpt>
  <trk>
    <name>VHF 63 - Eemhaven</name>
    <desc>Oproepnaam: Sector Eemhaven
Type: vts
VHF-kanaal: 63
Gebruik: report
Bron/info: https://varendoejesamen.nl/storage/app/media//knooppunten/knooppuntenfoto-1-17.jpg</desc>
    <extensions>
      <opencpn:viz>1</opencpn:viz>
      <opencpn:style width="7" style="101" />
      <gpxx:TrackExtension>
        <gpxx:DisplayColor>Red</gpxx:DisplayColor>
      </gpxx:TrackExtension>
    </extensions>
    <trkseg>
      <trkpt lat="51.899469840" lon="4.348225594" />
      <trkpt lat="51.899615403" lon="4.348590374" />
      <trkpt lat="51.902566270" lon="4.347238541" />
      <trkpt lat="51.902711824" lon="4.347925186" />
      <trkpt lat="51.899760966" lon="4.349148273" />
      <trkpt lat="51.899827131" lon="4.349384308" />
      <trkpt lat="51.900065324" lon="4.349255562" />
      <trkpt lat="51.900488774" lon="4.350285530" />
      <trkpt lat="51.900197652" lon="4.350435734" />
      <trkpt lat="51.901084245" lon="4.353268147" />
      <trkpt lat="51.903559489" lon="4.352946281" />
      <trkpt lat="51.902447999" lon="4.348955154" />
      <trkpt lat="51.903109604" lon="4.348611832" />
      <trkpt lat="51.905808849" lon="4.357838631" />
      <trkpt lat="51.904512173" lon="4.358267784" />
      <trkpt lat="51.903559489" lon="4.354877472" />
      <trkpt lat="51.901468807" lon="4.355521202" />
      <trkpt lat="51.901839314" lon="4.363675117" />
      <trkpt lat="51.902474464" lon="4.363760948" />
      <trkpt lat="51.902580321" lon="4.362430573" />
      <trkpt lat="51.905332524" lon="4.361443520" />
      <trkpt lat="51.905411912" lon="4.362044334" />
      <trkpt lat="51.907767024" lon="4.360971451" />
      <trkpt lat="51.907925791" lon="4.361701012" />
      <trkpt lat="51.908507933" lon="4.361529350" />
      <trkpt lat="51.908613776" lon="4.362001419" />
      <trkpt lat="51.908402089" lon="4.363718033" />
      <trkpt lat="51.903241924" lon="4.365949631" />
      <trkpt lat="51.903096285" lon="4.365820885" />
      <trkpt lat="51.901640742" lon="4.365820885" />
      <trkpt lat="51.901576267" lon="4.368674755" />
      <trkpt lat="51.902343742" lon="4.368932247" />
      <trkpt lat="51.902396671" lon="4.371507168" />
      <trkpt lat="51.903058277" lon="4.371528625" />
      <trkpt lat="51.905479669" lon="4.372601509" />
      <trkpt lat="51.905453206" lon="4.372944832" />
      <trkpt lat="51.904579932" lon="4.373073578" />
      <trkpt lat="51.902462832" lon="4.371914864" />
      <trkpt lat="51.902396671" lon="4.372193813" />
      <trkpt lat="51.902026168" lon="4.371979237" />
      <trkpt lat="51.902012936" lon="4.371786118" />
      <trkpt lat="51.901483640" lon="4.371571541" />
      <trkpt lat="51.901298385" lon="4.371657372" />
      <trkpt lat="51.900041277" lon="4.379682541" />
      <trkpt lat="51.900147140" lon="4.379703999" />
      <trkpt lat="51.900583823" lon="4.378759861" />
      <trkpt lat="51.900901407" lon="4.378867149" />
      <trkpt lat="51.901007268" lon="4.379253387" />
      <trkpt lat="51.901338082" lon="4.378995895" />
      <trkpt lat="51.901814451" lon="4.376206398" />
      <trkpt lat="51.902251117" lon="4.376335144" />
      <trkpt lat="51.902462832" lon="4.376120567" />
      <trkpt lat="51.903177365" lon="4.376420975" />
      <trkpt lat="51.902912724" lon="4.377601147" />
      <trkpt lat="51.902912724" lon="4.377708435" />
      <trkpt lat="51.904077130" lon="4.377086163" />
      <trkpt lat="51.904315300" lon="4.377236366" />
      <trkpt lat="51.904460848" lon="4.377965927" />
      <trkpt lat="51.904156520" lon="4.378137589" />
      <trkpt lat="51.904209447" lon="4.378330708" />
      <trkpt lat="51.904632858" lon="4.378073215" />
      <trkpt lat="51.904712247" lon="4.378244877" />
      <trkpt lat="51.908774141" lon="4.376013279" />
      <trkpt lat="51.909210739" lon="4.378116131" />
      <trkpt lat="51.902475612" lon="4.381763935" />
      <trkpt lat="51.902250664" lon="4.382600784" />
      <trkpt lat="51.903745883" lon="4.383759499" />
      <trkpt lat="51.903917896" lon="4.384145737" />
      <trkpt lat="51.903878201" lon="4.384349585" />
      <trkpt lat="51.903567253" lon="4.384317398" />
      <trkpt lat="51.902078645" lon="4.383051395" />
      <trkpt lat="51.901986018" lon="4.383362532" />
      <trkpt lat="51.901059746" lon="4.382675886" />
      <trkpt lat="51.900960501" lon="4.382815361" />
      <trkpt lat="51.902402835" lon="4.386055470" />
      <trkpt lat="51.902482228" lon="4.386634827" />
      <trkpt lat="51.902191119" lon="4.386924505" />
      <trkpt lat="51.900583370" lon="4.383319616" />
      <trkpt lat="51.900464275" lon="4.383448362" />
      <trkpt lat="51.900272400" lon="4.383008480" />
      <trkpt lat="51.900272400" lon="4.382590055" />
      <trkpt lat="51.899987893" lon="4.382085800" />
      <trkpt lat="51.899729850" lon="4.382311106" />
      <trkpt lat="51.899590904" lon="4.383265972" />
      <trkpt lat="51.899491656" lon="4.383276701" />
      <trkpt lat="51.898810148" lon="4.387589693" />
      <trkpt lat="51.898756241" lon="4.394166470" />
      <trkpt lat="51.899814890" lon="4.394595623" />
      <trkpt lat="51.902461405" lon="4.394166470" />
      <trkpt lat="51.904618200" lon="4.385604858" />
      <trkpt lat="51.906748429" lon="4.386892319" />
      <trkpt lat="51.905028376" lon="4.393994808" />
      <trkpt lat="51.905398854" lon="4.394960403" />
      <trkpt lat="51.905465011" lon="4.396977425" />
      <trkpt lat="51.903281793" lon="4.397835732" />
      <trkpt lat="51.902434941" lon="4.397685528" />
      <trkpt lat="51.902382012" lon="4.397320747" />
      <trkpt lat="51.899272336" lon="4.397943020" />
      <trkpt lat="51.899656095" lon="4.399616718" />
      <trkpt lat="51.903295025" lon="4.398930073" />
      <trkpt lat="51.903652286" lon="4.399209023" />
      <trkpt lat="51.903440576" lon="4.399638176" />
      <trkpt lat="51.900542698" lon="4.401097298" />
      <trkpt lat="51.900344206" lon="4.400131702" />
      <trkpt lat="51.900119248" lon="4.400260448" />
      <trkpt lat="51.900185412" lon="4.400861263" />
      <trkpt lat="51.900026617" lon="4.400925636" />
      <trkpt lat="51.900542698" lon="4.403436184" />
      <trkpt lat="51.900648559" lon="4.403607845" />
      <trkpt lat="51.900754421" lon="4.404036999" />
      <trkpt lat="51.896771206" lon="4.406332970" />
      <trkpt lat="51.896360954" lon="4.404809475" />
      <trkpt lat="51.894322875" lon="4.406526089" />
      <trkpt lat="51.894150825" lon="4.407448769" />
      <trkpt lat="51.895103708" lon="4.411118031" />
      <trkpt lat="51.892615581" lon="4.413177967" />
      <trkpt lat="51.892086175" lon="4.412748814" />
      <trkpt lat="51.893528793" lon="4.405903816" />
      <trkpt lat="51.896188912" lon="4.403543472" />
      <trkpt lat="51.895236051" lon="4.399466515" />
      <trkpt lat="51.892986162" lon="4.401268959" />
      <trkpt lat="51.892774402" lon="4.402341843" />
      <trkpt lat="51.892642051" lon="4.402277470" />
      <trkpt lat="51.890431739" lon="4.413156509" />
      <trkpt lat="51.888764006" lon="4.420580864" />
      <trkpt lat="51.887943353" lon="4.420194626" />
      <trkpt lat="51.891569997" lon="4.403543472" />
      <trkpt lat="51.890908223" lon="4.403007030" />
      <trkpt lat="51.888313973" lon="4.405217171" />
      <trkpt lat="51.886619688" lon="4.413092136" />
      <trkpt lat="51.886354950" lon="4.413006306" />
      <trkpt lat="51.885865181" lon="4.415109158" />
      <trkpt lat="51.886116685" lon="4.415302277" />
      <trkpt lat="51.883853101" lon="4.425837994" />
      <trkpt lat="51.883641298" lon="4.425687790" />
      <trkpt lat="51.883111786" lon="4.428369999" />
      <trkpt lat="51.881761501" lon="4.427511692" />
      <trkpt lat="51.885785759" lon="4.409208298" />
      <trkpt lat="51.885084187" lon="4.408671856" />
      <trkpt lat="51.884250229" lon="4.409379959" />
      <trkpt lat="51.883959002" lon="4.408972263" />
      <trkpt lat="51.883058834" lon="4.409744740" />
      <trkpt lat="51.879276047" lon="4.427425861" />
      <trkpt lat="51.877131276" lon="4.426245689" />
      <trkpt lat="51.880149814" lon="4.412491322" />
      <trkpt lat="51.879964471" lon="4.412362576" />
      <trkpt lat="51.878150717" lon="4.413950443" />
      <trkpt lat="51.878005084" lon="4.413478374" />
      <trkpt lat="51.880029491" lon="4.403994083" />
      <trkpt lat="51.879155722" lon="4.393458366" />
      <trkpt lat="51.880890004" lon="4.393050671" />
      <trkpt lat="51.881949074" lon="4.406139851" />
      <trkpt lat="51.883378780" lon="4.405860901" />
      <trkpt lat="51.884914339" lon="4.404594898" />
      <trkpt lat="51.885907130" lon="4.403371811" />
      <trkpt lat="51.885880656" lon="4.403092861" />
      <trkpt lat="51.887336709" lon="4.401869774" />
      <trkpt lat="51.887614678" lon="4.398243427" />
      <trkpt lat="51.888819189" lon="4.397234917" />
      <trkpt lat="51.891784000" lon="4.398651123" />
      <trkpt lat="51.893398681" lon="4.393930435" />
      <trkpt lat="51.894550099" lon="4.389445782" />
      <trkpt lat="51.895066242" lon="4.384939671" />
      <trkpt lat="51.894880961" lon="4.384639263" />
      <trkpt lat="51.893266333" lon="4.383995533" />
      <trkpt lat="51.892988399" lon="4.383502007" />
      <trkpt lat="51.893861899" lon="4.378030300" />
      <trkpt lat="51.894973601" lon="4.377150536" />
      <trkpt lat="51.895172117" lon="4.377300739" />
      <trkpt lat="51.895317694" lon="4.377772808" />
      <trkpt lat="51.894642740" lon="4.382150173" />
      <trkpt lat="51.894695678" lon="4.382300377" />
      <trkpt lat="51.895277991" lon="4.382643700" />
      <trkpt lat="51.896416127" lon="4.375004768" />
      <trkpt lat="51.895622082" lon="4.372987747" />
      <trkpt lat="51.897011651" lon="4.370648861" />
      <trkpt lat="51.895966170" lon="4.369511604" />
      <trkpt lat="51.894510395" lon="4.368932247" />
      <trkpt lat="51.894563333" lon="4.368588924" />
      <trkpt lat="51.893451621" lon="4.368009567" />
      <trkpt lat="51.893358977" lon="4.368417263" />
      <trkpt lat="51.891108993" lon="4.367516041" />
      <trkpt lat="51.889401578" lon="4.368588924" />
      <trkpt lat="51.887773516" lon="4.378287792" />
      <trkpt lat="51.885840944" lon="4.379231930" />
      <trkpt lat="51.885867418" lon="4.379510880" />
      <trkpt lat="51.885602676" lon="4.379596710" />
      <trkpt lat="51.885602676" lon="4.379274845" />
      <trkpt lat="51.884742253" lon="4.379532337" />
      <trkpt lat="51.884662829" lon="4.378566742" />
      <trkpt lat="51.885682099" lon="4.378244877" />
      <trkpt lat="51.885629151" lon="4.378008842" />
      <trkpt lat="51.885999789" lon="4.377815723" />
      <trkpt lat="51.886105685" lon="4.377171993" />
      <trkpt lat="51.886317477" lon="4.377279282" />
      <trkpt lat="51.886476320" lon="4.376420975" />
      <trkpt lat="51.886264529" lon="4.376313686" />
      <trkpt lat="51.888440069" lon="4.363417625" />
      <trkpt lat="51.886044232" lon="4.355306625" />
      <trkpt lat="51.887712065" lon="4.354770184" />
      <trkpt lat="51.890332822" lon="4.363331795" />
      <trkpt lat="51.896328220" lon="4.365992546" />
      <trkpt lat="51.897307524" lon="4.365327358" />
      <trkpt lat="51.897294291" lon="4.362044334" />
      <trkpt lat="51.897175187" lon="4.359920025" />
      <trkpt lat="51.896275284" lon="4.354705811" />
      <trkpt lat="51.896381156" lon="4.354534149" />
      <trkpt lat="51.895057738" lon="4.349234104" />
      <trkpt lat="51.894708548" lon="4.349168390" />
      <trkpt lat="51.899469840" lon="4.348225594" />
    </trkseg>
  </trk>
  <wpt lat="51.893171008" lon="4.367521405">
    <name>Eemhaven</name>
    <desc>Oproepnaam: Sector Eemhaven
Type: vts
VHF-kanaal: 63
Gebruik: report
Bron/info: https://varendoejesamen.nl/storage/app/media//knooppunten/knooppuntenfoto-1-17.jpg</desc>
    <link href="https://varendoejesamen.nl/storage/app/media//knooppunten/knooppuntenfoto-1-17.jpg">
      <text>https://varendoejesamen.nl/storage/app/media//knooppunten/knooppuntenfoto-1-17.jpg</text>
    </link>
    <sym>vhf_unknown_63</sym>
    <type>WPT</type>
    <extensions>
      <opencpn:viz>1</opencpn:viz>
      <opencpn:viz_name>0</opencpn:viz_name>
      <opencpn:scale_min_max UseScale="false" ScaleMin="2147483646" ScaleMax="0" />
    </extensions>
  </wpt>
  <trk>
    <name>VHF 81 - Sluis Panheel</name>
    <desc>Oproepnaam: Sluis Panheel
Type: lock
VHF-kanaal: 81
Gebruik: announce
Bron/info: https://www.binnenvaartinbeeld.com/nl/kanaal_wessem_nederweert/sluis_panheel</desc>
    <extensions>
      <opencpn:viz>1</opencpn:viz>
      <opencpn:style width="5" style="101" />
      <gpxx:TrackExtension>
        <gpxx:DisplayColor>Blue</gpxx:DisplayColor>
      </gpxx:TrackExtension>
    </extensions>
    <trkseg>
      <trkpt lat="51.174517006" lon="5.859972239" />
      <trkpt lat="51.174735615" lon="5.860170722" />
      <trkpt lat="51.174934043" lon="5.860508680" />
      <trkpt lat="51.175102203" lon="5.860642791" />
      <trkpt lat="51.174409382" lon="5.862842202" />
      <trkpt lat="51.173770364" lon="5.862386227" />
      <trkpt lat="51.174517006" lon="5.859972239" />
    </trkseg>
  </trk>
  <wpt lat="51.174444443" lon="5.861451856">
    <name>Sluis Panheel</name>
    <desc>Oproepnaam: Sluis Panheel
Type: lock
VHF-kanaal: 81
Gebruik: announce
Bron/info: https://www.binnenvaartinbeeld.com/nl/kanaal_wessem_nederweert/sluis_panheel</desc>
    <link href="https://www.binnenvaartinbeeld.com/nl/kanaal_wessem_nederweert/sluis_panheel">
      <text>https://www.binnenvaartinbeeld.com/nl/kanaal_wessem_nederweert/sluis_panheel</text>
    </link>
    <sym>vhf_unknown_81</sym>
    <type>WPT</type>
    <extensions>
      <opencpn:viz>1</opencpn:viz>
      <opencpn:viz_name>0</opencpn:viz_name>
      <opencpn:scale_min_max UseScale="false" ScaleMin="2147483646" ScaleMax="0" />
    </extensions>
  </wpt>
  <trk>
    <name>VHF 31 - Roompot Marina</name>
    <desc>Type: marina
VHF-kanaal: 31
Gebruik: listen
Telefoon: +31113405110
Bron/info: https://www.roompotmarina.com/nl/contact/</desc>
    <extensions>
      <opencpn:viz>1</opencpn:viz>
      <opencpn:style width="4" style="101" />
      <gpxx:TrackExtension>
        <gpxx:DisplayColor>Green</gpxx:DisplayColor>
      </gpxx:TrackExtension>
    </extensions>
    <trkseg>
      <trkpt lat="51.594779958" lon="3.718872070" />
      <trkpt lat="51.595226264" lon="3.718689680" />
      <trkpt lat="51.594413584" lon="3.713089228" />
      <trkpt lat="51.591742298" lon="3.714677095" />
      <trkpt lat="51.591335929" lon="3.716747761" />
      <trkpt lat="51.591882195" lon="3.720599413" />
      <trkpt lat="51.593907318" lon="3.719977140" />
      <trkpt lat="51.594313664" lon="3.719344139" />
      <trkpt lat="51.594460214" lon="3.719033003" />
      <trkpt lat="51.594779958" lon="3.718872070" />
    </trkseg>
  </trk>
  <wpt lat="51.593215304" lon="3.716998516">
    <name>Roompot Marina</name>
    <desc>Type: marina
VHF-kanaal: 31
Gebruik: listen
Telefoon: +31113405110
Bron/info: https://www.roompotmarina.com/nl/contact/</desc>
    <link href="https://www.roompotmarina.com/nl/contact/">
      <text>https://www.roompotmarina.com/nl/contact/</text>
    </link>
    <link href="tel:+31113405110">
      <text>tel:+31113405110</text>
    </link>
    <sym>vhf_unknown_31</sym>
    <type>WPT</type>
    <extensions>
      <opencpn:viz>1</opencpn:viz>
      <opencpn:viz_name>0</opencpn:viz_name>
      <opencpn:scale_min_max UseScale="false" ScaleMin="2147483646" ScaleMax="0" />
    </extensions>
  </wpt>
  <trk>
    <name>VHF 5 - Zeeverkeerspost Schiermonnikoog</name>
    <desc>Type: vts
VHF-kanaal: 5
Gebruik: listen
Opmerking: Area not well defined. Has depths and tonnage info.
Bron/info: https://wetten.overheid.nl/BWBR0010360/2021-10-06</desc>
    <extensions>
      <opencpn:viz>1</opencpn:viz>
      <opencpn:style width="7" style="101" />
      <gpxx:TrackExtension>
        <gpxx:DisplayColor>Red</gpxx:DisplayColor>
      </gpxx:TrackExtension>
    </extensions>
    <trkseg>
      <trkpt lat="53.420406227" lon="6.036643982" />
      <trkpt lat="53.424291311" lon="6.032180786" />
      <trkpt lat="53.426744865" lon="6.030464172" />
      <trkpt lat="53.428278265" lon="6.028747559" />
      <trkpt lat="53.432060414" lon="6.019992828" />
      <trkpt lat="53.436966484" lon="6.017246246" />
      <trkpt lat="53.439214911" lon="6.017417908" />
      <trkpt lat="53.441258831" lon="6.019992828" />
      <trkpt lat="53.447594361" lon="6.026172638" />
      <trkpt lat="53.450455258" lon="6.027202606" />
      <trkpt lat="53.453009467" lon="6.024112701" />
      <trkpt lat="53.453520291" lon="6.016902924" />
      <trkpt lat="53.455359204" lon="6.011581421" />
      <trkpt lat="53.531196011" lon="5.987377167" />
      <trkpt lat="53.532725640" lon="6.030635834" />
      <trkpt lat="53.532313334" lon="6.162471771" />
      <trkpt lat="53.498852508" lon="6.161441803" />
      <trkpt lat="53.493118884" lon="6.142044067" />
      <trkpt lat="53.486994314" lon="6.134834290" />
      <trkpt lat="53.474129838" lon="6.130027771" />
      <trkpt lat="53.467185484" lon="6.136207581" />
      <trkpt lat="53.460035698" lon="6.125221252" />
      <trkpt lat="53.450228318" lon="6.134834290" />
      <trkpt lat="53.449002237" lon="6.139640808" />
      <trkpt lat="53.452271709" lon="6.139640808" />
      <trkpt lat="53.457788373" lon="6.147880554" />
      <trkpt lat="53.473108681" lon="6.156120300" />
      <trkpt lat="53.472291737" lon="6.165046692" />
      <trkpt lat="53.467687139" lon="6.166419983" />
      <trkpt lat="53.467916931" lon="6.167964935" />
      <trkpt lat="53.472911993" lon="6.167449951" />
      <trkpt lat="53.472809875" lon="6.196804047" />
      <trkpt lat="53.460964865" lon="6.226329803" />
      <trkpt lat="53.435531577" lon="6.255683899" />
      <trkpt lat="53.424900683" lon="6.262893677" />
      <trkpt lat="53.414267131" lon="6.257743835" />
      <trkpt lat="53.415319672" lon="6.248817444" />
      <trkpt lat="53.409142254" lon="6.214485168" />
      <trkpt lat="53.411698948" lon="6.212768555" />
      <trkpt lat="53.409858144" lon="6.201953888" />
      <trkpt lat="53.412005740" lon="6.199378967" />
      <trkpt lat="53.410471754" lon="6.192855835" />
      <trkpt lat="53.414766777" lon="6.181182861" />
      <trkpt lat="53.414869034" lon="6.177749634" />
      <trkpt lat="53.403107849" lon="6.137924194" />
      <trkpt lat="53.401778119" lon="6.132774353" />
      <trkpt lat="53.400857512" lon="6.099472046" />
      <trkpt lat="53.402084983" lon="6.088657379" />
      <trkpt lat="53.407505890" lon="6.069087982" />
      <trkpt lat="53.403721556" lon="6.038703918" />
      <trkpt lat="53.420406227" lon="6.036643982" />
    </trkseg>
  </trk>
  <wpt lat="53.464925515" lon="6.107802079">
    <name>Zeeverkeerspost Schiermonnikoog</name>
    <desc>Type: vts
VHF-kanaal: 5
Gebruik: listen
Opmerking: Area not well defined. Has depths and tonnage info.
Bron/info: https://wetten.overheid.nl/BWBR0010360/2021-10-06</desc>
    <link href="https://wetten.overheid.nl/BWBR0010360/2021-10-06">
      <text>https://wetten.overheid.nl/BWBR0010360/2021-10-06</text>
    </link>
    <sym>vhf_unknown_5</sym>
    <type>WPT</type>
    <extensions>
      <opencpn:viz>1</opencpn:viz>
      <opencpn:viz_name>0</opencpn:viz_name>
      <opencpn:scale_min_max UseScale="false" ScaleMin="2147483646" ScaleMax="0" />
    </extensions>
  </wpt>
  <trk>
    <name>VHF 64 - Volkeraksluizen</name>
    <desc>Type: lock
VHF-kanaal: 64
Gebruik: announce
Telefoon: +31887970800
Bron/info: https://varendoejesamen.nl/storage/app/media/downloads/Marifoonblokkanalen-regio-zuid-holland.pdf</desc>
    <extensions>
      <opencpn:viz>1</opencpn:viz>
      <opencpn:style width="5" style="101" />
      <gpxx:TrackExtension>
        <gpxx:DisplayColor>Blue</gpxx:DisplayColor>
      </gpxx:TrackExtension>
    </extensions>
    <trkseg>
      <trkpt lat="51.692158887" lon="4.410463572" />
      <trkpt lat="51.690941800" lon="4.412105083" />
      <trkpt lat="51.688833435" lon="4.408231974" />
      <trkpt lat="51.690170296" lon="4.406504631" />
      <trkpt lat="51.692158887" lon="4.410463572" />
    </trkseg>
  </trk>
  <wpt lat="51.690511897" lon="4.409302943">
    <name>Volkeraksluizen</name>
    <desc>Type: lock
VHF-kanaal: 64
Gebruik: announce
Telefoon: +31887970800
Bron/info: https://varendoejesamen.nl/storage/app/media/downloads/Marifoonblokkanalen-regio-zuid-holland.pdf</desc>
    <link href="https://varendoejesamen.nl/storage/app/media/downloads/Marifoonblokkanalen-regio-zuid-holland.pdf">
      <text>https://varendoejesamen.nl/storage/app/media/downloads/Marifoonblokkanalen-regio-zuid-holland.pdf</text>
    </link>
    <link href="tel:+31887970800">
      <text>tel:+31887970800</text>
    </link>
    <sym>vhf_unknown_64</sym>
    <type>WPT</type>
    <extensions>
      <opencpn:viz>1</opencpn:viz>
      <opencpn:viz_name>0</opencpn:viz_name>
      <opencpn:scale_min_max UseScale="false" ScaleMin="2147483646" ScaleMax="0" />
    </extensions>
  </wpt>
  <trk>
    <name>VHF 31 - Jachtclub Scheveningen</name>
    <desc>Type: marina
VHF-kanaal: 31
Gebruik: listen
Opmerking: Guests dock in guest berth, bow facing north. In the harbour office there is a sign post. Red on top of white: no entering. White on top of red: no exit.
Telefoon: +31653293137
Bron/info: https://www.jachtclubscheveningen.com/</desc>
    <extensions>
      <opencpn:viz>1</opencpn:viz>
      <opencpn:style width="4" style="101" />
      <gpxx:TrackExtension>
        <gpxx:DisplayColor>Green</gpxx:DisplayColor>
      </gpxx:TrackExtension>
    </extensions>
    <trkseg>
      <trkpt lat="52.097200322" lon="4.266825031" />
      <trkpt lat="52.095554859" lon="4.264432961" />
      <trkpt lat="52.095679047" lon="4.264272928" />
      <trkpt lat="52.094825247" lon="4.263177966" />
      <trkpt lat="52.094261213" lon="4.264146586" />
      <trkpt lat="52.096641492" lon="4.267608350" />
      <trkpt lat="52.097200322" lon="4.266825031" />
    </trkseg>
  </trk>
  <wpt lat="52.095692944" lon="4.265379203">
    <name>Jachtclub Scheveningen</name>
    <desc>Type: marina
VHF-kanaal: 31
Gebruik: listen
Opmerking: Guests dock in guest berth, bow facing north. In the harbour office there is a sign post. Red on top of white: no entering. White on top of red: no exit.
Telefoon: +31653293137
Bron/info: https://www.jachtclubscheveningen.com/</desc>
    <link href="https://www.jachtclubscheveningen.com/">
      <text>https://www.jachtclubscheveningen.com/</text>
    </link>
    <link href="tel:+31653293137">
      <text>tel:+31653293137</text>
    </link>
    <sym>vhf_unknown_31</sym>
    <type>WPT</type>
    <extensions>
      <opencpn:viz>1</opencpn:viz>
      <opencpn:viz_name>0</opencpn:viz_name>
      <opencpn:scale_min_max UseScale="false" ScaleMin="2147483646" ScaleMax="0" />
    </extensions>
  </wpt>
  <trk>
    <name>VHF 18 - Roompotsluis</name>
    <desc>Type: lock
VHF-kanaal: 18
Gebruik: listen
Opmerking: Pay attention to bridge height
Telefoon: +31887974790
Bron/info: https://waterkaart.net/gids/sluis.php?naam=Roompotsluis</desc>
    <extensions>
      <opencpn:viz>1</opencpn:viz>
      <opencpn:style width="5" style="101" />
      <gpxx:TrackExtension>
        <gpxx:DisplayColor>Blue</gpxx:DisplayColor>
      </gpxx:TrackExtension>
    </extensions>
    <trkseg>
      <trkpt lat="51.618702683" lon="3.683842421" />
      <trkpt lat="51.618596100" lon="3.685483932" />
      <trkpt lat="51.618469532" lon="3.685483932" />
      <trkpt lat="51.618536147" lon="3.683778048" />
      <trkpt lat="51.618702683" lon="3.683842421" />
    </trkseg>
  </trk>
  <wpt lat="51.618577925" lon="3.684606257">
    <name>Roompotsluis</name>
    <desc>Type: lock
VHF-kanaal: 18
Gebruik: listen
Opmerking: Pay attention to bridge height
Telefoon: +31887974790
Bron/info: https://waterkaart.net/gids/sluis.php?naam=Roompotsluis</desc>
    <link href="https://waterkaart.net/gids/sluis.php?naam=Roompotsluis">
      <text>https://waterkaart.net/gids/sluis.php?naam=Roompotsluis</text>
    </link>
    <link href="tel:+31887974790">
      <text>tel:+31887974790</text>
    </link>
    <sym>vhf_unknown_18</sym>
    <type>WPT</type>
    <extensions>
      <opencpn:viz>1</opencpn:viz>
      <opencpn:viz_name>0</opencpn:viz_name>
      <opencpn:scale_min_max UseScale="false" ScaleMin="2147483646" ScaleMax="0" />
    </extensions>
  </wpt>
  <trk>
    <name>VHF 21 - Verkeerscentrale Scheveningen</name>
    <desc>Type: vts
VHF-kanaal: 21
Gebruik: report
Opmerking: Request entrance. In the 'voorhaven' there is a sign post. Red on top of white: no entering. White on top of red: no exit.
Telefoon: +31703527721
Bron/info: https://varendoejesamen.nl/kenniscentrum/artikel/knooppunt-6-6</desc>
    <extensions>
      <opencpn:viz>1</opencpn:viz>
      <opencpn:style width="7" style="101" />
      <gpxx:TrackExtension>
        <gpxx:DisplayColor>Red</gpxx:DisplayColor>
      </gpxx:TrackExtension>
    </extensions>
    <trkseg>
      <trkpt lat="52.098808455" lon="4.260364766" />
      <trkpt lat="52.098719014" lon="4.260505309" />
      <trkpt lat="52.098192982" lon="4.260736423" />
      <trkpt lat="52.097868650" lon="4.259067116" />
      <trkpt lat="52.097013097" lon="4.259418068" />
      <trkpt lat="52.097305628" lon="4.261071991" />
      <trkpt lat="52.097084535" lon="4.261422158" />
      <trkpt lat="52.096739392" lon="4.262089137" />
      <trkpt lat="52.096945443" lon="4.262864666" />
      <trkpt lat="52.096790406" lon="4.263571948" />
      <trkpt lat="52.097393765" lon="4.264550228" />
      <trkpt lat="52.097644046" lon="4.264539488" />
      <trkpt lat="52.097723218" lon="4.264222663" />
      <trkpt lat="52.098175156" lon="4.263589012" />
      <trkpt lat="52.098277418" lon="4.263562162" />
      <trkpt lat="52.098607297" lon="4.264072305" />
      <trkpt lat="52.098607297" lon="4.264303212" />
      <trkpt lat="52.098346693" lon="4.264786505" />
      <trkpt lat="52.098396175" lon="4.264969485" />
      <trkpt lat="52.097434173" lon="4.266759173" />
      <trkpt lat="52.097241068" lon="4.266822644" />
      <trkpt lat="52.096675387" lon="4.267613175" />
      <trkpt lat="52.099564292" lon="4.271680816" />
      <trkpt lat="52.100079628" lon="4.270823257" />
      <trkpt lat="52.097583056" lon="4.267337094" />
      <trkpt lat="52.097571603" lon="4.266982884" />
      <trkpt lat="52.098361818" lon="4.265416907" />
      <trkpt lat="52.098716837" lon="4.265342337" />
      <trkpt lat="52.101053024" lon="4.268735288" />
      <trkpt lat="52.101877531" lon="4.267187953" />
      <trkpt lat="52.099146467" lon="4.263235511" />
      <trkpt lat="52.099195161" lon="4.261249222" />
      <trkpt lat="52.099308064" lon="4.261051055" />
      <trkpt lat="52.098808455" lon="4.260364766" />
    </trkseg>
  </trk>
  <wpt lat="52.098801796" lon="4.265037670">
    <name>Verkeerscentrale Scheveningen</name>
    <desc>Type: vts
VHF-kanaal: 21
Gebruik: report
Opmerking: Request entrance. In the 'voorhaven' there is a sign post. Red on top of white: no entering. White on top of red: no exit.
Telefoon: +31703527721
Bron/info: https://varendoejesamen.nl/kenniscentrum/artikel/knooppunt-6-6</desc>
    <link href="https://varendoejesamen.nl/kenniscentrum/artikel/knooppunt-6-6">
      <text>https://varendoejesamen.nl/kenniscentrum/artikel/knooppunt-6-6</text>
    </link>
    <link href="tel:+31703527721">
      <text>tel:+31703527721</text>
    </link>
    <sym>vhf_unknown_21</sym>
    <type>WPT</type>
    <extensions>
      <opencpn:viz>1</opencpn:viz>
      <opencpn:viz_name>0</opencpn:viz_name>
      <opencpn:scale_min_max UseScale="false" ScaleMin="2147483646" ScaleMax="0" />
    </extensions>
  </wpt>
  <trk>
    <name>VHF 81 - Maasbruggen</name>
    <desc>Oproepnaam: Sector Maasbruggen
Type: vts
VHF-kanaal: 81
Gebruik: report
Opmerking: km993-1003
Bron/info: https://varendoejesamen.nl/storage/app/media//knooppunten/knooppuntenfoto-1-17.jpg</desc>
    <extensions>
      <opencpn:viz>1</opencpn:viz>
      <opencpn:style width="7" style="101" />
      <gpxx:TrackExtension>
        <gpxx:DisplayColor>Red</gpxx:DisplayColor>
      </gpxx:TrackExtension>
    </extensions>
    <trkseg>
      <trkpt lat="51.901218124" lon="4.461050034" />
      <trkpt lat="51.901262808" lon="4.461886883" />
      <trkpt lat="51.902583457" lon="4.461554289" />
      <trkpt lat="51.904327713" lon="4.460803270" />
      <trkpt lat="51.904566012" lon="4.462369680" />
      <trkpt lat="51.901481264" lon="4.463592768" />
      <trkpt lat="51.901878454" lon="4.465835094" />
      <trkpt lat="51.906151331" lon="4.463260174" />
      <trkpt lat="51.906333358" lon="4.463442564" />
      <trkpt lat="51.906647766" lon="4.464740753" />
      <trkpt lat="51.906118236" lon="4.465207458" />
      <trkpt lat="51.902470922" lon="4.467530251" />
      <trkpt lat="51.902487471" lon="4.469080567" />
      <trkpt lat="51.904335987" lon="4.474600554" />
      <trkpt lat="51.906366454" lon="4.478881359" />
      <trkpt lat="51.908213156" lon="4.477819204" />
      <trkpt lat="51.908501075" lon="4.478741884" />
      <trkpt lat="51.907465217" lon="4.479331970" />
      <trkpt lat="51.907375861" lon="4.479058385" />
      <trkpt lat="51.906935696" lon="4.479364157" />
      <trkpt lat="51.907101172" lon="4.479787946" />
      <trkpt lat="51.907574430" lon="4.479739666" />
      <trkpt lat="51.907617454" lon="4.480013251" />
      <trkpt lat="51.907339457" lon="4.480372667" />
      <trkpt lat="51.910906953" lon="4.483827353" />
      <trkpt lat="51.911284205" lon="4.483247995" />
      <trkpt lat="51.912085026" lon="4.483011961" />
      <trkpt lat="51.912243864" lon="4.483677149" />
      <trkpt lat="51.911634979" lon="4.484331608" />
      <trkpt lat="51.912786559" lon="4.485361576" />
      <trkpt lat="51.917419055" lon="4.492228031" />
      <trkpt lat="51.918649895" lon="4.495146275" />
      <trkpt lat="51.919668952" lon="4.500532150" />
      <trkpt lat="51.919536608" lon="4.503664970" />
      <trkpt lat="51.918067566" lon="4.509823322" />
      <trkpt lat="51.916214652" lon="4.514050484" />
      <trkpt lat="51.912098262" lon="4.518535137" />
      <trkpt lat="51.913041359" lon="4.519538283" />
      <trkpt lat="51.912955323" lon="4.519903064" />
      <trkpt lat="51.910708399" lon="4.518706799" />
      <trkpt lat="51.906220833" lon="4.519672394" />
      <trkpt lat="51.906426026" lon="4.520788193" />
      <trkpt lat="51.905949446" lon="4.520981312" />
      <trkpt lat="51.906154641" lon="4.522343874" />
      <trkpt lat="51.905717774" lon="4.522644281" />
      <trkpt lat="51.905287521" lon="4.521861076" />
      <trkpt lat="51.904539535" lon="4.522590637" />
      <trkpt lat="51.903983501" lon="4.522590637" />
      <trkpt lat="51.901799016" lon="4.525251389" />
      <trkpt lat="51.901514363" lon="4.527332783" />
      <trkpt lat="51.902057188" lon="4.529725313" />
      <trkpt lat="51.903361264" lon="4.532632828" />
      <trkpt lat="51.903652525" lon="4.534199238" />
      <trkpt lat="51.903182535" lon="4.534531832" />
      <trkpt lat="51.903500275" lon="4.535754919" />
      <trkpt lat="51.904009979" lon="4.535443783" />
      <trkpt lat="51.904301235" lon="4.535958767" />
      <trkpt lat="51.904102651" lon="4.536484480" />
      <trkpt lat="51.904658684" lon="4.538737535" />
      <trkpt lat="51.905466242" lon="4.538984299" />
      <trkpt lat="51.906320120" lon="4.546097517" />
      <trkpt lat="51.906895982" lon="4.547867775" />
      <trkpt lat="51.907312981" lon="4.548178911" />
      <trkpt lat="51.907279886" lon="4.548608065" />
      <trkpt lat="51.907941781" lon="4.548768997" />
      <trkpt lat="51.908021208" lon="4.549155235" />
      <trkpt lat="51.907590978" lon="4.549069405" />
      <trkpt lat="51.907551264" lon="4.549777508" />
      <trkpt lat="51.908511004" lon="4.550195932" />
      <trkpt lat="51.908491147" lon="4.550571442" />
      <trkpt lat="51.908365389" lon="4.550549984" />
      <trkpt lat="51.908233012" lon="4.550871849" />
      <trkpt lat="51.907835879" lon="4.550743103" />
      <trkpt lat="51.908557335" lon="4.553951025" />
      <trkpt lat="51.908729424" lon="4.554895163" />
      <trkpt lat="51.908623523" lon="4.555420876" />
      <trkpt lat="51.908749281" lon="4.556826353" />
      <trkpt lat="51.906717267" lon="4.559583664" />
      <trkpt lat="51.906684171" lon="4.563038349" />
      <trkpt lat="51.905658201" lon="4.570215940" />
      <trkpt lat="51.905903112" lon="4.571042061" />
      <trkpt lat="51.905558912" lon="4.571363926" />
      <trkpt lat="51.905208090" lon="4.571696520" />
      <trkpt lat="51.901554082" lon="4.570194483" />
      <trkpt lat="51.901441545" lon="4.568821192" />
      <trkpt lat="51.901898313" lon="4.564068317" />
      <trkpt lat="51.902242541" lon="4.562501907" />
      <trkpt lat="51.903612808" lon="4.557631016" />
      <trkpt lat="51.903652525" lon="4.555077553" />
      <trkpt lat="51.903142818" lon="4.549702406" />
      <trkpt lat="51.902858173" lon="4.547621012" />
      <trkpt lat="51.902278950" lon="4.547846317" />
      <trkpt lat="51.902010850" lon="4.547111392" />
      <trkpt lat="51.901368726" lon="4.546703696" />
      <trkpt lat="51.900964912" lon="4.546161890" />
      <trkpt lat="51.900693494" lon="4.546435475" />
      <trkpt lat="51.900527994" lon="4.545958042" />
      <trkpt lat="51.898614774" lon="4.539515376" />
      <trkpt lat="51.898389684" lon="4.539434910" />
      <trkpt lat="51.897565447" lon="4.540368319" />
      <trkpt lat="51.896701472" lon="4.540438056" />
      <trkpt lat="51.896661749" lon="4.539665580" />
      <trkpt lat="51.897310560" lon="4.539783597" />
      <trkpt lat="51.898330101" lon="4.538732171" />
      <trkpt lat="51.897297319" lon="4.532257318" />
      <trkpt lat="51.897250975" lon="4.526855350" />
      <trkpt lat="51.898846483" lon="4.520085454" />
      <trkpt lat="51.899455542" lon="4.518213272" />
      <trkpt lat="51.900769624" lon="4.515836835" />
      <trkpt lat="51.900898713" lon="4.515922666" />
      <trkpt lat="51.901428305" lon="4.515214562" />
      <trkpt lat="51.901355487" lon="4.515080452" />
      <trkpt lat="51.902417964" lon="4.513809085" />
      <trkpt lat="51.903321547" lon="4.513835907" />
      <trkpt lat="51.903718720" lon="4.514254332" />
      <trkpt lat="51.904579251" lon="4.513857365" />
      <trkpt lat="51.909212593" lon="4.508750439" />
      <trkpt lat="51.909490579" lon="4.509533644" />
      <trkpt lat="51.908954463" lon="4.510241747" />
      <trkpt lat="51.905605247" lon="4.513846636" />
      <trkpt lat="51.905916350" lon="4.514222145" />
      <trkpt lat="51.906843029" lon="4.513621330" />
      <trkpt lat="51.907107791" lon="4.513632059" />
      <trkpt lat="51.907167363" lon="4.513975382" />
      <trkpt lat="51.909417773" lon="4.514071941" />
      <trkpt lat="51.910377473" lon="4.513760805" />
      <trkpt lat="51.910820913" lon="4.513567686" />
      <trkpt lat="51.912541686" lon="4.512065649" />
      <trkpt lat="51.912339829" lon="4.511244893" />
      <trkpt lat="51.912415939" lon="4.511180520" />
      <trkpt lat="51.912783250" lon="4.511818886" />
      <trkpt lat="51.913997672" lon="4.510005713" />
      <trkpt lat="51.914738884" lon="4.508535862" />
      <trkpt lat="51.915162428" lon="4.507377148" />
      <trkpt lat="51.915089631" lon="4.507162571" />
      <trkpt lat="51.912985105" lon="4.507280588" />
      <trkpt lat="51.910847387" lon="4.508439302" />
      <trkpt lat="51.910642214" lon="4.507580996" />
      <trkpt lat="51.911668071" lon="4.506862164" />
      <trkpt lat="51.912482122" lon="4.506518841" />
      <trkpt lat="51.914043998" lon="4.506347179" />
      <trkpt lat="51.914063852" lon="4.506111145" />
      <trkpt lat="51.914970510" lon="4.505982399" />
      <trkpt lat="51.914996981" lon="4.506089687" />
      <trkpt lat="51.915466847" lon="4.506036043" />
      <trkpt lat="51.915413905" lon="4.504319429" />
      <trkpt lat="51.910926809" lon="4.496090412" />
      <trkpt lat="51.908908131" lon="4.492528439" />
      <trkpt lat="51.907167363" lon="4.488354921" />
      <trkpt lat="51.904281377" lon="4.482829571" />
      <trkpt lat="51.903427460" lon="4.483966827" />
      <trkpt lat="51.903870969" lon="4.484910965" />
      <trkpt lat="51.903619427" lon="4.485307932" />
      <trkpt lat="51.906518694" lon="4.491514564" />
      <trkpt lat="51.906157951" lon="4.492421150" />
      <trkpt lat="51.906449193" lon="4.492726922" />
      <trkpt lat="51.904757974" lon="4.496648312" />
      <trkpt lat="51.903832907" lon="4.496549070" />
      <trkpt lat="51.902176344" lon="4.488419294" />
      <trkpt lat="51.902381556" lon="4.485704899" />
      <trkpt lat="51.902540429" lon="4.483108521" />
      <trkpt lat="51.902262401" lon="4.481402636" />
      <trkpt lat="51.901851975" lon="4.481327534" />
      <trkpt lat="51.901832115" lon="4.481016397" />
      <trkpt lat="51.902083667" lon="4.480608702" />
      <trkpt lat="51.902017469" lon="4.478838444" />
      <trkpt lat="51.900157273" lon="4.473892450" />
      <trkpt lat="51.899846129" lon="4.473924637" />
      <trkpt lat="51.899323138" lon="4.475662708" />
      <trkpt lat="51.898767040" lon="4.475297928" />
      <trkpt lat="51.899528363" lon="4.471821785" />
      <trkpt lat="51.899243696" lon="4.470684528" />
      <trkpt lat="51.898780281" lon="4.470663071" />
      <trkpt lat="51.897343662" lon="4.476424456" />
      <trkpt lat="51.901507743" lon="4.495993853" />
      <trkpt lat="51.898952407" lon="4.495586157" />
      <trkpt lat="51.898078528" lon="4.495006800" />
      <trkpt lat="51.894125999" lon="4.476531744" />
      <trkpt lat="51.894291522" lon="4.476338625" />
      <trkpt lat="51.894212071" lon="4.475941658" />
      <trkpt lat="51.894529875" lon="4.475330114" />
      <trkpt lat="51.894417320" lon="4.475126266" />
      <trkpt lat="51.894721880" lon="4.474568367" />
      <trkpt lat="51.894490150" lon="4.474085569" />
      <trkpt lat="51.894582842" lon="4.473806620" />
      <trkpt lat="51.894834434" lon="4.474053383" />
      <trkpt lat="51.895052922" lon="4.473570585" />
      <trkpt lat="51.895317753" lon="4.473506212" />
      <trkpt lat="51.897687925" lon="4.468924999" />
      <trkpt lat="51.897370144" lon="4.468302727" />
      <trkpt lat="51.897383385" lon="4.467905760" />
      <trkpt lat="51.897615100" lon="4.467701912" />
      <trkpt lat="51.898164593" lon="4.467465878" />
      <trkpt lat="51.898376443" lon="4.466854334" />
      <trkpt lat="51.898032185" lon="4.464944601" />
      <trkpt lat="51.897721027" lon="4.461811781" />
      <trkpt lat="51.895721618" lon="4.461683035" />
      <trkpt lat="51.895698445" lon="4.461155981" />
      <trkpt lat="51.901218124" lon="4.461050034" />
    </trkseg>
  </trk>
  <wpt lat="51.906897476" lon="4.482981920">
    <name>Maasbruggen</name>
    <desc>Oproepnaam: Sector Maasbruggen
Type: vts
VHF-kanaal: 81
Gebruik: report
Opmerking: km993-1003
Bron/info: https://varendoejesamen.nl/storage/app/media//knooppunten/knooppuntenfoto-1-17.jpg</desc>
    <link href="https://varendoejesamen.nl/storage/app/media//knooppunten/knooppuntenfoto-1-17.jpg">
      <text>https://varendoejesamen.nl/storage/app/media//knooppunten/knooppuntenfoto-1-17.jpg</text>
    </link>
    <sym>vhf_unknown_81</sym>
    <type>WPT</type>
    <extensions>
      <opencpn:viz>1</opencpn:viz>
      <opencpn:viz_name>0</opencpn:viz_name>
      <opencpn:scale_min_max UseScale="false" ScaleMin="2147483646" ScaleMax="0" />
    </extensions>
  </wpt>
  <trk>
    <name>VHF 66 - Traffic Centre Hoek van Holland</name>
    <desc>Oproepnaam: Sector Europoort
Type: vts
VHF-kanaal: 66
Gebruik: listen
Telefoon: +31 10-2521000
Bron/info: https://www.portofrotterdam.com/sites/default/files/2022-02/informatie-scheepvaart-vts-2022.pdf</desc>
    <extensions>
      <opencpn:viz>1</opencpn:viz>
      <opencpn:style width="7" style="101" />
      <gpxx:TrackExtension>
        <gpxx:DisplayColor>Red</gpxx:DisplayColor>
      </gpxx:TrackExtension>
    </extensions>
    <trkseg>
      <trkpt lat="51.965272200" lon="4.091866004" />
      <trkpt lat="51.967728780" lon="4.092913020" />
      <trkpt lat="51.968900010" lon="4.093981484" />
      <trkpt lat="51.969795550" lon="4.095394881" />
      <trkpt lat="51.970567930" lon="4.098048945" />
      <trkpt lat="51.970292310" lon="4.098398620" />
      <trkpt lat="51.969287770" lon="4.102448377" />
      <trkpt lat="51.968529870" lon="4.104556600" />
      <trkpt lat="51.972672060" lon="4.113155072" />
      <trkpt lat="51.975501520" lon="4.103285201" />
      <trkpt lat="51.978808110" lon="4.090852942" />
      <trkpt lat="51.981018780" lon="4.082056927" />
      <trkpt lat="51.981137020" lon="4.081255881" />
      <trkpt lat="51.981168030" lon="4.080474107" />
      <trkpt lat="51.977924020" lon="4.067467869" />
      <trkpt lat="51.976263760" lon="4.072479517" />
      <trkpt lat="51.975926010" lon="4.073091192" />
      <trkpt lat="51.974341820" lon="4.074040638" />
      <trkpt lat="51.973815310" lon="4.073706588" />
      <trkpt lat="51.973381410" lon="4.073719293" />
      <trkpt lat="51.966159480" lon="4.078744650" />
      <trkpt lat="51.965604490" lon="4.079727493" />
      <trkpt lat="51.965257080" lon="4.079970544" />
      <trkpt lat="51.965053200" lon="4.079884182" />
      <trkpt lat="51.964387640" lon="4.079026003" />
      <trkpt lat="51.964474140" lon="4.078445770" />
      <trkpt lat="51.970204580" lon="4.073685473" />
      <trkpt lat="51.970634550" lon="4.072818551" />
      <trkpt lat="51.970607730" lon="4.071779870" />
      <trkpt lat="51.969122320" lon="4.066893053" />
      <trkpt lat="51.967684260" lon="4.063339753" />
      <trkpt lat="51.969650890" lon="4.055042482" />
      <trkpt lat="51.971537040" lon="4.045897910" />
      <trkpt lat="51.971970170" lon="4.046144281" />
      <trkpt lat="51.978088720" lon="4.019566631" />
      <trkpt lat="51.977393880" lon="4.019063508" />
      <trkpt lat="51.982551320" lon="3.996615157" />
      <trkpt lat="51.982960120" lon="3.993319868" />
      <trkpt lat="51.982808810" lon="3.988515173" />
      <trkpt lat="51.973525730" lon="3.976986709" />
      <trkpt lat="51.966761000" lon="3.970001007" />
      <trkpt lat="51.957810460" lon="3.967396356" />
      <trkpt lat="51.952781780" lon="3.979768260" />
      <trkpt lat="51.966190820" lon="3.994298687" />
      <trkpt lat="51.956406590" lon="3.996013833" />
      <trkpt lat="51.941262140" lon="3.980715453" />
      <trkpt lat="51.940406120" lon="3.982315594" />
      <trkpt lat="51.939061770" lon="3.980688185" />
      <trkpt lat="51.938363470" lon="3.981960692" />
      <trkpt lat="51.950417750" lon="3.997801447" />
      <trkpt lat="51.958116370" lon="4.007100277" />
      <trkpt lat="51.955384650" lon="4.013325870" />
      <trkpt lat="51.957102800" lon="4.015142516" />
      <trkpt lat="51.961087520" lon="4.013265710" />
      <trkpt lat="51.961434740" lon="4.014742993" />
      <trkpt lat="51.962021520" lon="4.014534283" />
      <trkpt lat="51.962306850" lon="4.012732394" />
      <trkpt lat="51.961551810" lon="4.008635137" />
      <trkpt lat="51.963467670" lon="4.003196652" />
      <trkpt lat="51.970380840" lon="4.001838604" />
      <trkpt lat="51.972750780" lon="4.002948415" />
      <trkpt lat="51.974307310" lon="4.005037488" />
      <trkpt lat="51.974758430" lon="4.009336003" />
      <trkpt lat="51.974383370" lon="4.011522792" />
      <trkpt lat="51.966255280" lon="4.045463749" />
      <trkpt lat="51.966535990" lon="4.045748191" />
      <trkpt lat="51.966201760" lon="4.047218884" />
      <trkpt lat="51.964977270" lon="4.052539797" />
      <trkpt lat="51.962552120" lon="4.052336480" />
      <trkpt lat="51.961932400" lon="4.052276099" />
      <trkpt lat="51.961863370" lon="4.051631099" />
      <trkpt lat="51.961315630" lon="4.045130534" />
      <trkpt lat="51.962879050" lon="4.038551988" />
      <trkpt lat="51.962899960" lon="4.037775252" />
      <trkpt lat="51.965085800" lon="4.028580762" />
      <trkpt lat="51.965055450" lon="4.028163877" />
      <trkpt lat="51.964798440" lon="4.027786299" />
      <trkpt lat="51.963922150" lon="4.027312125" />
      <trkpt lat="51.960581000" lon="4.029130395" />
      <trkpt lat="51.961003090" lon="4.030670744" />
      <trkpt lat="51.960982360" lon="4.031110862" />
      <trkpt lat="51.960756730" lon="4.031550881" />
      <trkpt lat="51.958622980" lon="4.033242488" />
      <trkpt lat="51.957909570" lon="4.032726615" />
      <trkpt lat="51.957287350" lon="4.032924551" />
      <trkpt lat="51.957081460" lon="4.033934346" />
      <trkpt lat="51.957057090" lon="4.034113827" />
      <trkpt lat="51.960021800" lon="4.071932174" />
      <trkpt lat="51.959633440" lon="4.073298763" />
      <trkpt lat="51.952422030" lon="4.077149928" />
      <trkpt lat="51.951337060" lon="4.076581930" />
      <trkpt lat="51.946387020" lon="4.038861627" />
      <trkpt lat="51.944146400" lon="4.039647594" />
      <trkpt lat="51.947075210" lon="4.062610559" />
      <trkpt lat="51.949001830" lon="4.076570047" />
      <trkpt lat="51.947407970" lon="4.077123727" />
      <trkpt lat="51.942377250" lon="4.071605924" />
      <trkpt lat="51.941236650" lon="4.069565170" />
      <trkpt lat="51.939175340" lon="4.059934638" />
      <trkpt lat="51.934542440" lon="4.040084950" />
      <trkpt lat="51.942947320" lon="4.034904541" />
      <trkpt lat="51.943248540" lon="4.034665923" />
      <trkpt lat="51.943198810" lon="4.034079657" />
      <trkpt lat="51.946905220" lon="4.031797023" />
      <trkpt lat="51.946316500" lon="4.029060678" />
      <trkpt lat="51.942916200" lon="4.031135863" />
      <trkpt lat="51.942582740" lon="4.030856008" />
      <trkpt lat="51.942427300" lon="4.030185734" />
      <trkpt lat="51.931597480" lon="4.036786913" />
      <trkpt lat="51.931461920" lon="4.037263273" />
      <trkpt lat="51.929932980" lon="4.038178099" />
      <trkpt lat="51.928940370" lon="4.040364567" />
      <trkpt lat="51.931346650" lon="4.050563084" />
      <trkpt lat="51.933034030" lon="4.049474971" />
      <trkpt lat="51.938571190" lon="4.073415173" />
      <trkpt lat="51.939511030" lon="4.079057560" />
      <trkpt lat="51.939503420" lon="4.079404556" />
      <trkpt lat="51.939210690" lon="4.079797555" />
      <trkpt lat="51.938790630" lon="4.079432722" />
      <trkpt lat="51.937996170" lon="4.074695406" />
      <trkpt lat="51.936802660" lon="4.075396479" />
      <trkpt lat="51.935899180" lon="4.075524676" />
      <trkpt lat="51.935924110" lon="4.076415913" />
      <trkpt lat="51.937202480" lon="4.076587042" />
      <trkpt lat="51.937853000" lon="4.081459545" />
      <trkpt lat="51.938224390" lon="4.086849316" />
      <trkpt lat="51.938180080" lon="4.092915311" />
      <trkpt lat="51.937899260" lon="4.097315562" />
      <trkpt lat="51.936761610" lon="4.106368014" />
      <trkpt lat="51.937987110" lon="4.106766973" />
      <trkpt lat="51.940794500" lon="4.085155588" />
      <trkpt lat="51.942895960" lon="4.083082541" />
      <trkpt lat="51.947044490" lon="4.084571840" />
      <trkpt lat="51.947126040" lon="4.085170728" />
      <trkpt lat="51.944663200" lon="4.088980429" />
      <trkpt lat="51.944676470" lon="4.090182501" />
      <trkpt lat="51.943581360" lon="4.091954748" />
      <trkpt lat="51.945177870" lon="4.094623901" />
      <trkpt lat="51.946460720" lon="4.092613937" />
      <trkpt lat="51.948342010" lon="4.095711088" />
      <trkpt lat="51.953863620" lon="4.086949056" />
      <trkpt lat="51.958185260" lon="4.088380710" />
      <trkpt lat="51.959757510" lon="4.089659317" />
      <trkpt lat="51.959854400" lon="4.090465768" />
      <trkpt lat="51.960119260" lon="4.090672259" />
      <trkpt lat="51.961172310" lon="4.091063803" />
      <trkpt lat="51.961232760" lon="4.090567347" />
      <trkpt lat="51.961474790" lon="4.090506993" />
      <trkpt lat="51.963384880" lon="4.091167383" />
      <trkpt lat="51.963383260" lon="4.091593042" />
      <trkpt lat="51.962261570" lon="4.095690616" />
      <trkpt lat="51.963846730" lon="4.096827647" />
      <trkpt lat="51.965272200" lon="4.091866004" />
    </trkseg>
  </trk>
  <wpt lat="51.961603875" lon="4.039381480">
    <name>Traffic Centre Hoek van Holland</name>
    <desc>Oproepnaam: Sector Europoort
Type: vts
VHF-kanaal: 66
Gebruik: listen
Telefoon: +31 10-2521000
Bron/info: https://www.portofrotterdam.com/sites/default/files/2022-02/informatie-scheepvaart-vts-2022.pdf</desc>
    <link href="https://www.portofrotterdam.com/sites/default/files/2022-02/informatie-scheepvaart-vts-2022.pdf">
      <text>https://www.portofrotterdam.com/sites/default/files/2022-02/informatie-scheepvaart-vts-2022.pdf</text>
    </link>
    <link href="tel:+31102521000">
      <text>tel:+31102521000</text>
    </link>
    <sym>vhf_unknown_66</sym>
    <type>WPT</type>
    <extensions>
      <opencpn:viz>1</opencpn:viz>
      <opencpn:viz_name>0</opencpn:viz_name>
      <opencpn:scale_min_max UseScale="false" ScaleMin="2147483646" ScaleMax="0" />
    </extensions>
  </wpt>
  <trk>
    <name>VHF 80 - Brug Ritsumasyl</name>
    <desc>Oproepnaam: Brug Ritsumasyl
Type: bridge
VHF-kanaal: 80
Gebruik: report</desc>
    <extensions>
      <opencpn:viz>1</opencpn:viz>
      <opencpn:style width="5" style="101" />
      <gpxx:TrackExtension>
        <gpxx:DisplayColor>Cyan</gpxx:DisplayColor>
      </gpxx:TrackExtension>
    </extensions>
    <trkseg>
      <trkpt lat="53.196186909" lon="5.740839243" />
      <trkpt lat="53.195794836" lon="5.740935802" />
      <trkpt lat="53.195859111" lon="5.741525888" />
      <trkpt lat="53.196276893" lon="5.741364956" />
      <trkpt lat="53.196186909" lon="5.740839243" />
    </trkseg>
  </trk>
  <wpt lat="53.196028696" lon="5.741171529">
    <name>Brug Ritsumasyl</name>
    <desc>Oproepnaam: Brug Ritsumasyl
Type: bridge
VHF-kanaal: 80
Gebruik: report</desc>
    <link href="https://">
      <text>https://</text>
    </link>
    <sym>vhf_unknown_80</sym>
    <type>WPT</type>
    <extensions>
      <opencpn:viz>1</opencpn:viz>
      <opencpn:viz_name>0</opencpn:viz_name>
      <opencpn:scale_min_max UseScale="false" ScaleMin="2147483646" ScaleMax="0" />
    </extensions>
  </wpt>
  <trk>
    <name>VHF 4 - Verkeerspost Dordrecht</name>
    <desc>Oproepnaam: Sector Heerjansdam
Type: vts
VHF-kanaal: 4
Gebruik: listen
Telefoon: +31887970800
Bron/info: https://varendoejesamen.nl/storage/app/media/downloads/Marifoonblokkanalen-regio-zuid-holland.pdf</desc>
    <extensions>
      <opencpn:viz>1</opencpn:viz>
      <opencpn:style width="7" style="101" />
      <gpxx:TrackExtension>
        <gpxx:DisplayColor>Red</gpxx:DisplayColor>
      </gpxx:TrackExtension>
    </extensions>
    <trkseg>
      <trkpt lat="51.811639983" lon="4.648461342" />
      <trkpt lat="51.810232967" lon="4.651572704" />
      <trkpt lat="51.804365538" lon="4.644534588" />
      <trkpt lat="51.800280564" lon="4.630672932" />
      <trkpt lat="51.798806806" lon="4.626617432" />
      <trkpt lat="51.797067445" lon="4.624664783" />
      <trkpt lat="51.795557867" lon="4.624192715" />
      <trkpt lat="51.791308621" lon="4.625351429" />
      <trkpt lat="51.788028461" lon="4.627239704" />
      <trkpt lat="51.784194946" lon="4.628891945" />
      <trkpt lat="51.779678972" lon="4.629535675" />
      <trkpt lat="51.772776023" lon="4.629127979" />
      <trkpt lat="51.772802593" lon="4.624857903" />
      <trkpt lat="51.780025504" lon="4.625887871" />
      <trkpt lat="51.790857704" lon="4.622111320" />
      <trkpt lat="51.797094589" lon="4.619729519" />
      <trkpt lat="51.798754285" lon="4.618592262" />
      <trkpt lat="51.800413921" lon="4.615652561" />
      <trkpt lat="51.805601924" lon="4.593937397" />
      <trkpt lat="51.805469185" lon="4.581985474" />
      <trkpt lat="51.808333628" lon="4.572844505" />
      <trkpt lat="51.811317939" lon="4.565956593" />
      <trkpt lat="51.815366214" lon="4.561128616" />
      <trkpt lat="51.819888946" lon="4.558038712" />
      <trkpt lat="51.824717604" lon="4.555613995" />
      <trkpt lat="51.827925224" lon="4.553639889" />
      <trkpt lat="51.829676663" lon="4.550099373" />
      <trkpt lat="51.830565624" lon="4.545292854" />
      <trkpt lat="51.828137523" lon="4.529027939" />
      <trkpt lat="51.830499285" lon="4.512119293" />
      <trkpt lat="51.832433428" lon="4.497098923" />
      <trkpt lat="51.830098303" lon="4.471414089" />
      <trkpt lat="51.829620650" lon="4.456887245" />
      <trkpt lat="51.831438361" lon="4.444355965" />
      <trkpt lat="51.834237759" lon="4.432168007" />
      <trkpt lat="51.828904159" lon="4.422490597" />
      <trkpt lat="51.828453030" lon="4.415152073" />
      <trkpt lat="51.830244252" lon="4.398329258" />
      <trkpt lat="51.843703433" lon="4.395561218" />
      <trkpt lat="51.845122668" lon="4.404122829" />
      <trkpt lat="51.843889130" lon="4.415173531" />
      <trkpt lat="51.839405635" lon="4.432361126" />
      <trkpt lat="51.833625685" lon="4.452810287" />
      <trkpt lat="51.835549367" lon="4.474632740" />
      <trkpt lat="51.837791348" lon="4.491026402" />
      <trkpt lat="51.837977069" lon="4.501132965" />
      <trkpt lat="51.837711753" lon="4.507291317" />
      <trkpt lat="51.833320542" lon="4.518148899" />
      <trkpt lat="51.831597544" lon="4.526817799" />
      <trkpt lat="51.833216168" lon="4.536001682" />
      <trkpt lat="51.834105060" lon="4.543511868" />
      <trkpt lat="51.833110031" lon="4.550249577" />
      <trkpt lat="51.829872716" lon="4.557631016" />
      <trkpt lat="51.825325043" lon="4.561257362" />
      <trkpt lat="51.815868777" lon="4.565055370" />
      <trkpt lat="51.813428963" lon="4.569175243" />
      <trkpt lat="51.809765465" lon="4.579603672" />
      <trkpt lat="51.808598507" lon="4.587349892" />
      <trkpt lat="51.807350693" lon="4.601790905" />
      <trkpt lat="51.804922517" lon="4.611060619" />
      <trkpt lat="51.802123062" lon="4.621338844" />
      <trkpt lat="51.802600986" lon="4.627239704" />
      <trkpt lat="51.806981917" lon="4.640715122" />
      <trkpt lat="51.811639983" lon="4.648461342" />
    </trkseg>
  </trk>
  <wpt lat="51.808949345" lon="4.574769258">
    <name>Verkeerspost Dordrecht</name>
    <desc>Oproepnaam: Sector Heerjansdam
Type: vts
VHF-kanaal: 4
Gebruik: listen
Telefoon: +31887970800
Bron/info: https://varendoejesamen.nl/storage/app/media/downloads/Marifoonblokkanalen-regio-zuid-holland.pdf</desc>
    <link href="https://varendoejesamen.nl/storage/app/media/downloads/Marifoonblokkanalen-regio-zuid-holland.pdf">
      <text>https://varendoejesamen.nl/storage/app/media/downloads/Marifoonblokkanalen-regio-zuid-holland.pdf</text>
    </link>
    <link href="tel:+31887970800">
      <text>tel:+31887970800</text>
    </link>
    <sym>vhf_unknown_4</sym>
    <type>WPT</type>
    <extensions>
      <opencpn:viz>1</opencpn:viz>
      <opencpn:viz_name>0</opencpn:viz_name>
      <opencpn:scale_min_max UseScale="false" ScaleMin="2147483646" ScaleMax="0" />
    </extensions>
  </wpt>
  <trk>
    <name>VHF 31 - Haven Burghsluis</name>
    <desc>Type: marina
VHF-kanaal: 31
Gebruik: listen
Telefoon: +31 	(0)111-653114
Bron/info: https://www.wsvburghsluis.nl/contact</desc>
    <extensions>
      <opencpn:viz>1</opencpn:viz>
      <opencpn:style width="4" style="101" />
      <gpxx:TrackExtension>
        <gpxx:DisplayColor>Green</gpxx:DisplayColor>
      </gpxx:TrackExtension>
    </extensions>
    <trkseg>
      <trkpt lat="51.676150087" lon="3.758568764" />
      <trkpt lat="51.675618134" lon="3.758268356" />
      <trkpt lat="51.674993081" lon="3.757925034" />
      <trkpt lat="51.674115333" lon="3.754985332" />
      <trkpt lat="51.675431949" lon="3.754084110" />
      <trkpt lat="51.676961303" lon="3.758718967" />
      <trkpt lat="51.676150087" lon="3.758568764" />
    </trkseg>
  </trk>
  <wpt lat="51.675459497" lon="3.756499896">
    <name>Haven Burghsluis</name>
    <desc>Type: marina
VHF-kanaal: 31
Gebruik: listen
Telefoon: +31 	(0)111-653114
Bron/info: https://www.wsvburghsluis.nl/contact</desc>
    <link href="https://www.wsvburghsluis.nl/contact">
      <text>https://www.wsvburghsluis.nl/contact</text>
    </link>
    <link href="tel:+310111653114">
      <text>tel:+310111653114</text>
    </link>
    <sym>vhf_unknown_31</sym>
    <type>WPT</type>
    <extensions>
      <opencpn:viz>1</opencpn:viz>
      <opencpn:viz_name>0</opencpn:viz_name>
      <opencpn:scale_min_max UseScale="false" ScaleMin="2147483646" ScaleMax="0" />
    </extensions>
  </wpt>
  <trk>
    <name>VHF 18 - Sluis Helmond</name>
    <desc>Type: lock
VHF-kanaal: 18
Gebruik: announce
Telefoon: +31 (0)88 7974825
Bron/info: https://waterkaart.net/gids/sluis.php?naam=sluis-Helmond</desc>
    <extensions>
      <opencpn:viz>1</opencpn:viz>
      <opencpn:style width="5" style="101" />
      <gpxx:TrackExtension>
        <gpxx:DisplayColor>Blue</gpxx:DisplayColor>
      </gpxx:TrackExtension>
    </extensions>
    <trkseg>
      <trkpt lat="51.467028592" lon="5.693463385" />
      <trkpt lat="51.467055327" lon="5.693710148" />
      <trkpt lat="51.465900706" lon="5.694064200" />
      <trkpt lat="51.465877312" lon="5.693822801" />
      <trkpt lat="51.467028592" lon="5.693463385" />
    </trkseg>
  </trk>
  <wpt lat="51.466466502" lon="5.693764268">
    <name>Sluis Helmond</name>
    <desc>Type: lock
VHF-kanaal: 18
Gebruik: announce
Telefoon: +31 (0)88 7974825
Bron/info: https://waterkaart.net/gids/sluis.php?naam=sluis-Helmond</desc>
    <link href="https://waterkaart.net/gids/sluis.php?naam=sluis-Helmond">
      <text>https://waterkaart.net/gids/sluis.php?naam=sluis-Helmond</text>
    </link>
    <link href="tel:+310887974825">
      <text>tel:+310887974825</text>
    </link>
    <sym>vhf_unknown_18</sym>
    <type>WPT</type>
    <extensions>
      <opencpn:viz>1</opencpn:viz>
      <opencpn:viz_name>0</opencpn:viz_name>
      <opencpn:scale_min_max UseScale="false" ScaleMin="2147483646" ScaleMax="0" />
    </extensions>
  </wpt>
  <trk>
    <name>VHF 74 - Havendienst Hoorn</name>
    <desc>Oproepnaam: Havendienst Hoorn
Type: marina
VHF-kanaal: 74
Gebruik: report</desc>
    <extensions>
      <opencpn:viz>1</opencpn:viz>
      <opencpn:style width="4" style="101" />
      <gpxx:TrackExtension>
        <gpxx:DisplayColor>Green</gpxx:DisplayColor>
      </gpxx:TrackExtension>
    </extensions>
    <trkseg>
      <trkpt lat="52.634833987" lon="5.068345070" />
      <trkpt lat="52.636891495" lon="5.064654350" />
      <trkpt lat="52.637672801" lon="5.063881874" />
      <trkpt lat="52.639131203" lon="5.065727234" />
      <trkpt lat="52.639183288" lon="5.068774223" />
      <trkpt lat="52.640537473" lon="5.068602562" />
      <trkpt lat="52.640511431" lon="5.066714287" />
      <trkpt lat="52.640407265" lon="5.066113472" />
      <trkpt lat="52.639391627" lon="5.066199303" />
      <trkpt lat="52.639287457" lon="5.065555573" />
      <trkpt lat="52.638167622" lon="5.063152313" />
      <trkpt lat="52.637907191" lon="5.062766075" />
      <trkpt lat="52.637282150" lon="5.062980652" />
      <trkpt lat="52.636370616" lon="5.063109398" />
      <trkpt lat="52.632620105" lon="5.063238144" />
      <trkpt lat="52.632828475" lon="5.064611435" />
      <trkpt lat="52.633375442" lon="5.066027641" />
      <trkpt lat="52.634833987" lon="5.068345070" />
    </trkseg>
  </trk>
  <wpt lat="52.636089664" lon="5.065294308">
    <name>Havendienst Hoorn</name>
    <desc>Oproepnaam: Havendienst Hoorn
Type: marina
VHF-kanaal: 74
Gebruik: report</desc>
    <link href="https://">
      <text>https://</text>
    </link>
    <sym>vhf_unknown_74</sym>
    <type>WPT</type>
    <extensions>
      <opencpn:viz>1</opencpn:viz>
      <opencpn:viz_name>0</opencpn:viz_name>
      <opencpn:scale_min_max UseScale="false" ScaleMin="2147483646" ScaleMax="0" />
    </extensions>
  </wpt>
  <trk>
    <name>VHF 22 - Hefbrug Son</name>
    <desc>Type: bridge
VHF-kanaal: 22
Gebruik: announce
Telefoon: +31 (0)88 7974825
Bron/info: https://waterkaart.net/gids/brug.php?naam=Hefbrug-Son</desc>
    <extensions>
      <opencpn:viz>1</opencpn:viz>
      <opencpn:style width="5" style="101" />
      <gpxx:TrackExtension>
        <gpxx:DisplayColor>Cyan</gpxx:DisplayColor>
      </gpxx:TrackExtension>
    </extensions>
    <trkseg>
      <trkpt lat="51.505148112" lon="5.492171645" />
      <trkpt lat="51.505391862" lon="5.492112637" />
      <trkpt lat="51.505410226" lon="5.492501557" />
      <trkpt lat="51.505168146" lon="5.492539108" />
      <trkpt lat="51.505148112" lon="5.492171645" />
    </trkseg>
  </trk>
  <wpt lat="51.505266541" lon="5.492329151">
    <name>Hefbrug Son</name>
    <desc>Type: bridge
VHF-kanaal: 22
Gebruik: announce
Telefoon: +31 (0)88 7974825
Bron/info: https://waterkaart.net/gids/brug.php?naam=Hefbrug-Son</desc>
    <link href="https://waterkaart.net/gids/brug.php?naam=Hefbrug-Son">
      <text>https://waterkaart.net/gids/brug.php?naam=Hefbrug-Son</text>
    </link>
    <link href="tel:+310887974825">
      <text>tel:+310887974825</text>
    </link>
    <sym>vhf_unknown_22</sym>
    <type>WPT</type>
    <extensions>
      <opencpn:viz>1</opencpn:viz>
      <opencpn:viz_name>0</opencpn:viz_name>
      <opencpn:scale_min_max UseScale="false" ScaleMin="2147483646" ScaleMax="0" />
    </extensions>
  </wpt>
  <trk>
    <name>VHF 20 - Van Brienenoordbrug</name>
    <desc>Type: bridge
VHF-kanaal: 20
Gebruik: listen
Opmerking: High 22,50m (NAP) closed
Telefoon: +31887985132
Bron/info: https://beterbediend.rws.nl</desc>
    <extensions>
      <opencpn:viz>1</opencpn:viz>
      <opencpn:style width="5" style="101" />
      <gpxx:TrackExtension>
        <gpxx:DisplayColor>Cyan</gpxx:DisplayColor>
      </gpxx:TrackExtension>
    </extensions>
    <trkseg>
      <trkpt lat="51.905108800" lon="4.541537762" />
      <trkpt lat="51.904499818" lon="4.541902542" />
      <trkpt lat="51.904724878" lon="4.542825222" />
      <trkpt lat="51.905307379" lon="4.542481899" />
      <trkpt lat="51.905108800" lon="4.541537762" />
    </trkseg>
  </trk>
  <wpt lat="51.904909393" lon="4.542183066">
    <name>Van Brienenoordbrug</name>
    <desc>Type: bridge
VHF-kanaal: 20
Gebruik: listen
Opmerking: High 22,50m (NAP) closed
Telefoon: +31887985132
Bron/info: https://beterbediend.rws.nl</desc>
    <link href="https://beterbediend.rws.nl">
      <text>https://beterbediend.rws.nl</text>
    </link>
    <link href="tel:+31887985132">
      <text>tel:+31887985132</text>
    </link>
    <sym>vhf_unknown_20</sym>
    <type>WPT</type>
    <extensions>
      <opencpn:viz>1</opencpn:viz>
      <opencpn:viz_name>0</opencpn:viz_name>
      <opencpn:scale_min_max UseScale="false" ScaleMin="2147483646" ScaleMax="0" />
    </extensions>
  </wpt>
  <trk>
    <name>VHF N.A. - Ringbrug</name>
    <desc>Oproepnaam: N.A.
Type: bridge
VHF-kanaal: N.A.
Gebruik: listen
Telefoon: N.A.
Bron/info: https://www.goes.nl/openingstijden-ringbrug-en-st-maartensbrug</desc>
    <extensions>
      <opencpn:viz>1</opencpn:viz>
      <opencpn:style width="5" style="101" />
      <gpxx:TrackExtension>
        <gpxx:DisplayColor>Cyan</gpxx:DisplayColor>
      </gpxx:TrackExtension>
    </extensions>
    <trkseg>
      <trkpt lat="51.509515238" lon="3.890887499" />
      <trkpt lat="51.509635366" lon="3.890892863" />
      <trkpt lat="51.509622019" lon="3.891316652" />
      <trkpt lat="51.509491880" lon="3.891284466" />
      <trkpt lat="51.509515238" lon="3.890887499" />
    </trkseg>
  </trk>
  <wpt lat="51.509569213" lon="3.891098705">
    <name>Ringbrug</name>
    <desc>Oproepnaam: N.A.
Type: bridge
VHF-kanaal: N.A.
Gebruik: listen
Telefoon: N.A.
Bron/info: https://www.goes.nl/openingstijden-ringbrug-en-st-maartensbrug</desc>
    <link href="https://www.goes.nl/openingstijden-ringbrug-en-st-maartensbrug">
      <text>https://www.goes.nl/openingstijden-ringbrug-en-st-maartensbrug</text>
    </link>
    <sym>vhfinfo</sym>
    <type>WPT</type>
    <extensions>
      <opencpn:viz>1</opencpn:viz>
      <opencpn:viz_name>1</opencpn:viz_name>
      <opencpn:scale_min_max UseScale="false" ScaleMin="2147483646" ScaleMax="0" />
    </extensions>
  </wpt>
  <trk>
    <name>VHF 18 - Zeesluis Vlissingen</name>
    <desc>Oproepnaam: Zeesluis Vlissingen
Type: lock
VHF-kanaal: 18
Gebruik: listen
Bron/info: https://www.zeeland.nl/actueel/bedieningstijden-sluizen-en-bruggen</desc>
    <extensions>
      <opencpn:viz>1</opencpn:viz>
      <opencpn:style width="5" style="101" />
      <gpxx:TrackExtension>
        <gpxx:DisplayColor>Blue</gpxx:DisplayColor>
      </gpxx:TrackExtension>
    </extensions>
    <trkseg>
      <trkpt lat="51.442296389" lon="3.596504331" />
      <trkpt lat="51.442897914" lon="3.594106436" />
      <trkpt lat="51.443165255" lon="3.594304919" />
      <trkpt lat="51.442540342" lon="3.596675992" />
      <trkpt lat="51.442296389" lon="3.596504331" />
    </trkseg>
  </trk>
  <wpt lat="51.442730181" lon="3.595378032">
    <name>Zeesluis Vlissingen</name>
    <desc>Oproepnaam: Zeesluis Vlissingen
Type: lock
VHF-kanaal: 18
Gebruik: listen
Bron/info: https://www.zeeland.nl/actueel/bedieningstijden-sluizen-en-bruggen</desc>
    <link href="https://www.zeeland.nl/actueel/bedieningstijden-sluizen-en-bruggen">
      <text>https://www.zeeland.nl/actueel/bedieningstijden-sluizen-en-bruggen</text>
    </link>
    <sym>vhf_unknown_18</sym>
    <type>WPT</type>
    <extensions>
      <opencpn:viz>1</opencpn:viz>
      <opencpn:viz_name>0</opencpn:viz_name>
      <opencpn:scale_min_max UseScale="false" ScaleMin="2147483646" ScaleMax="0" />
    </extensions>
  </wpt>
  <trk>
    <name>VHF 80 - Brug Kiesterzijl</name>
    <desc>Oproepnaam: Brug Kiesterzijl
Type: bridge
VHF-kanaal: 80
Gebruik: report</desc>
    <extensions>
      <opencpn:viz>1</opencpn:viz>
      <opencpn:style width="5" style="101" />
      <gpxx:TrackExtension>
        <gpxx:DisplayColor>Cyan</gpxx:DisplayColor>
      </gpxx:TrackExtension>
    </extensions>
    <trkseg>
      <trkpt lat="53.179875892" lon="5.504295230" />
      <trkpt lat="53.179427408" lon="5.504491031" />
      <trkpt lat="53.179572081" lon="5.505319834" />
      <trkpt lat="53.179996452" lon="5.505110621" />
      <trkpt lat="53.179875892" lon="5.504295230" />
    </trkseg>
  </trk>
  <wpt lat="53.179715097" lon="5.504801305">
    <name>Brug Kiesterzijl</name>
    <desc>Oproepnaam: Brug Kiesterzijl
Type: bridge
VHF-kanaal: 80
Gebruik: report</desc>
    <link href="https://">
      <text>https://</text>
    </link>
    <sym>vhf_unknown_80</sym>
    <type>WPT</type>
    <extensions>
      <opencpn:viz>1</opencpn:viz>
      <opencpn:viz_name>0</opencpn:viz_name>
      <opencpn:scale_min_max UseScale="false" ScaleMin="2147483646" ScaleMax="0" />
    </extensions>
  </wpt>
  <trk>
    <name>VHF 80 - Palma Brêge</name>
    <desc>Oproepnaam: Palma Brêge
Type: bridge
VHF-kanaal: 80
Gebruik: announce</desc>
    <extensions>
      <opencpn:viz>1</opencpn:viz>
      <opencpn:style width="5" style="101" />
      <gpxx:TrackExtension>
        <gpxx:DisplayColor>Cyan</gpxx:DisplayColor>
      </gpxx:TrackExtension>
    </extensions>
    <trkseg>
      <trkpt lat="53.150965618" lon="5.835129619" />
      <trkpt lat="53.150955967" lon="5.835698247" />
      <trkpt lat="53.150618172" lon="5.835585594" />
      <trkpt lat="53.150602086" lon="5.834979415" />
      <trkpt lat="53.150965618" lon="5.835129619" />
    </trkseg>
  </trk>
  <wpt lat="53.150784071" lon="5.835344128">
    <name>Palma Brêge</name>
    <desc>Oproepnaam: Palma Brêge
Type: bridge
VHF-kanaal: 80
Gebruik: announce</desc>
    <link href="https://">
      <text>https://</text>
    </link>
    <sym>vhf_unknown_80</sym>
    <type>WPT</type>
    <extensions>
      <opencpn:viz>1</opencpn:viz>
      <opencpn:viz_name>0</opencpn:viz_name>
      <opencpn:scale_min_max UseScale="false" ScaleMin="2147483646" ScaleMax="0" />
    </extensions>
  </wpt>
  <trk>
    <name>VHF 80 - Stationsbrug Franeker</name>
    <desc>Oproepnaam: Stationsbrug Franeker
Type: bridge
VHF-kanaal: 80
Gebruik: announce
Opmerking: Report early for corner! yachts must wait for the traffic lights</desc>
    <extensions>
      <opencpn:viz>1</opencpn:viz>
      <opencpn:style width="5" style="101" />
      <gpxx:TrackExtension>
        <gpxx:DisplayColor>Cyan</gpxx:DisplayColor>
      </gpxx:TrackExtension>
    </extensions>
    <trkseg>
      <trkpt lat="53.184294574" lon="5.554919243" />
      <trkpt lat="53.183818812" lon="5.554747581" />
      <trkpt lat="53.184165990" lon="5.548889637" />
      <trkpt lat="53.184423158" lon="5.546550751" />
      <trkpt lat="53.184423158" lon="5.545864105" />
      <trkpt lat="53.184243141" lon="5.544877052" />
      <trkpt lat="53.183934539" lon="5.543911457" />
      <trkpt lat="53.184436016" lon="5.543611050" />
      <trkpt lat="53.184667465" lon="5.545327663" />
      <trkpt lat="53.184680323" lon="5.547194481" />
      <trkpt lat="53.184500308" lon="5.548717976" />
      <trkpt lat="53.184461733" lon="5.550413132" />
      <trkpt lat="53.184384583" lon="5.552473068" />
      <trkpt lat="53.184294574" lon="5.554919243" />
    </trkseg>
  </trk>
  <wpt lat="53.184286518" lon="5.549588634">
    <name>Stationsbrug Franeker</name>
    <desc>Oproepnaam: Stationsbrug Franeker
Type: bridge
VHF-kanaal: 80
Gebruik: announce
Opmerking: Report early for corner! yachts must wait for the traffic lights</desc>
    <link href="https://">
      <text>https://</text>
    </link>
    <sym>vhf_unknown_80</sym>
    <type>WPT</type>
    <extensions>
      <opencpn:viz>1</opencpn:viz>
      <opencpn:viz_name>0</opencpn:viz_name>
      <opencpn:scale_min_max UseScale="false" ScaleMin="2147483646" ScaleMax="0" />
    </extensions>
  </wpt>
  <trk>
    <name>VHF 22 - Princes Maxima Sluizen</name>
    <desc>Oproepnaam: Princes Maxima sluis
Type: lock
VHF-kanaal: 22
Gebruik: announce
Opmerking: South lock has a fixed bridge.
Bron/info: https://varendoejesamen.nl/kenniscentrum/artikel/knooppunt-4-10</desc>
    <extensions>
      <opencpn:viz>1</opencpn:viz>
      <opencpn:style width="5" style="101" />
      <gpxx:TrackExtension>
        <gpxx:DisplayColor>Blue</gpxx:DisplayColor>
      </gpxx:TrackExtension>
    </extensions>
    <trkseg>
      <trkpt lat="51.808929844" lon="5.452432036" />
      <trkpt lat="51.808246589" lon="5.452550054" />
      <trkpt lat="51.808429013" lon="5.454545617" />
      <trkpt lat="51.808754056" lon="5.454465151" />
      <trkpt lat="51.808880093" lon="5.455672145" />
      <trkpt lat="51.809191866" lon="5.455591679" />
      <trkpt lat="51.808929844" lon="5.452432036" />
    </trkseg>
  </trk>
  <wpt lat="51.808742367" lon="5.453827766">
    <name>Princes Maxima Sluizen</name>
    <desc>Oproepnaam: Princes Maxima sluis
Type: lock
VHF-kanaal: 22
Gebruik: announce
Opmerking: South lock has a fixed bridge.
Bron/info: https://varendoejesamen.nl/kenniscentrum/artikel/knooppunt-4-10</desc>
    <link href="https://varendoejesamen.nl/kenniscentrum/artikel/knooppunt-4-10">
      <text>https://varendoejesamen.nl/kenniscentrum/artikel/knooppunt-4-10</text>
    </link>
    <sym>vhf_unknown_22</sym>
    <type>WPT</type>
    <extensions>
      <opencpn:viz>1</opencpn:viz>
      <opencpn:viz_name>0</opencpn:viz_name>
      <opencpn:scale_min_max UseScale="false" ScaleMin="2147483646" ScaleMax="0" />
    </extensions>
  </wpt>
  <trk>
    <name>VHF 62 - Oude Maas</name>
    <desc>Oproepnaam: Sector Oude Maas
Type: vts
VHF-kanaal: 62
Gebruik: report
Bron/info: https://varendoejesamen.nl/storage/app/media//knooppunten/knooppuntenfoto-1-17.jpg</desc>
    <extensions>
      <opencpn:viz>1</opencpn:viz>
      <opencpn:style width="7" style="101" />
      <gpxx:TrackExtension>
        <gpxx:DisplayColor>Red</gpxx:DisplayColor>
      </gpxx:TrackExtension>
    </extensions>
    <trkseg>
      <trkpt lat="51.887802207" lon="4.232246876" />
      <trkpt lat="51.887153613" lon="4.228255749" />
      <trkpt lat="51.881157006" lon="4.230637550" />
      <trkpt lat="51.878165015" lon="4.232268333" />
      <trkpt lat="51.875940750" lon="4.234499931" />
      <trkpt lat="51.873425081" lon="4.238276482" />
      <trkpt lat="51.865771284" lon="4.259905815" />
      <trkpt lat="51.864711833" lon="4.265699387" />
      <trkpt lat="51.865215075" lon="4.285397530" />
      <trkpt lat="51.864605886" lon="4.293336868" />
      <trkpt lat="51.864756918" lon="4.327068329" />
      <trkpt lat="51.864412592" lon="4.329814911" />
      <trkpt lat="51.864147723" lon="4.329771996" />
      <trkpt lat="51.864041775" lon="4.327540398" />
      <trkpt lat="51.863300133" lon="4.327454567" />
      <trkpt lat="51.863220671" lon="4.332776070" />
      <trkpt lat="51.862823357" lon="4.333934784" />
      <trkpt lat="51.862214135" lon="4.334363937" />
      <trkpt lat="51.861419486" lon="4.333548546" />
      <trkpt lat="51.859803656" lon="4.336638451" />
      <trkpt lat="51.857869881" lon="4.338784218" />
      <trkpt lat="51.857075155" lon="4.337368011" />
      <trkpt lat="51.856810244" lon="4.337797165" />
      <trkpt lat="51.857710937" lon="4.339213371" />
      <trkpt lat="51.856969191" lon="4.339900017" />
      <trkpt lat="51.855931347" lon="4.338333607" />
      <trkpt lat="51.855666428" lon="4.338762760" />
      <trkpt lat="51.856209510" lon="4.340372086" />
      <trkpt lat="51.856063806" lon="4.340565205" />
      <trkpt lat="51.855904855" lon="4.340243340" />
      <trkpt lat="51.853419569" lon="4.342689514" />
      <trkpt lat="51.847617173" lon="4.351530075" />
      <trkpt lat="51.845921354" lon="4.356894493" />
      <trkpt lat="51.845338402" lon="4.357452393" />
      <trkpt lat="51.844092978" lon="4.359769821" />
      <trkpt lat="51.843960484" lon="4.360370636" />
      <trkpt lat="51.843271510" lon="4.359769821" />
      <trkpt lat="51.843086015" lon="4.360241890" />
      <trkpt lat="51.843854489" lon="4.360842705" />
      <trkpt lat="51.836770650" lon="4.385175705" />
      <trkpt lat="51.837963272" lon="4.386548996" />
      <trkpt lat="51.838415995" lon="4.396647513" />
      <trkpt lat="51.844059535" lon="4.395487458" />
      <trkpt lat="51.844164395" lon="4.387857914" />
      <trkpt lat="51.845370069" lon="4.385540485" />
      <trkpt lat="51.844349885" lon="4.381763935" />
      <trkpt lat="51.846496220" lon="4.368546009" />
      <trkpt lat="51.847423617" lon="4.364254475" />
      <trkpt lat="51.849172370" lon="4.358053207" />
      <trkpt lat="51.849039891" lon="4.357752800" />
      <trkpt lat="51.851186002" lon="4.353075027" />
      <trkpt lat="51.856458112" lon="4.347367287" />
      <trkpt lat="51.856259426" lon="4.346165657" />
      <trkpt lat="51.860802502" lon="4.341380596" />
      <trkpt lat="51.861319033" lon="4.343676567" />
      <trkpt lat="51.861570674" lon="4.343483448" />
      <trkpt lat="51.861279300" lon="4.340929985" />
      <trkpt lat="51.863782405" lon="4.338397980" />
      <trkpt lat="51.863875110" lon="4.338784218" />
      <trkpt lat="51.870853918" lon="4.335608482" />
      <trkpt lat="51.870747986" lon="4.334514141" />
      <trkpt lat="51.871648401" lon="4.333784580" />
      <trkpt lat="51.878989206" lon="4.329643250" />
      <trkpt lat="51.878247810" lon="4.325051308" />
      <trkpt lat="51.870753733" lon="4.328613281" />
      <trkpt lat="51.869773849" lon="4.327754974" />
      <trkpt lat="51.869641431" lon="4.329257011" />
      <trkpt lat="51.868846913" lon="4.329643250" />
      <trkpt lat="51.868317227" lon="4.329299927" />
      <trkpt lat="51.867787534" lon="4.327840805" />
      <trkpt lat="51.867628625" lon="4.316639900" />
      <trkpt lat="51.867310805" lon="4.312305450" />
      <trkpt lat="51.867072439" lon="4.312305450" />
      <trkpt lat="51.866992983" lon="4.308400154" />
      <trkpt lat="51.867814019" lon="4.308271408" />
      <trkpt lat="51.866349159" lon="4.266772270" />
      <trkpt lat="51.867064265" lon="4.261665344" />
      <trkpt lat="51.874082300" lon="4.241409302" />
      <trkpt lat="51.880834470" lon="4.235229492" />
      <trkpt lat="51.881046286" lon="4.237074852" />
      <trkpt lat="51.878451467" lon="4.244284630" />
      <trkpt lat="51.878504424" lon="4.245271683" />
      <trkpt lat="51.876121297" lon="4.252052307" />
      <trkpt lat="51.877921893" lon="4.253597260" />
      <trkpt lat="51.881867065" lon="4.242010117" />
      <trkpt lat="51.881628776" lon="4.241752625" />
      <trkpt lat="51.883190871" lon="4.237546921" />
      <trkpt lat="51.883852759" lon="4.237418175" />
      <trkpt lat="51.885044133" lon="4.235143661" />
      <trkpt lat="51.887802207" lon="4.232246876" />
    </trkseg>
  </trk>
  <wpt lat="51.862286428" lon="4.337710395">
    <name>Oude Maas</name>
    <desc>Oproepnaam: Sector Oude Maas
Type: vts
VHF-kanaal: 62
Gebruik: report
Bron/info: https://varendoejesamen.nl/storage/app/media//knooppunten/knooppuntenfoto-1-17.jpg</desc>
    <link href="https://varendoejesamen.nl/storage/app/media//knooppunten/knooppuntenfoto-1-17.jpg">
      <text>https://varendoejesamen.nl/storage/app/media//knooppunten/knooppuntenfoto-1-17.jpg</text>
    </link>
    <sym>vhf_unknown_62</sym>
    <type>WPT</type>
    <extensions>
      <opencpn:viz>1</opencpn:viz>
      <opencpn:viz_name>0</opencpn:viz_name>
      <opencpn:scale_min_max UseScale="false" ScaleMin="2147483646" ScaleMax="0" />
    </extensions>
  </wpt>
  <trk>
    <name>VHF 18 - Zeelandbrug Oosterschelde</name>
    <desc>Oproepnaam: Zeelandbrug
Type: bridge
VHF-kanaal: 18
Gebruik: listen
Bron/info: https://www.zeeland.nl/actueel/bedieningstijden-sluizen-en-bruggen</desc>
    <extensions>
      <opencpn:viz>1</opencpn:viz>
      <opencpn:style width="5" style="101" />
      <gpxx:TrackExtension>
        <gpxx:DisplayColor>Cyan</gpxx:DisplayColor>
      </gpxx:TrackExtension>
    </extensions>
    <trkseg>
      <trkpt lat="51.626972658" lon="3.911138177" />
      <trkpt lat="51.626899435" lon="3.911288381" />
      <trkpt lat="51.626603216" lon="3.910880685" />
      <trkpt lat="51.626669782" lon="3.910714388" />
      <trkpt lat="51.626972658" lon="3.911138177" />
    </trkseg>
  </trk>
  <wpt lat="51.626788200" lon="3.911004286">
    <name>Zeelandbrug Oosterschelde</name>
    <desc>Oproepnaam: Zeelandbrug
Type: bridge
VHF-kanaal: 18
Gebruik: listen
Bron/info: https://www.zeeland.nl/actueel/bedieningstijden-sluizen-en-bruggen</desc>
    <link href="https://www.zeeland.nl/actueel/bedieningstijden-sluizen-en-bruggen">
      <text>https://www.zeeland.nl/actueel/bedieningstijden-sluizen-en-bruggen</text>
    </link>
    <sym>vhf_unknown_18</sym>
    <type>WPT</type>
    <extensions>
      <opencpn:viz>1</opencpn:viz>
      <opencpn:viz_name>0</opencpn:viz_name>
      <opencpn:scale_min_max UseScale="false" ScaleMin="2147483646" ScaleMax="0" />
    </extensions>
  </wpt>
  <trk>
    <name>VHF 9 - Zernike brug</name>
    <desc>Oproepnaam: Zernike brug
Type: bridge
VHF-kanaal: 9
Gebruik: announce
Opmerking: City of Groningen CH-9</desc>
    <extensions>
      <opencpn:viz>1</opencpn:viz>
      <opencpn:style width="5" style="101" />
      <gpxx:TrackExtension>
        <gpxx:DisplayColor>Cyan</gpxx:DisplayColor>
      </gpxx:TrackExtension>
    </extensions>
    <trkseg>
      <trkpt lat="53.243777843" lon="6.522939205" />
      <trkpt lat="53.243906248" lon="6.523454189" />
      <trkpt lat="53.242907889" lon="6.524521708" />
      <trkpt lat="53.242766640" lon="6.524060369" />
      <trkpt lat="53.243777843" lon="6.522939205" />
    </trkseg>
  </trk>
  <wpt lat="53.243344956" lon="6.523737350">
    <name>Zernike brug</name>
    <desc>Oproepnaam: Zernike brug
Type: bridge
VHF-kanaal: 9
Gebruik: announce
Opmerking: City of Groningen CH-9</desc>
    <link href="https://">
      <text>https://</text>
    </link>
    <sym>vhf_unknown_9</sym>
    <type>WPT</type>
    <extensions>
      <opencpn:viz>1</opencpn:viz>
      <opencpn:viz_name>0</opencpn:viz_name>
      <opencpn:scale_min_max UseScale="false" ScaleMin="2147483646" ScaleMax="0" />
    </extensions>
  </wpt>
  <trk>
    <name>VHF 18 - Lorentzsluizen</name>
    <desc>Type: lock
VHF-kanaal: 18
Gebruik: report
Telefoon: +31887974589
Bron/info: https://waterkaart.net/gids/sluis.php?naam=Lorentzsluizen</desc>
    <extensions>
      <opencpn:viz>1</opencpn:viz>
      <opencpn:style width="5" style="101" />
      <gpxx:TrackExtension>
        <gpxx:DisplayColor>Blue</gpxx:DisplayColor>
      </gpxx:TrackExtension>
    </extensions>
    <trkseg>
      <trkpt lat="53.074174056" lon="5.334623159" />
      <trkpt lat="53.073599132" lon="5.334806206" />
      <trkpt lat="53.073382048" lon="5.334550423" />
      <trkpt lat="53.072122946" lon="5.334511440" />
      <trkpt lat="53.069935087" lon="5.335384728" />
      <trkpt lat="53.069955294" lon="5.336524155" />
      <trkpt lat="53.068477496" lon="5.337153203" />
      <trkpt lat="53.068525746" lon="5.337411955" />
      <trkpt lat="53.069144419" lon="5.337403444" />
      <trkpt lat="53.069171848" lon="5.337522132" />
      <trkpt lat="53.069975487" lon="5.337175199" />
      <trkpt lat="53.070107931" lon="5.337695111" />
      <trkpt lat="53.073318689" lon="5.336269455" />
      <trkpt lat="53.073721759" lon="5.335367730" />
      <trkpt lat="53.074250094" lon="5.335202457" />
      <trkpt lat="53.074174056" lon="5.334623159" />
    </trkseg>
  </trk>
  <wpt lat="53.071549908" lon="5.335959668">
    <name>Lorentzsluizen</name>
    <desc>Type: lock
VHF-kanaal: 18
Gebruik: report
Telefoon: +31887974589
Bron/info: https://waterkaart.net/gids/sluis.php?naam=Lorentzsluizen</desc>
    <link href="https://waterkaart.net/gids/sluis.php?naam=Lorentzsluizen">
      <text>https://waterkaart.net/gids/sluis.php?naam=Lorentzsluizen</text>
    </link>
    <link href="tel:+31887974589">
      <text>tel:+31887974589</text>
    </link>
    <sym>vhf_unknown_18</sym>
    <type>WPT</type>
    <extensions>
      <opencpn:viz>1</opencpn:viz>
      <opencpn:viz_name>0</opencpn:viz_name>
      <opencpn:scale_min_max UseScale="false" ScaleMin="2147483646" ScaleMax="0" />
    </extensions>
  </wpt>
  <trk>
    <name>VHF 69 - Post Tiel</name>
    <desc>Oproepnaam: Sector Tiel
Type: vts
VHF-kanaal: 69
Gebruik: listen
Telefoon: +31 88 797 36 90
Bron/info: https://www.varendoejesamen.nl/nieuws/1-juni-2016-krijgt-vts-sector-millingen-een-eigen-marifoonkanaal-vhf5</desc>
    <extensions>
      <opencpn:viz>1</opencpn:viz>
      <opencpn:style width="7" style="101" />
      <gpxx:TrackExtension>
        <gpxx:DisplayColor>Red</gpxx:DisplayColor>
      </gpxx:TrackExtension>
    </extensions>
    <trkseg>
      <trkpt lat="51.903194990" lon="5.562296945" />
      <trkpt lat="51.904259950" lon="5.562100647" />
      <trkpt lat="51.904442630" lon="5.561763074" />
      <trkpt lat="51.904669820" lon="5.561735434" />
      <trkpt lat="51.904718370" lon="5.560914099" />
      <trkpt lat="51.903701760" lon="5.560507640" />
      <trkpt lat="51.902889810" lon="5.560579422" />
      <trkpt lat="51.902661720" lon="5.560223036" />
      <trkpt lat="51.902024690" lon="5.554326859" />
      <trkpt lat="51.901371470" lon="5.550129482" />
      <trkpt lat="51.900115110" lon="5.544097604" />
      <trkpt lat="51.898851150" lon="5.539549700" />
      <trkpt lat="51.899010530" lon="5.539336073" />
      <trkpt lat="51.899581910" lon="5.539525645" />
      <trkpt lat="51.898522280" lon="5.535788092" />
      <trkpt lat="51.898058270" lon="5.536002616" />
      <trkpt lat="51.897643630" lon="5.535792178" />
      <trkpt lat="51.896452890" lon="5.532577844" />
      <trkpt lat="51.896684630" lon="5.532107811" />
      <trkpt lat="51.896470510" lon="5.531354133" />
      <trkpt lat="51.895692760" lon="5.528613330" />
      <trkpt lat="51.896327440" lon="5.528248599" />
      <trkpt lat="51.896189510" lon="5.527542911" />
      <trkpt lat="51.895597220" lon="5.526611117" />
      <trkpt lat="51.895681010" lon="5.525467304" />
      <trkpt lat="51.895324860" lon="5.524103274" />
      <trkpt lat="51.894810150" lon="5.523201649" />
      <trkpt lat="51.894655070" lon="5.522049621" />
      <trkpt lat="51.894390980" lon="5.521127498" />
      <trkpt lat="51.893823470" lon="5.520069441" />
      <trkpt lat="51.895228900" lon="5.519353647" />
      <trkpt lat="51.895623690" lon="5.518773833" />
      <trkpt lat="51.895467080" lon="5.517823942" />
      <trkpt lat="51.894905080" lon="5.518260969" />
      <trkpt lat="51.893652360" lon="5.518694369" />
      <trkpt lat="51.893233800" lon="5.517922110" />
      <trkpt lat="51.893254200" lon="5.517263551" />
      <trkpt lat="51.892693820" lon="5.514910985" />
      <trkpt lat="51.892594980" lon="5.513778114" />
      <trkpt lat="51.892212190" lon="5.510976271" />
      <trkpt lat="51.891959190" lon="5.508820483" />
      <trkpt lat="51.891538990" lon="5.504231276" />
      <trkpt lat="51.891557250" lon="5.502577419" />
      <trkpt lat="51.891498710" lon="5.501547673" />
      <trkpt lat="51.891027490" lon="5.500118287" />
      <trkpt lat="51.890244320" lon="5.498839363" />
      <trkpt lat="51.890181460" lon="5.497089871" />
      <trkpt lat="51.891042010" lon="5.496465894" />
      <trkpt lat="51.891101980" lon="5.494666392" />
      <trkpt lat="51.891312530" lon="5.494182733" />
      <trkpt lat="51.891302690" lon="5.493762070" />
      <trkpt lat="51.891257380" lon="5.492193939" />
      <trkpt lat="51.891244360" lon="5.490454033" />
      <trkpt lat="51.891480380" lon="5.484346931" />
      <trkpt lat="51.891429180" lon="5.480971960" />
      <trkpt lat="51.891478770" lon="5.478902482" />
      <trkpt lat="51.890883850" lon="5.474572132" />
      <trkpt lat="51.890554520" lon="5.468037672" />
      <trkpt lat="51.889931150" lon="5.462936327" />
      <trkpt lat="51.890594030" lon="5.463155782" />
      <trkpt lat="51.891303790" lon="5.462815826" />
      <trkpt lat="51.891900340" lon="5.462043579" />
      <trkpt lat="51.892297430" lon="5.460999979" />
      <trkpt lat="51.894417148" lon="5.459683847" />
      <trkpt lat="51.893949037" lon="5.457163005" />
      <trkpt lat="51.891604920" lon="5.458339783" />
      <trkpt lat="51.891167610" lon="5.457634237" />
      <trkpt lat="51.890306270" lon="5.457461324" />
      <trkpt lat="51.889876680" lon="5.457771091" />
      <trkpt lat="51.889505610" lon="5.458471582" />
      <trkpt lat="51.889350630" lon="5.458381884" />
      <trkpt lat="51.889197390" lon="5.457732267" />
      <trkpt lat="51.889715360" lon="5.457315178" />
      <trkpt lat="51.889891700" lon="5.456419647" />
      <trkpt lat="51.889773960" lon="5.455715160" />
      <trkpt lat="51.889389380" lon="5.454166871" />
      <trkpt lat="51.889292720" lon="5.453100323" />
      <trkpt lat="51.888759660" lon="5.450480370" />
      <trkpt lat="51.886737970" lon="5.444987662" />
      <trkpt lat="51.887080490" lon="5.444439114" />
      <trkpt lat="51.888247990" lon="5.445120126" />
      <trkpt lat="51.888751920" lon="5.445067440" />
      <trkpt lat="51.889166560" lon="5.444704404" />
      <trkpt lat="51.889188360" lon="5.444399806" />
      <trkpt lat="51.888768230" lon="5.443669008" />
      <trkpt lat="51.888498430" lon="5.442506442" />
      <trkpt lat="51.888330120" lon="5.441888656" />
      <trkpt lat="51.888013070" lon="5.440712184" />
      <trkpt lat="51.887736870" lon="5.440363589" />
      <trkpt lat="51.885977620" lon="5.442645090" />
      <trkpt lat="51.884894700" lon="5.442233790" />
      <trkpt lat="51.884291510" lon="5.441123365" />
      <trkpt lat="51.884878870" lon="5.439988014" />
      <trkpt lat="51.884849620" lon="5.439797648" />
      <trkpt lat="51.883893520" lon="5.439129727" />
      <trkpt lat="51.883362470" lon="5.438026103" />
      <trkpt lat="51.880843160" lon="5.435610380" />
      <trkpt lat="51.880579620" lon="5.435793858" />
      <trkpt lat="51.878183070" lon="5.432567604" />
      <trkpt lat="51.878339290" lon="5.428800114" />
      <trkpt lat="51.878234680" lon="5.428481567" />
      <trkpt lat="51.877773390" lon="5.429646007" />
      <trkpt lat="51.876857460" lon="5.431042217" />
      <trkpt lat="51.875190550" lon="5.429337068" />
      <trkpt lat="51.876003390" lon="5.427701057" />
      <trkpt lat="51.875767520" lon="5.427073144" />
      <trkpt lat="51.875556460" lon="5.427181665" />
      <trkpt lat="51.873663170" lon="5.425710798" />
      <trkpt lat="51.871936750" lon="5.423885141" />
      <trkpt lat="51.870367780" lon="5.422659740" />
      <trkpt lat="51.869194000" lon="5.422017875" />
      <trkpt lat="51.868719030" lon="5.421558098" />
      <trkpt lat="51.866941688" lon="5.426844121" />
      <trkpt lat="51.867255650" lon="5.426489637" />
      <trkpt lat="51.868331440" lon="5.427816611" />
      <trkpt lat="51.875055210" lon="5.434493771" />
      <trkpt lat="51.876887990" lon="5.436862989" />
      <trkpt lat="51.880199330" lon="5.441480832" />
      <trkpt lat="51.881426910" lon="5.443130029" />
      <trkpt lat="51.881379390" lon="5.443501684" />
      <trkpt lat="51.881907850" lon="5.444729629" />
      <trkpt lat="51.882249810" lon="5.446038183" />
      <trkpt lat="51.882830910" lon="5.446344284" />
      <trkpt lat="51.882882250" lon="5.446894710" />
      <trkpt lat="51.883704780" lon="5.449144861" />
      <trkpt lat="51.884779690" lon="5.451616610" />
      <trkpt lat="51.887193420" lon="5.462875947" />
      <trkpt lat="51.887329140" lon="5.467649553" />
      <trkpt lat="51.887621700" lon="5.468673813" />
      <trkpt lat="51.887596290" lon="5.470603548" />
      <trkpt lat="51.887562260" lon="5.471865741" />
      <trkpt lat="51.887233610" lon="5.472540365" />
      <trkpt lat="51.887207680" lon="5.473196895" />
      <trkpt lat="51.887619670" lon="5.474236875" />
      <trkpt lat="51.887385460" lon="5.476478870" />
      <trkpt lat="51.887107270" lon="5.476275860" />
      <trkpt lat="51.886943780" lon="5.477358402" />
      <trkpt lat="51.887323070" lon="5.478544897" />
      <trkpt lat="51.887428440" lon="5.480142049" />
      <trkpt lat="51.887332870" lon="5.482382424" />
      <trkpt lat="51.887259780" lon="5.486699523" />
      <trkpt lat="51.887387590" lon="5.487211164" />
      <trkpt lat="51.888162650" lon="5.487234073" />
      <trkpt lat="51.887810950" lon="5.492772251" />
      <trkpt lat="51.887868530" lon="5.497838913" />
      <trkpt lat="51.888032780" lon="5.502297513" />
      <trkpt lat="51.888425500" lon="5.507258598" />
      <trkpt lat="51.888278480" lon="5.507628076" />
      <trkpt lat="51.888692700" lon="5.510428518" />
      <trkpt lat="51.888860700" lon="5.510567318" />
      <trkpt lat="51.888462010" lon="5.511363099" />
      <trkpt lat="51.888981970" lon="5.515740499" />
      <trkpt lat="51.889437350" lon="5.517898199" />
      <trkpt lat="51.891424780" lon="5.526687106" />
      <trkpt lat="51.891972970" lon="5.528451979" />
      <trkpt lat="51.892643390" lon="5.530945451" />
      <trkpt lat="51.893265790" lon="5.532726950" />
      <trkpt lat="51.894149680" lon="5.536206657" />
      <trkpt lat="51.894385600" lon="5.536956542" />
      <trkpt lat="51.895093560" lon="5.538534494" />
      <trkpt lat="51.896090570" lon="5.541869534" />
      <trkpt lat="51.896870990" lon="5.543900780" />
      <trkpt lat="51.897524700" lon="5.547206733" />
      <trkpt lat="51.898455390" lon="5.549792896" />
      <trkpt lat="51.898355870" lon="5.550471760" />
      <trkpt lat="51.898349220" lon="5.551709069" />
      <trkpt lat="51.898525470" lon="5.553037338" />
      <trkpt lat="51.898907960" lon="5.555339709" />
      <trkpt lat="51.899045970" lon="5.556155195" />
      <trkpt lat="51.899476030" lon="5.559675986" />
      <trkpt lat="51.899643190" lon="5.560545571" />
      <trkpt lat="51.899714250" lon="5.561487278" />
      <trkpt lat="51.899311150" lon="5.562795429" />
      <trkpt lat="51.899746780" lon="5.563364124" />
      <trkpt lat="51.900035570" lon="5.563965089" />
      <trkpt lat="51.899912950" lon="5.565161212" />
      <trkpt lat="51.899989660" lon="5.566403240" />
      <trkpt lat="51.899889230" lon="5.568874206" />
      <trkpt lat="51.899652040" lon="5.571819122" />
      <trkpt lat="51.899682050" lon="5.572912482" />
      <trkpt lat="51.900006850" lon="5.574069041" />
      <trkpt lat="51.899970661" lon="5.575666312" />
      <trkpt lat="51.903510878" lon="5.576368344" />
      <trkpt lat="51.903495420" lon="5.575171443" />
      <trkpt lat="51.903634600" lon="5.571725081" />
      <trkpt lat="51.903494410" lon="5.570616426" />
      <trkpt lat="51.903954740" lon="5.570365803" />
      <trkpt lat="51.904163040" lon="5.571056980" />
      <trkpt lat="51.904557890" lon="5.570493337" />
      <trkpt lat="51.904604830" lon="5.569894204" />
      <trkpt lat="51.903899550" lon="5.566366261" />
      <trkpt lat="51.903894100" lon="5.565605601" />
      <trkpt lat="51.903644350" lon="5.563120203" />
      <trkpt lat="51.903124530" lon="5.562769325" />
      <trkpt lat="51.903194990" lon="5.562296945" />
    </trkseg>
  </trk>
  <wpt lat="51.889753140" lon="5.493402259">
    <name>Post Tiel</name>
    <desc>Oproepnaam: Sector Tiel
Type: vts
VHF-kanaal: 69
Gebruik: listen
Telefoon: +31 88 797 36 90
Bron/info: https://www.varendoejesamen.nl/nieuws/1-juni-2016-krijgt-vts-sector-millingen-een-eigen-marifoonkanaal-vhf5</desc>
    <link href="https://www.varendoejesamen.nl/nieuws/1-juni-2016-krijgt-vts-sector-millingen-een-eigen-marifoonkanaal-vhf5">
      <text>https://www.varendoejesamen.nl/nieuws/1-juni-2016-krijgt-vts-sector-millingen-een-eigen-marifoonkanaal-vhf5</text>
    </link>
    <link href="tel:+31887973690">
      <text>tel:+31887973690</text>
    </link>
    <sym>vhf_unknown_69</sym>
    <type>WPT</type>
    <extensions>
      <opencpn:viz>1</opencpn:viz>
      <opencpn:viz_name>0</opencpn:viz_name>
      <opencpn:scale_min_max UseScale="false" ScaleMin="2147483646" ScaleMax="0" />
    </extensions>
  </wpt>
  <trk>
    <name>VHF 81 - Sluis Hintham</name>
    <desc>Type: lock
VHF-kanaal: 81
Gebruik: announce
Telefoon: +31 (0)88 7974825
Bron/info: https://www.vaarweginformatie.nl/frp/main/#/geo/detail/LOCK/12785011</desc>
    <extensions>
      <opencpn:viz>1</opencpn:viz>
      <opencpn:style width="5" style="101" />
      <gpxx:TrackExtension>
        <gpxx:DisplayColor>Blue</gpxx:DisplayColor>
      </gpxx:TrackExtension>
    </extensions>
    <trkseg>
      <trkpt lat="51.698287055" lon="5.358876586" />
      <trkpt lat="51.698351890" lon="5.359104574" />
      <trkpt lat="51.699492308" lon="5.358375013" />
      <trkpt lat="51.699439111" lon="5.358160436" />
      <trkpt lat="51.698287055" lon="5.358876586" />
    </trkseg>
  </trk>
  <wpt lat="51.698883404" lon="5.358633722">
    <name>Sluis Hintham</name>
    <desc>Type: lock
VHF-kanaal: 81
Gebruik: announce
Telefoon: +31 (0)88 7974825
Bron/info: https://www.vaarweginformatie.nl/frp/main/#/geo/detail/LOCK/12785011</desc>
    <link href="https://www.vaarweginformatie.nl/frp/main/#/geo/detail/LOCK/12785011">
      <text>https://www.vaarweginformatie.nl/frp/main/#/geo/detail/LOCK/12785011</text>
    </link>
    <link href="tel:+310887974825">
      <text>tel:+310887974825</text>
    </link>
    <sym>vhf_unknown_81</sym>
    <type>WPT</type>
    <extensions>
      <opencpn:viz>1</opencpn:viz>
      <opencpn:viz_name>0</opencpn:viz_name>
      <opencpn:scale_min_max UseScale="false" ScaleMin="2147483646" ScaleMax="0" />
    </extensions>
  </wpt>
  <trk>
    <name>VHF 18 - Wilhelminabrug</name>
    <desc>Oproepnaam: Wilhelminabrug
Type: bridge
VHF-kanaal: 18
Gebruik: listen
Telefoon: +31113216744
Bron/info: https://www.goes.nl/contactgegevens-sluis-en-bruggen</desc>
    <extensions>
      <opencpn:viz>1</opencpn:viz>
      <opencpn:style width="5" style="101" />
      <gpxx:TrackExtension>
        <gpxx:DisplayColor>Cyan</gpxx:DisplayColor>
      </gpxx:TrackExtension>
    </extensions>
    <trkseg>
      <trkpt lat="51.529749165" lon="3.899245262" />
      <trkpt lat="51.529835886" lon="3.899309635" />
      <trkpt lat="51.529705804" lon="3.899728060" />
      <trkpt lat="51.529615748" lon="3.899642229" />
      <trkpt lat="51.529749165" lon="3.899245262" />
    </trkseg>
  </trk>
  <wpt lat="51.529724531" lon="3.899484513">
    <name>Wilhelminabrug</name>
    <desc>Oproepnaam: Wilhelminabrug
Type: bridge
VHF-kanaal: 18
Gebruik: listen
Telefoon: +31113216744
Bron/info: https://www.goes.nl/contactgegevens-sluis-en-bruggen</desc>
    <link href="https://www.goes.nl/contactgegevens-sluis-en-bruggen">
      <text>https://www.goes.nl/contactgegevens-sluis-en-bruggen</text>
    </link>
    <link href="tel:+31113216744">
      <text>tel:+31113216744</text>
    </link>
    <sym>vhf_unknown_18</sym>
    <type>WPT</type>
    <extensions>
      <opencpn:viz>1</opencpn:viz>
      <opencpn:viz_name>0</opencpn:viz_name>
      <opencpn:scale_min_max UseScale="false" ScaleMin="2147483646" ScaleMax="0" />
    </extensions>
  </wpt>
  <trk>
    <name>VHF 10 - Traffic Centre Hoek van Holland</name>
    <desc>Oproepnaam: Sector Hartelkanaal
Type: vts
VHF-kanaal: 10
Gebruik: listen
Telefoon: +31 10-2521000
Bron/info: https://www.portofrotterdam.com/sites/default/files/2022-02/informatie-scheepvaart-vts-2022.pdf</desc>
    <extensions>
      <opencpn:viz>1</opencpn:viz>
      <opencpn:style width="7" style="101" />
      <gpxx:TrackExtension>
        <gpxx:DisplayColor>Red</gpxx:DisplayColor>
      </gpxx:TrackExtension>
    </extensions>
    <trkseg>
      <trkpt lat="51.937987110" lon="4.106766973" />
      <trkpt lat="51.936761610" lon="4.106368014" />
      <trkpt lat="51.936730480" lon="4.107236721" />
      <trkpt lat="51.936497960" lon="4.107166694" />
      <trkpt lat="51.936434090" lon="4.107669399" />
      <trkpt lat="51.936565080" lon="4.107936414" />
      <trkpt lat="51.936035190" lon="4.112115638" />
      <trkpt lat="51.931710310" lon="4.144185981" />
      <trkpt lat="51.930489110" lon="4.148502118" />
      <trkpt lat="51.928706270" lon="4.152441584" />
      <trkpt lat="51.928301990" lon="4.156488735" />
      <trkpt lat="51.927723610" lon="4.159615483" />
      <trkpt lat="51.926879930" lon="4.162436237" />
      <trkpt lat="51.925804310" lon="4.165034199" />
      <trkpt lat="51.924585400" lon="4.167129781" />
      <trkpt lat="51.922887140" lon="4.168329709" />
      <trkpt lat="51.919412730" lon="4.172520361" />
      <trkpt lat="51.917967670" lon="4.176799328" />
      <trkpt lat="51.915332950" lon="4.180790177" />
      <trkpt lat="51.912649440" lon="4.186177223" />
      <trkpt lat="51.911543370" lon="4.188779427" />
      <trkpt lat="51.908913420" lon="4.195937211" />
      <trkpt lat="51.907644940" lon="4.198795168" />
      <trkpt lat="51.903441890" lon="4.207204064" />
      <trkpt lat="51.902258410" lon="4.209003149" />
      <trkpt lat="51.898207960" lon="4.217391764" />
      <trkpt lat="51.897334010" lon="4.218705058" />
      <trkpt lat="51.896112350" lon="4.220249704" />
      <trkpt lat="51.896112960" lon="4.220003645" />
      <trkpt lat="51.894576080" lon="4.221600339" />
      <trkpt lat="51.894845800" lon="4.221602090" />
      <trkpt lat="51.887632460" lon="4.227965550" />
      <trkpt lat="51.885502310" lon="4.229296935" />
      <trkpt lat="51.880821630" lon="4.230977640" />
      <trkpt lat="51.878763780" lon="4.232114956" />
      <trkpt lat="51.876293170" lon="4.234399652" />
      <trkpt lat="51.874341870" lon="4.237089629" />
      <trkpt lat="51.872516940" lon="4.240808781" />
      <trkpt lat="51.866149920" lon="4.259018245" />
      <trkpt lat="51.865592110" lon="4.261019064" />
      <trkpt lat="51.865063870" lon="4.263727018" />
      <trkpt lat="51.864673980" lon="4.268143249" />
      <trkpt lat="51.866095300" lon="4.267124980" />
      <trkpt lat="51.866527360" lon="4.263518905" />
      <trkpt lat="51.867373290" lon="4.260020211" />
      <trkpt lat="51.873585460" lon="4.242292045" />
      <trkpt lat="51.874781110" lon="4.239973870" />
      <trkpt lat="51.876230790" lon="4.238412899" />
      <trkpt lat="51.880560460" lon="4.235316871" />
      <trkpt lat="51.884774420" lon="4.234855977" />
      <trkpt lat="51.884905010" lon="4.235032867" />
      <trkpt lat="51.889491710" lon="4.230548749" />
      <trkpt lat="51.890585550" lon="4.230058646" />
      <trkpt lat="51.890903520" lon="4.229955477" />
      <trkpt lat="51.890750680" lon="4.228735225" />
      <trkpt lat="51.889700200" lon="4.228955364" />
      <trkpt lat="51.889561500" lon="4.228554072" />
      <trkpt lat="51.890950770" lon="4.227405596" />
      <trkpt lat="51.893160460" lon="4.226168838" />
      <trkpt lat="51.899506600" lon="4.223878218" />
      <trkpt lat="51.899676980" lon="4.222151952" />
      <trkpt lat="51.899357290" lon="4.219872981" />
      <trkpt lat="51.898646360" lon="4.220107337" />
      <trkpt lat="51.898497440" lon="4.219999336" />
      <trkpt lat="51.898503180" lon="4.219728184" />
      <trkpt lat="51.899198110" lon="4.218645973" />
      <trkpt lat="51.902569740" lon="4.211933897" />
      <trkpt lat="51.904919570" lon="4.206952127" />
      <trkpt lat="51.906880660" lon="4.203524103" />
      <trkpt lat="51.908243150" lon="4.200765587" />
      <trkpt lat="51.910922800" lon="4.194638828" />
      <trkpt lat="51.914252880" lon="4.187970894" />
      <trkpt lat="51.914072790" lon="4.186547313" />
      <trkpt lat="51.916040300" lon="4.182563969" />
      <trkpt lat="51.917858030" lon="4.179540046" />
      <trkpt lat="51.919238020" lon="4.177661563" />
      <trkpt lat="51.923262800" lon="4.172784544" />
      <trkpt lat="51.923718140" lon="4.173935326" />
      <trkpt lat="51.926749110" lon="4.171483484" />
      <trkpt lat="51.928667740" lon="4.169260203" />
      <trkpt lat="51.929927400" lon="4.166773506" />
      <trkpt lat="51.930626670" lon="4.164573361" />
      <trkpt lat="51.930872730" lon="4.163456701" />
      <trkpt lat="51.931163230" lon="4.162004357" />
      <trkpt lat="51.931563750" lon="4.160471454" />
      <trkpt lat="51.934773850" lon="4.151125139" />
      <trkpt lat="51.934326580" lon="4.150478209" />
      <trkpt lat="51.936109150" lon="4.143351611" />
      <trkpt lat="51.938710610" lon="4.133535283" />
      <trkpt lat="51.940670350" lon="4.124865460" />
      <trkpt lat="51.941714580" lon="4.122494403" />
      <trkpt lat="51.942465200" lon="4.121522980" />
      <trkpt lat="51.943530730" lon="4.120649486" />
      <trkpt lat="51.944734390" lon="4.120198648" />
      <trkpt lat="51.950838790" lon="4.120011543" />
      <trkpt lat="51.951300620" lon="4.120881063" />
      <trkpt lat="51.958338180" lon="4.120656820" />
      <trkpt lat="51.958836410" lon="4.119024203" />
      <trkpt lat="51.958998590" lon="4.119014426" />
      <trkpt lat="51.962166430" lon="4.107472844" />
      <trkpt lat="51.959001470" lon="4.104902981" />
      <trkpt lat="51.956385620" lon="4.114280631" />
      <trkpt lat="51.955994590" lon="4.114928882" />
      <trkpt lat="51.954892560" lon="4.116094945" />
      <trkpt lat="51.943533860" lon="4.116426257" />
      <trkpt lat="51.942455930" lon="4.117605820" />
      <trkpt lat="51.941636900" lon="4.117788972" />
      <trkpt lat="51.940784610" lon="4.117667625" />
      <trkpt lat="51.939645610" lon="4.119576013" />
      <trkpt lat="51.939152200" lon="4.124680299" />
      <trkpt lat="51.938453570" lon="4.129387818" />
      <trkpt lat="51.937407480" lon="4.134124312" />
      <trkpt lat="51.935601530" lon="4.140970978" />
      <trkpt lat="51.934934430" lon="4.143054519" />
      <trkpt lat="51.934674330" lon="4.143110209" />
      <trkpt lat="51.934482790" lon="4.142848898" />
      <trkpt lat="51.934415380" lon="4.141575904" />
      <trkpt lat="51.933986270" lon="4.139256208" />
      <trkpt lat="51.933929260" lon="4.137556363" />
      <trkpt lat="51.937355070" lon="4.111147383" />
      <trkpt lat="51.937823230" lon="4.109282198" />
      <trkpt lat="51.937699870" lon="4.108960881" />
      <trkpt lat="51.937987110" lon="4.106766973" />
    </trkseg>
  </trk>
  <wpt lat="51.913420205" lon="4.186523115">
    <name>Traffic Centre Hoek van Holland</name>
    <desc>Oproepnaam: Sector Hartelkanaal
Type: vts
VHF-kanaal: 10
Gebruik: listen
Telefoon: +31 10-2521000
Bron/info: https://www.portofrotterdam.com/sites/default/files/2022-02/informatie-scheepvaart-vts-2022.pdf</desc>
    <link href="https://www.portofrotterdam.com/sites/default/files/2022-02/informatie-scheepvaart-vts-2022.pdf">
      <text>https://www.portofrotterdam.com/sites/default/files/2022-02/informatie-scheepvaart-vts-2022.pdf</text>
    </link>
    <link href="tel:+31102521000">
      <text>tel:+31102521000</text>
    </link>
    <sym>vhf_unknown_10</sym>
    <type>WPT</type>
    <extensions>
      <opencpn:viz>1</opencpn:viz>
      <opencpn:viz_name>0</opencpn:viz_name>
      <opencpn:scale_min_max UseScale="false" ScaleMin="2147483646" ScaleMax="0" />
    </extensions>
  </wpt>
  <trk>
    <name>VHF 22 - Alblasserdamse Brug</name>
    <desc>Oproepnaam: Brug Alblasserdam
Type: bridge
VHF-kanaal: 22
Gebruik: listen
Opmerking: Hefbrug, closed 11,94 m (bij NAP 1,00m)
Telefoon: +31887985132</desc>
    <extensions>
      <opencpn:viz>1</opencpn:viz>
      <opencpn:style width="5" style="101" />
      <gpxx:TrackExtension>
        <gpxx:DisplayColor>Cyan</gpxx:DisplayColor>
      </gpxx:TrackExtension>
    </extensions>
    <trkseg>
      <trkpt lat="51.856721982" lon="4.655322433" />
      <trkpt lat="51.856874390" lon="4.655950069" />
      <trkpt lat="51.856735235" lon="4.656073451" />
      <trkpt lat="51.856569573" lon="4.655424356" />
      <trkpt lat="51.856721982" lon="4.655322433" />
    </trkseg>
  </trk>
  <wpt lat="51.856726099" lon="4.655690720">
    <name>Alblasserdamse Brug</name>
    <desc>Oproepnaam: Brug Alblasserdam
Type: bridge
VHF-kanaal: 22
Gebruik: listen
Opmerking: Hefbrug, closed 11,94 m (bij NAP 1,00m)
Telefoon: +31887985132</desc>
    <link href="http://">
      <text>http://</text>
    </link>
    <link href="tel:+31887985132">
      <text>tel:+31887985132</text>
    </link>
    <sym>vhf_unknown_22</sym>
    <type>WPT</type>
    <extensions>
      <opencpn:viz>1</opencpn:viz>
      <opencpn:viz_name>0</opencpn:viz_name>
      <opencpn:scale_min_max UseScale="false" ScaleMin="2147483646" ScaleMax="0" />
    </extensions>
  </wpt>
  <trk>
    <name>VHF 65 - Hoek van Holland</name>
    <desc>Oproepnaam: Sector Rozenburg
Type: vts
VHF-kanaal: 65
Gebruik: report
Telefoon: +31102522801
Bron/info: https://www.binnenvaartkennis.nl/wp-content/uploads/2021/01/Rotterdam.pdf</desc>
    <extensions>
      <opencpn:viz>1</opencpn:viz>
      <opencpn:style width="7" style="101" />
      <gpxx:TrackExtension>
        <gpxx:DisplayColor>Red</gpxx:DisplayColor>
      </gpxx:TrackExtension>
    </extensions>
    <trkseg>
      <trkpt lat="51.972221184" lon="4.115109444" />
      <trkpt lat="51.974812063" lon="4.116954803" />
      <trkpt lat="51.977561313" lon="4.119272232" />
      <trkpt lat="51.977266019" lon="4.121415004" />
      <trkpt lat="51.967307271" lon="4.145950539" />
      <trkpt lat="51.963131825" lon="4.139674683" />
      <trkpt lat="51.971290269" lon="4.123989286" />
      <trkpt lat="51.970866716" lon="4.123021662" />
      <trkpt lat="51.967862626" lon="4.126204499" />
      <trkpt lat="51.922624352" lon="4.218974802" />
      <trkpt lat="51.919811325" lon="4.219208039" />
      <trkpt lat="51.916326444" lon="4.222523093" />
      <trkpt lat="51.912876744" lon="4.224924308" />
      <trkpt lat="51.899766719" lon="4.229214282" />
      <trkpt lat="51.897513268" lon="4.232407811" />
      <trkpt lat="51.893992950" lon="4.251288901" />
      <trkpt lat="51.892156079" lon="4.250434744" />
      <trkpt lat="51.894712974" lon="4.236456356" />
      <trkpt lat="51.893984074" lon="4.231451894" />
      <trkpt lat="51.892728937" lon="4.231756982" />
      <trkpt lat="51.892578612" lon="4.230016083" />
      <trkpt lat="51.894592775" lon="4.229304893" />
      <trkpt lat="51.894384940" lon="4.227157891" />
      <trkpt lat="51.902338443" lon="4.224738357" />
      <trkpt lat="51.910352311" lon="4.222586758" />
      <trkpt lat="51.912763840" lon="4.221377555" />
      <trkpt lat="51.915576965" lon="4.218414260" />
      <trkpt lat="51.914602814" lon="4.216107787" />
      <trkpt lat="51.914581116" lon="4.207825174" />
      <trkpt lat="51.914982182" lon="4.207195961" />
      <trkpt lat="51.914911121" lon="4.202533012" />
      <trkpt lat="51.915344531" lon="4.201742683" />
      <trkpt lat="51.919267669" lon="4.201645363" />
      <trkpt lat="51.919278588" lon="4.196946159" />
      <trkpt lat="51.927282321" lon="4.196922202" />
      <trkpt lat="51.930731622" lon="4.190141510" />
      <trkpt lat="51.931491281" lon="4.189961397" />
      <trkpt lat="51.932196189" lon="4.188404966" />
      <trkpt lat="51.932196189" lon="4.184539873" />
      <trkpt lat="51.933099564" lon="4.184504051" />
      <trkpt lat="51.933154285" lon="4.186626033" />
      <trkpt lat="51.940125604" lon="4.172293783" />
      <trkpt lat="51.937542212" lon="4.172153431" />
      <trkpt lat="51.937497341" lon="4.168598176" />
      <trkpt lat="51.938120889" lon="4.168620939" />
      <trkpt lat="51.938103533" lon="4.166766846" />
      <trkpt lat="51.938608027" lon="4.165744883" />
      <trkpt lat="51.939379859" lon="4.165690263" />
      <trkpt lat="51.939422325" lon="4.164346826" />
      <trkpt lat="51.938931452" lon="4.164328486" />
      <trkpt lat="51.938915109" lon="4.159159427" />
      <trkpt lat="51.943767502" lon="4.159117180" />
      <trkpt lat="51.947916390" lon="4.156790523" />
      <trkpt lat="51.951290006" lon="4.149706310" />
      <trkpt lat="51.948207040" lon="4.149480951" />
      <trkpt lat="51.951278916" lon="4.142978737" />
      <trkpt lat="51.951539830" lon="4.137231154" />
      <trkpt lat="51.956812183" lon="4.137047146" />
      <trkpt lat="51.958125569" lon="4.133540704" />
      <trkpt lat="51.954851306" lon="4.133565489" />
      <trkpt lat="51.954192472" lon="4.132572095" />
      <trkpt lat="51.951202038" lon="4.132573787" />
      <trkpt lat="51.950422105" lon="4.131228867" />
      <trkpt lat="51.943070492" lon="4.131654930" />
      <trkpt lat="51.943021926" lon="4.127149086" />
      <trkpt lat="51.946214454" lon="4.127144569" />
      <trkpt lat="51.946664347" lon="4.127641956" />
      <trkpt lat="51.948209266" lon="4.127528666" />
      <trkpt lat="51.948177472" lon="4.123905050" />
      <trkpt lat="51.950808780" lon="4.124053599" />
      <trkpt lat="51.952108577" lon="4.125025135" />
      <trkpt lat="51.955881022" lon="4.125559459" />
      <trkpt lat="51.957117526" lon="4.123830567" />
      <trkpt lat="51.960772862" lon="4.122658567" />
      <trkpt lat="51.961443610" lon="4.120838086" />
      <trkpt lat="51.962906725" lon="4.121692314" />
      <trkpt lat="51.967143507" lon="4.106321358" />
      <trkpt lat="51.966825453" lon="4.106440544" />
      <trkpt lat="51.966825106" lon="4.106397629" />
      <trkpt lat="51.967036994" lon="4.106397629" />
      <trkpt lat="51.973302687" lon="4.111547470" />
      <trkpt lat="51.972221184" lon="4.115109444" />
    </trkseg>
  </trk>
  <wpt lat="51.942851423" lon="4.166194006">
    <name>Hoek van Holland</name>
    <desc>Oproepnaam: Sector Rozenburg
Type: vts
VHF-kanaal: 65
Gebruik: report
Telefoon: +31102522801
Bron/info: https://www.binnenvaartkennis.nl/wp-content/uploads/2021/01/Rotterdam.pdf</desc>
    <link href="https://www.binnenvaartkennis.nl/wp-content/uploads/2021/01/Rotterdam.pdf">
      <text>https://www.binnenvaartkennis.nl/wp-content/uploads/2021/01/Rotterdam.pdf</text>
    </link>
    <link href="tel:+31102522801">
      <text>tel:+31102522801</text>
    </link>
    <sym>vhf_unknown_65</sym>
    <type>WPT</type>
    <extensions>
      <opencpn:viz>1</opencpn:viz>
      <opencpn:viz_name>0</opencpn:viz_name>
      <opencpn:scale_min_max UseScale="false" ScaleMin="2147483646" ScaleMax="0" />
    </extensions>
  </wpt>
  <trk>
    <name>VHF 2 - Hoek van Holland</name>
    <desc>Oproepnaam: Sector Pilot Maas
Type: vts
VHF-kanaal: 2
Gebruik: report
Telefoon: +31102522801
Bron/info: https://www.portofrotterdam.com/sites/default/files/2022-07/procedure-VHF-communication-VTS-HCC-2022-English.pdf</desc>
    <extensions>
      <opencpn:viz>1</opencpn:viz>
      <opencpn:style width="7" style="101" />
      <gpxx:TrackExtension>
        <gpxx:DisplayColor>Red</gpxx:DisplayColor>
      </gpxx:TrackExtension>
    </extensions>
    <trkseg>
      <trkpt lat="52.014758873" lon="3.968995862" />
      <trkpt lat="52.119722200" lon="4.001388889" />
      <trkpt lat="52.118055600" lon="3.637500000" />
      <trkpt lat="52.083888900" lon="3.577777778" />
      <trkpt lat="51.937777800" lon="3.594444444" />
      <trkpt lat="51.951944400" lon="3.667500000" />
      <trkpt lat="51.964054477" lon="3.882495442" />
      <trkpt lat="52.014758873" lon="3.968995862" />
    </trkseg>
  </trk>
  <wpt lat="52.040363325" lon="3.774769165">
    <name>Hoek van Holland</name>
    <desc>Oproepnaam: Sector Pilot Maas
Type: vts
VHF-kanaal: 2
Gebruik: report
Telefoon: +31102522801
Bron/info: https://www.portofrotterdam.com/sites/default/files/2022-07/procedure-VHF-communication-VTS-HCC-2022-English.pdf</desc>
    <link href="https://www.portofrotterdam.com/sites/default/files/2022-07/procedure-VHF-communication-VTS-HCC-2022-English.pdf">
      <text>https://www.portofrotterdam.com/sites/default/files/2022-07/procedure-VHF-communication-VTS-HCC-2022-English.pdf</text>
    </link>
    <link href="tel:+31102522801">
      <text>tel:+31102522801</text>
    </link>
    <sym>vhf_unknown_2</sym>
    <type>WPT</type>
    <extensions>
      <opencpn:viz>1</opencpn:viz>
      <opencpn:viz_name>0</opencpn:viz_name>
      <opencpn:scale_min_max UseScale="false" ScaleMin="2147483646" ScaleMax="0" />
    </extensions>
  </wpt>
  <wpt lat="51.983263900" lon="3.662500000">
    <name>Hoek van Holland</name>
    <desc>Oproepnaam: Sector Pilot Maas
Type: vts
VHF-kanaal: 2
Gebruik: report
Telefoon: +31102522801
Bron/info: https://www.portofrotterdam.com/sites/default/files/2022-07/procedure-VHF-communication-VTS-HCC-2022-English.pdf</desc>
    <link href="https://www.portofrotterdam.com/sites/default/files/2022-07/procedure-VHF-communication-VTS-HCC-2022-English.pdf">
      <text>https://www.portofrotterdam.com/sites/default/files/2022-07/procedure-VHF-communication-VTS-HCC-2022-English.pdf</text>
    </link>
    <link href="tel:+31102522801">
      <text>tel:+31102522801</text>
    </link>
    <sym>vhf_unknown_2</sym>
    <type>WPT</type>
    <extensions>
      <opencpn:viz>1</opencpn:viz>
      <opencpn:viz_name>0</opencpn:viz_name>
      <opencpn:scale_min_max UseScale="false" ScaleMin="2147483646" ScaleMax="0" />
    </extensions>
  </wpt>
  <wpt lat="52.028750000" lon="3.916666667">
    <name>Hoek van Holland</name>
    <desc>Oproepnaam: Sector Pilot Maas
Type: vts
VHF-kanaal: 2
Gebruik: report
Telefoon: +31102522801
Bron/info: https://www.portofrotterdam.com/sites/default/files/2022-07/procedure-VHF-communication-VTS-HCC-2022-English.pdf</desc>
    <link href="https://www.portofrotterdam.com/sites/default/files/2022-07/procedure-VHF-communication-VTS-HCC-2022-English.pdf">
      <text>https://www.portofrotterdam.com/sites/default/files/2022-07/procedure-VHF-communication-VTS-HCC-2022-English.pdf</text>
    </link>
    <link href="tel:+31102522801">
      <text>tel:+31102522801</text>
    </link>
    <sym>vhf_unknown_2</sym>
    <type>WPT</type>
    <extensions>
      <opencpn:viz>1</opencpn:viz>
      <opencpn:viz_name>0</opencpn:viz_name>
      <opencpn:scale_min_max UseScale="false" ScaleMin="2147483646" ScaleMax="0" />
    </extensions>
  </wpt>
  <trk>
    <name>VHF 84 - Havendienst Makkum</name>
    <desc>Oproepnaam: Havendienst Makkum
Type: marina
VHF-kanaal: 84
Gebruik: announce
Opmerking: Buitenhaven
Bron/info: https://dehavengids.nl/wordpress/havens/makkum-gemeentehaven/</desc>
    <extensions>
      <opencpn:viz>1</opencpn:viz>
      <opencpn:style width="4" style="101" />
      <gpxx:TrackExtension>
        <gpxx:DisplayColor>Green</gpxx:DisplayColor>
      </gpxx:TrackExtension>
    </extensions>
    <trkseg>
      <trkpt lat="53.052770984" lon="5.402011871" />
      <trkpt lat="53.052977347" lon="5.403149128" />
      <trkpt lat="53.054550838" lon="5.402140617" />
      <trkpt lat="53.054924856" lon="5.400917530" />
      <trkpt lat="53.056859380" lon="5.399029255" />
      <trkpt lat="53.056485379" lon="5.397677422" />
      <trkpt lat="53.054834576" lon="5.398428440" />
      <trkpt lat="53.054782987" lon="5.399587154" />
      <trkpt lat="53.054370276" lon="5.400252342" />
      <trkpt lat="53.053776997" lon="5.401067734" />
      <trkpt lat="53.053067631" lon="5.401754379" />
      <trkpt lat="53.052770984" lon="5.402011871" />
    </trkseg>
  </trk>
  <wpt lat="53.054884757" lon="5.400262451">
    <name>Havendienst Makkum</name>
    <desc>Oproepnaam: Havendienst Makkum
Type: marina
VHF-kanaal: 84
Gebruik: announce
Opmerking: Buitenhaven
Bron/info: https://dehavengids.nl/wordpress/havens/makkum-gemeentehaven/</desc>
    <link href="https://dehavengids.nl/wordpress/havens/makkum-gemeentehaven/">
      <text>https://dehavengids.nl/wordpress/havens/makkum-gemeentehaven/</text>
    </link>
    <sym>vhf_unknown_84</sym>
    <type>WPT</type>
    <extensions>
      <opencpn:viz>1</opencpn:viz>
      <opencpn:viz_name>0</opencpn:viz_name>
      <opencpn:scale_min_max UseScale="false" ScaleMin="2147483646" ScaleMax="0" />
    </extensions>
  </wpt>
  <trk>
    <name>VHF 11 - Havendienst Den Oever</name>
    <desc>Oproepnaam: Havendienst Den Oever
Type: marina
VHF-kanaal: 11
Gebruik: report</desc>
    <extensions>
      <opencpn:viz>1</opencpn:viz>
      <opencpn:style width="4" style="101" />
      <gpxx:TrackExtension>
        <gpxx:DisplayColor>Green</gpxx:DisplayColor>
      </gpxx:TrackExtension>
    </extensions>
    <trkseg>
      <trkpt lat="52.938125408" lon="5.035407543" />
      <trkpt lat="52.938474572" lon="5.033841133" />
      <trkpt lat="52.939845336" lon="5.036716461" />
      <trkpt lat="52.940879845" lon="5.035214424" />
      <trkpt lat="52.942690178" lon="5.030751228" />
      <trkpt lat="52.940802258" lon="5.028862953" />
      <trkpt lat="52.938707346" lon="5.032553673" />
      <trkpt lat="52.937129630" lon="5.031051636" />
      <trkpt lat="52.932784146" lon="5.037703514" />
      <trkpt lat="52.934103357" lon="5.040106773" />
      <trkpt lat="52.937440005" lon="5.035235882" />
      <trkpt lat="52.938125408" lon="5.035407543" />
    </trkseg>
  </trk>
  <wpt lat="52.937877263" lon="5.034185057">
    <name>Havendienst Den Oever</name>
    <desc>Oproepnaam: Havendienst Den Oever
Type: marina
VHF-kanaal: 11
Gebruik: report</desc>
    <link href="https://">
      <text>https://</text>
    </link>
    <sym>vhf_unknown_11</sym>
    <type>WPT</type>
    <extensions>
      <opencpn:viz>1</opencpn:viz>
      <opencpn:viz_name>0</opencpn:viz_name>
      <opencpn:scale_min_max UseScale="false" ScaleMin="2147483646" ScaleMax="0" />
    </extensions>
  </wpt>
  <trk>
    <name>VHF 80 - Rotterdam</name>
    <desc>Oproepnaam: Sector Maassluis
Type: vts
VHF-kanaal: 80
Gebruik: report
Telefoon: +31102522601
Bron/info: https://www.binnenvaartkennis.nl/wp-content/uploads/2021/01/Rotterdam.pdf</desc>
    <extensions>
      <opencpn:viz>1</opencpn:viz>
      <opencpn:style width="7" style="101" />
      <gpxx:TrackExtension>
        <gpxx:DisplayColor>Red</gpxx:DisplayColor>
      </gpxx:TrackExtension>
    </extensions>
    <trkseg>
      <trkpt lat="51.967307078" lon="4.145951023" />
      <trkpt lat="51.963131807" lon="4.139674886" />
      <trkpt lat="51.954321677" lon="4.157087597" />
      <trkpt lat="51.954368431" lon="4.159695230" />
      <trkpt lat="51.952239234" lon="4.163976407" />
      <trkpt lat="51.950846851" lon="4.164249091" />
      <trkpt lat="51.944681276" lon="4.176468318" />
      <trkpt lat="51.940752590" lon="4.184265720" />
      <trkpt lat="51.935835760" lon="4.197888931" />
      <trkpt lat="51.931907232" lon="4.209399629" />
      <trkpt lat="51.928540779" lon="4.217433014" />
      <trkpt lat="51.925163813" lon="4.222879415" />
      <trkpt lat="51.919893355" lon="4.226116317" />
      <trkpt lat="51.916635162" lon="4.229850494" />
      <trkpt lat="51.913404284" lon="4.235852865" />
      <trkpt lat="51.913716682" lon="4.237748102" />
      <trkpt lat="51.912133719" lon="4.243318887" />
      <trkpt lat="51.910937970" lon="4.243019316" />
      <trkpt lat="51.910783070" lon="4.245138771" />
      <trkpt lat="51.908133209" lon="4.253504413" />
      <trkpt lat="51.904010565" lon="4.263811111" />
      <trkpt lat="51.907876201" lon="4.268059731" />
      <trkpt lat="51.913250663" lon="4.254496815" />
      <trkpt lat="51.915718030" lon="4.245702142" />
      <trkpt lat="51.916898182" lon="4.243119511" />
      <trkpt lat="51.919367869" lon="4.238393139" />
      <trkpt lat="51.929139650" lon="4.227807725" />
      <trkpt lat="51.932942566" lon="4.221523456" />
      <trkpt lat="51.936824076" lon="4.212682364" />
      <trkpt lat="51.941410960" lon="4.199486659" />
      <trkpt lat="51.945797583" lon="4.188054626" />
      <trkpt lat="51.952072197" lon="4.175097695" />
      <trkpt lat="51.953216798" lon="4.172741651" />
      <trkpt lat="51.953266730" lon="4.172737877" />
      <trkpt lat="51.953289042" lon="4.172773261" />
      <trkpt lat="51.953310162" lon="4.172877449" />
      <trkpt lat="51.953805901" lon="4.173528362" />
      <trkpt lat="51.954191458" lon="4.172840650" />
      <trkpt lat="51.954144078" lon="4.172374694" />
      <trkpt lat="51.953533128" lon="4.172454291" />
      <trkpt lat="51.953474423" lon="4.172554316" />
      <trkpt lat="51.953404314" lon="4.172553498" />
      <trkpt lat="51.953371785" lon="4.172513302" />
      <trkpt lat="51.953370540" lon="4.172422222" />
      <trkpt lat="51.954823317" lon="4.169769829" />
      <trkpt lat="51.954716855" lon="4.167574383" />
      <trkpt lat="51.956885536" lon="4.163217080" />
      <trkpt lat="51.958409284" lon="4.162947036" />
      <trkpt lat="51.967307078" lon="4.145951023" />
    </trkseg>
  </trk>
  <wpt lat="51.935593054" lon="4.203461455">
    <name>Rotterdam</name>
    <desc>Oproepnaam: Sector Maassluis
Type: vts
VHF-kanaal: 80
Gebruik: report
Telefoon: +31102522601
Bron/info: https://www.binnenvaartkennis.nl/wp-content/uploads/2021/01/Rotterdam.pdf</desc>
    <link href="https://www.binnenvaartkennis.nl/wp-content/uploads/2021/01/Rotterdam.pdf">
      <text>https://www.binnenvaartkennis.nl/wp-content/uploads/2021/01/Rotterdam.pdf</text>
    </link>
    <link href="tel:+31102522601">
      <text>tel:+31102522601</text>
    </link>
    <sym>vhf_unknown_80</sym>
    <type>WPT</type>
    <extensions>
      <opencpn:viz>1</opencpn:viz>
      <opencpn:viz_name>0</opencpn:viz_name>
      <opencpn:scale_min_max UseScale="false" ScaleMin="2147483646" ScaleMax="0" />
    </extensions>
  </wpt>
  <trk>
    <name>VHF 20 - Brug Groenewoud</name>
    <desc>Type: bridge
VHF-kanaal: 20
Gebruik: announce
Telefoon: +31 (0)88 7974825
Bron/info: https://waterkaart.net/gids/brug.php?naam=Brug-Groenewoud</desc>
    <extensions>
      <opencpn:viz>1</opencpn:viz>
      <opencpn:style width="5" style="101" />
      <gpxx:TrackExtension>
        <gpxx:DisplayColor>Cyan</gpxx:DisplayColor>
      </gpxx:TrackExtension>
    </extensions>
    <trkseg>
      <trkpt lat="51.498928704" lon="5.270682871" />
      <trkpt lat="51.499027219" lon="5.270674825" />
      <trkpt lat="51.499025549" lon="5.270766020" />
      <trkpt lat="51.498927034" lon="5.270763338" />
      <trkpt lat="51.498928704" lon="5.270682871" />
    </trkseg>
  </trk>
  <wpt lat="51.498969010" lon="5.270720815">
    <name>Brug Groenewoud</name>
    <desc>Type: bridge
VHF-kanaal: 20
Gebruik: announce
Telefoon: +31 (0)88 7974825
Bron/info: https://waterkaart.net/gids/brug.php?naam=Brug-Groenewoud</desc>
    <link href="https://waterkaart.net/gids/brug.php?naam=Brug-Groenewoud">
      <text>https://waterkaart.net/gids/brug.php?naam=Brug-Groenewoud</text>
    </link>
    <link href="tel:+310887974825">
      <text>tel:+310887974825</text>
    </link>
    <sym>vhf_unknown_20</sym>
    <type>WPT</type>
    <extensions>
      <opencpn:viz>1</opencpn:viz>
      <opencpn:viz_name>0</opencpn:viz_name>
      <opencpn:scale_min_max UseScale="false" ScaleMin="2147483646" ScaleMax="0" />
    </extensions>
  </wpt>
  <trk>
    <name>VHF 20 - Stevinsluis</name>
    <desc>Type: lock
VHF-kanaal: 20
Gebruik: report
Telefoon: +31887974540
Bron/info: https://waterkaart.net/gids/sluis.php?naam=Stevinsluis</desc>
    <extensions>
      <opencpn:viz>1</opencpn:viz>
      <opencpn:style width="5" style="101" />
      <gpxx:TrackExtension>
        <gpxx:DisplayColor>Blue</gpxx:DisplayColor>
      </gpxx:TrackExtension>
    </extensions>
    <trkseg>
      <trkpt lat="52.930226131" lon="5.047716383" />
      <trkpt lat="52.931364185" lon="5.046274389" />
      <trkpt lat="52.931274609" lon="5.046076247" />
      <trkpt lat="52.930148907" lon="5.047531904" />
      <trkpt lat="52.930226131" lon="5.047716383" />
    </trkseg>
  </trk>
  <wpt lat="52.930763384" lon="5.046887904">
    <name>Stevinsluis</name>
    <desc>Type: lock
VHF-kanaal: 20
Gebruik: report
Telefoon: +31887974540
Bron/info: https://waterkaart.net/gids/sluis.php?naam=Stevinsluis</desc>
    <link href="https://waterkaart.net/gids/sluis.php?naam=Stevinsluis">
      <text>https://waterkaart.net/gids/sluis.php?naam=Stevinsluis</text>
    </link>
    <link href="tel:+31887974540">
      <text>tel:+31887974540</text>
    </link>
    <sym>vhf_unknown_20</sym>
    <type>WPT</type>
    <extensions>
      <opencpn:viz>1</opencpn:viz>
      <opencpn:viz_name>0</opencpn:viz_name>
      <opencpn:scale_min_max UseScale="false" ScaleMin="2147483646" ScaleMax="0" />
    </extensions>
  </wpt>
  <trk>
    <name>VHF 20 - Brug Biesthoutakker</name>
    <desc>Type: bridge
VHF-kanaal: 20
Gebruik: announce
Telefoon: +31 (0)88 7974825
Bron/info: https://waterkaart.net/gids/brug.php?naam=Brug-Holenakker</desc>
    <extensions>
      <opencpn:viz>1</opencpn:viz>
      <opencpn:style width="5" style="101" />
      <gpxx:TrackExtension>
        <gpxx:DisplayColor>Cyan</gpxx:DisplayColor>
      </gpxx:TrackExtension>
    </extensions>
    <trkseg>
      <trkpt lat="51.518293730" lon="5.149393380" />
      <trkpt lat="51.518365499" lon="5.149511397" />
      <trkpt lat="51.518297068" lon="5.149618685" />
      <trkpt lat="51.518226968" lon="5.149503350" />
      <trkpt lat="51.518293730" lon="5.149393380" />
    </trkseg>
  </trk>
  <wpt lat="51.518325616" lon="5.149509461">
    <name>Brug Biesthoutakker</name>
    <desc>Type: bridge
VHF-kanaal: 20
Gebruik: announce
Telefoon: +31 (0)88 7974825
Bron/info: https://waterkaart.net/gids/brug.php?naam=Brug-Holenakker</desc>
    <link href="https://waterkaart.net/gids/brug.php?naam=Brug-Holenakker">
      <text>https://waterkaart.net/gids/brug.php?naam=Brug-Holenakker</text>
    </link>
    <link href="tel:+310887974825">
      <text>tel:+310887974825</text>
    </link>
    <sym>vhf_unknown_20</sym>
    <type>WPT</type>
    <extensions>
      <opencpn:viz>1</opencpn:viz>
      <opencpn:viz_name>0</opencpn:viz_name>
      <opencpn:scale_min_max UseScale="false" ScaleMin="2147483646" ScaleMax="0" />
    </extensions>
  </wpt>
  <trk>
    <name>VHF 71 - Verkeerspost Dordrecht</name>
    <desc>Oproepnaam: Overnachtingshaven Dordtsche Kil
Type: marina
VHF-kanaal: 71
Gebruik: announce
Opmerking: Only for berth request
Telefoon: +31887970800
Bron/info: https://varendoejesamen.nl/storage/app/media/downloads/Marifoonblokkanalen-regio-zuid-holland.pdf</desc>
    <extensions>
      <opencpn:viz>1</opencpn:viz>
      <opencpn:style width="4" style="101" />
      <gpxx:TrackExtension>
        <gpxx:DisplayColor>Green</gpxx:DisplayColor>
      </gpxx:TrackExtension>
    </extensions>
    <trkseg>
      <trkpt lat="51.762102966" lon="4.624493122" />
      <trkpt lat="51.759805337" lon="4.625222683" />
      <trkpt lat="51.757999026" lon="4.625802040" />
      <trkpt lat="51.755462100" lon="4.626939297" />
      <trkpt lat="51.754611998" lon="4.627132416" />
      <trkpt lat="51.754532301" lon="4.626681805" />
      <trkpt lat="51.756803633" lon="4.624986649" />
      <trkpt lat="51.759287358" lon="4.623699188" />
      <trkpt lat="51.760814714" lon="4.623227119" />
      <trkpt lat="51.761558451" lon="4.623248577" />
      <trkpt lat="51.762142808" lon="4.623463154" />
      <trkpt lat="51.762102966" lon="4.624493122" />
    </trkseg>
  </trk>
  <wpt lat="51.758700567" lon="4.624927381">
    <name>Verkeerspost Dordrecht</name>
    <desc>Oproepnaam: Overnachtingshaven Dordtsche Kil
Type: marina
VHF-kanaal: 71
Gebruik: announce
Opmerking: Only for berth request
Telefoon: +31887970800
Bron/info: https://varendoejesamen.nl/storage/app/media/downloads/Marifoonblokkanalen-regio-zuid-holland.pdf</desc>
    <link href="https://varendoejesamen.nl/storage/app/media/downloads/Marifoonblokkanalen-regio-zuid-holland.pdf">
      <text>https://varendoejesamen.nl/storage/app/media/downloads/Marifoonblokkanalen-regio-zuid-holland.pdf</text>
    </link>
    <link href="tel:+31887970800">
      <text>tel:+31887970800</text>
    </link>
    <sym>vhf_unknown_71</sym>
    <type>WPT</type>
    <extensions>
      <opencpn:viz>1</opencpn:viz>
      <opencpn:viz_name>0</opencpn:viz_name>
      <opencpn:scale_min_max UseScale="false" ScaleMin="2147483646" ScaleMax="0" />
    </extensions>
  </wpt>
  <trk>
    <name>VHF 22 - Zeesluis IJmuiden</name>
    <desc>Type: lock
VHF-kanaal: 22
Gebruik: announce
Telefoon: +31255514457</desc>
    <extensions>
      <opencpn:viz>1</opencpn:viz>
      <opencpn:style width="5" style="101" />
      <gpxx:TrackExtension>
        <gpxx:DisplayColor>Blue</gpxx:DisplayColor>
      </gpxx:TrackExtension>
    </extensions>
    <trkseg>
      <trkpt lat="52.467908741" lon="4.605895389" />
      <trkpt lat="52.467442271" lon="4.605730570" />
      <trkpt lat="52.467358994" lon="4.606112705" />
      <trkpt lat="52.466476666" lon="4.605974301" />
      <trkpt lat="52.466443385" lon="4.596939558" />
      <trkpt lat="52.465312454" lon="4.597051236" />
      <trkpt lat="52.465046529" lon="4.590587267" />
      <trkpt lat="52.463883892" lon="4.590484434" />
      <trkpt lat="52.463883892" lon="4.592365459" />
      <trkpt lat="52.464382008" lon="4.592308691" />
      <trkpt lat="52.465013293" lon="4.596942792" />
      <trkpt lat="52.465694839" lon="4.600788462" />
      <trkpt lat="52.466143903" lon="4.600760993" />
      <trkpt lat="52.466276995" lon="4.605837414" />
      <trkpt lat="52.465412194" lon="4.613256195" />
      <trkpt lat="52.465179483" lon="4.613336716" />
      <trkpt lat="52.465212724" lon="4.614318942" />
      <trkpt lat="52.466559873" lon="4.614327245" />
      <trkpt lat="52.466792887" lon="4.611653310" />
      <trkpt lat="52.467558869" lon="4.611738967" />
      <trkpt lat="52.467908741" lon="4.605895389" />
    </trkseg>
  </trk>
  <wpt lat="52.465896316" lon="4.597637277">
    <name>Zeesluis IJmuiden</name>
    <desc>Type: lock
VHF-kanaal: 22
Gebruik: announce
Telefoon: +31255514457</desc>
    <link href="tel:+31255514457">
      <text>tel:+31255514457</text>
    </link>
    <sym>vhf_unknown_22</sym>
    <type>WPT</type>
    <extensions>
      <opencpn:viz>1</opencpn:viz>
      <opencpn:viz_name>0</opencpn:viz_name>
      <opencpn:scale_min_max UseScale="false" ScaleMin="2147483646" ScaleMax="0" />
    </extensions>
  </wpt>
  <trk>
    <name>VHF 4 - Post Nijmegen</name>
    <desc>Oproepnaam: Sector Nijmegen
Type: vts
VHF-kanaal: 4
Gebruik: listen
Telefoon: +31 88 797 41 70
Bron/info: https://www.varendoejesamen.nl/nieuws/1-juni-2016-krijgt-vts-sector-millingen-een-eigen-marifoonkanaal-vhf5</desc>
    <extensions>
      <opencpn:viz>1</opencpn:viz>
      <opencpn:style width="7" style="101" />
      <gpxx:TrackExtension>
        <gpxx:DisplayColor>Red</gpxx:DisplayColor>
      </gpxx:TrackExtension>
    </extensions>
    <trkseg>
      <trkpt lat="51.879216010" lon="5.785686240" />
      <trkpt lat="51.879460364" lon="5.783966364" />
      <trkpt lat="51.875818288" lon="5.783082795" />
      <trkpt lat="51.875598160" lon="5.783793036" />
      <trkpt lat="51.875785670" lon="5.785250567" />
      <trkpt lat="51.875753100" lon="5.785484648" />
      <trkpt lat="51.875589240" lon="5.785953383" />
      <trkpt lat="51.875328170" lon="5.787915437" />
      <trkpt lat="51.875453090" lon="5.788245005" />
      <trkpt lat="51.875092010" lon="5.790090565" />
      <trkpt lat="51.875070950" lon="5.790863873" />
      <trkpt lat="51.875049140" lon="5.791088545" />
      <trkpt lat="51.874821510" lon="5.791462173" />
      <trkpt lat="51.874545210" lon="5.793537802" />
      <trkpt lat="51.874761620" lon="5.793952446" />
      <trkpt lat="51.874361420" lon="5.794230715" />
      <trkpt lat="51.873996470" lon="5.795564766" />
      <trkpt lat="51.873957670" lon="5.796409583" />
      <trkpt lat="51.874348930" lon="5.796910766" />
      <trkpt lat="51.873890450" lon="5.797787971" />
      <trkpt lat="51.873695960" lon="5.799176152" />
      <trkpt lat="51.873806680" lon="5.799510241" />
      <trkpt lat="51.873196850" lon="5.799449024" />
      <trkpt lat="51.873120760" lon="5.799703708" />
      <trkpt lat="51.873715340" lon="5.800264029" />
      <trkpt lat="51.873660640" lon="5.800664471" />
      <trkpt lat="51.873458840" lon="5.800552937" />
      <trkpt lat="51.873349040" lon="5.800800703" />
      <trkpt lat="51.873177420" lon="5.802193945" />
      <trkpt lat="51.873200170" lon="5.802557588" />
      <trkpt lat="51.873031850" lon="5.802888187" />
      <trkpt lat="51.872634530" lon="5.803656952" />
      <trkpt lat="51.872232870" lon="5.805362310" />
      <trkpt lat="51.872167290" lon="5.805553940" />
      <trkpt lat="51.871792640" lon="5.805928629" />
      <trkpt lat="51.871164430" lon="5.807977737" />
      <trkpt lat="51.871294150" lon="5.808751178" />
      <trkpt lat="51.870427600" lon="5.810304816" />
      <trkpt lat="51.870256960" lon="5.811007349" />
      <trkpt lat="51.870119850" lon="5.812078728" />
      <trkpt lat="51.869769680" lon="5.812738851" />
      <trkpt lat="51.869345340" lon="5.814181301" />
      <trkpt lat="51.869291600" lon="5.814402218" />
      <trkpt lat="51.868770610" lon="5.815012161" />
      <trkpt lat="51.868454770" lon="5.816385014" />
      <trkpt lat="51.867845600" lon="5.817681746" />
      <trkpt lat="51.867771840" lon="5.817843526" />
      <trkpt lat="51.867322950" lon="5.819247777" />
      <trkpt lat="51.867415010" lon="5.820524103" />
      <trkpt lat="51.866321090" lon="5.822748596" />
      <trkpt lat="51.865174760" lon="5.824246169" />
      <trkpt lat="51.864815750" lon="5.824268043" />
      <trkpt lat="51.864260680" lon="5.823967450" />
      <trkpt lat="51.863670230" lon="5.824377120" />
      <trkpt lat="51.862820720" lon="5.825717575" />
      <trkpt lat="51.860772000" lon="5.825860801" />
      <trkpt lat="51.858791910" lon="5.824690828" />
      <trkpt lat="51.858708060" lon="5.824980893" />
      <trkpt lat="51.856445780" lon="5.823278922" />
      <trkpt lat="51.855895254" lon="5.822864670" />
      <trkpt lat="51.855376960" lon="5.824916881" />
      <trkpt lat="51.855882510" lon="5.825447383" />
      <trkpt lat="51.858240880" lon="5.827498113" />
      <trkpt lat="51.857137520" lon="5.831933829" />
      <trkpt lat="51.857315720" lon="5.832046725" />
      <trkpt lat="51.857376560" lon="5.831805534" />
      <trkpt lat="51.857557070" lon="5.831949750" />
      <trkpt lat="51.857698890" lon="5.831721319" />
      <trkpt lat="51.859625280" lon="5.827918090" />
      <trkpt lat="51.860030450" lon="5.827802993" />
      <trkpt lat="51.860369450" lon="5.828053436" />
      <trkpt lat="51.862293010" lon="5.827515760" />
      <trkpt lat="51.862648390" lon="5.827561878" />
      <trkpt lat="51.863174950" lon="5.828074360" />
      <trkpt lat="51.863642430" lon="5.828034836" />
      <trkpt lat="51.862514820" lon="5.830199618" />
      <trkpt lat="51.862081440" lon="5.829869663" />
      <trkpt lat="51.861396210" lon="5.830744133" />
      <trkpt lat="51.860916570" lon="5.831835084" />
      <trkpt lat="51.860787220" lon="5.831926512" />
      <trkpt lat="51.859952010" lon="5.832280913" />
      <trkpt lat="51.859706500" lon="5.834035997" />
      <trkpt lat="51.859565140" lon="5.834088798" />
      <trkpt lat="51.859427240" lon="5.834378414" />
      <trkpt lat="51.859177670" lon="5.834377907" />
      <trkpt lat="51.859237340" lon="5.834797000" />
      <trkpt lat="51.858623830" lon="5.836279029" />
      <trkpt lat="51.858545360" lon="5.836809618" />
      <trkpt lat="51.857915290" lon="5.838044104" />
      <trkpt lat="51.857663280" lon="5.838507676" />
      <trkpt lat="51.856466290" lon="5.841602914" />
      <trkpt lat="51.855525000" lon="5.843285481" />
      <trkpt lat="51.854729580" lon="5.845464836" />
      <trkpt lat="51.852349470" lon="5.850523749" />
      <trkpt lat="51.852450220" lon="5.850940320" />
      <trkpt lat="51.852246140" lon="5.850925226" />
      <trkpt lat="51.851454230" lon="5.853183456" />
      <trkpt lat="51.851609770" lon="5.853466439" />
      <trkpt lat="51.851026290" lon="5.853594747" />
      <trkpt lat="51.850861490" lon="5.853397145" />
      <trkpt lat="51.850642690" lon="5.854247257" />
      <trkpt lat="51.851042550" lon="5.854232312" />
      <trkpt lat="51.851305070" lon="5.854533257" />
      <trkpt lat="51.851370770" lon="5.854924267" />
      <trkpt lat="51.850936130" lon="5.855635692" />
      <trkpt lat="51.849354790" lon="5.869538184" />
      <trkpt lat="51.849112680" lon="5.869499537" />
      <trkpt lat="51.848908060" lon="5.871650146" />
      <trkpt lat="51.848988140" lon="5.871853643" />
      <trkpt lat="51.849451590" lon="5.871765111" />
      <trkpt lat="51.849597230" lon="5.871551806" />
      <trkpt lat="51.849708110" lon="5.873014951" />
      <trkpt lat="51.849218320" lon="5.873618991" />
      <trkpt lat="51.849369400" lon="5.874131062" />
      <trkpt lat="51.849729660" lon="5.873916259" />
      <trkpt lat="51.849946320" lon="5.874100822" />
      <trkpt lat="51.850707390" lon="5.875534249" />
      <trkpt lat="51.851109370" lon="5.875498800" />
      <trkpt lat="51.850997590" lon="5.875811409" />
      <trkpt lat="51.851062810" lon="5.876437584" />
      <trkpt lat="51.851110960" lon="5.876757822" />
      <trkpt lat="51.851784320" lon="5.877721493" />
      <trkpt lat="51.852159770" lon="5.877632418" />
      <trkpt lat="51.852201260" lon="5.878010927" />
      <trkpt lat="51.853232890" lon="5.879310362" />
      <trkpt lat="51.853401230" lon="5.879496120" />
      <trkpt lat="51.853889660" lon="5.880349877" />
      <trkpt lat="51.854716590" lon="5.880855289" />
      <trkpt lat="51.854943400" lon="5.881110125" />
      <trkpt lat="51.855879460" lon="5.881951767" />
      <trkpt lat="51.856210600" lon="5.882014285" />
      <trkpt lat="51.856397720" lon="5.882202885" />
      <trkpt lat="51.857263150" lon="5.883044583" />
      <trkpt lat="51.857611130" lon="5.883063501" />
      <trkpt lat="51.857764090" lon="5.883128826" />
      <trkpt lat="51.858797920" lon="5.884170389" />
      <trkpt lat="51.859216850" lon="5.884302663" />
      <trkpt lat="51.859350830" lon="5.884442647" />
      <trkpt lat="51.860314300" lon="5.885525162" />
      <trkpt lat="51.860836200" lon="5.885702146" />
      <trkpt lat="51.860939150" lon="5.885842783" />
      <trkpt lat="51.861762610" lon="5.886860470" />
      <trkpt lat="51.863276097" lon="5.888633336" />
      <trkpt lat="51.865684675" lon="5.883626618" />
      <trkpt lat="51.862957700" lon="5.881508108" />
      <trkpt lat="51.862821630" lon="5.881344812" />
      <trkpt lat="51.862417360" lon="5.880951398" />
      <trkpt lat="51.861306190" lon="5.880154378" />
      <trkpt lat="51.861129390" lon="5.880054971" />
      <trkpt lat="51.859722180" lon="5.879050855" />
      <trkpt lat="51.859583600" lon="5.878998371" />
      <trkpt lat="51.858030040" lon="5.877904017" />
      <trkpt lat="51.857871480" lon="5.877809688" />
      <trkpt lat="51.856569080" lon="5.876822970" />
      <trkpt lat="51.856658540" lon="5.876106470" />
      <trkpt lat="51.856320860" lon="5.875463848" />
      <trkpt lat="51.855265630" lon="5.874904149" />
      <trkpt lat="51.855100880" lon="5.874739313" />
      <trkpt lat="51.854042730" lon="5.873267248" />
      <trkpt lat="51.853927520" lon="5.873011528" />
      <trkpt lat="51.853323670" lon="5.871221030" />
      <trkpt lat="51.853218040" lon="5.870958281" />
      <trkpt lat="51.852944430" lon="5.869277189" />
      <trkpt lat="51.852763470" lon="5.868633519" />
      <trkpt lat="51.852787970" lon="5.868396584" />
      <trkpt lat="51.852887260" lon="5.866716741" />
      <trkpt lat="51.852629420" lon="5.865515719" />
      <trkpt lat="51.852709330" lon="5.865182343" />
      <trkpt lat="51.853022440" lon="5.862718691" />
      <trkpt lat="51.852941030" lon="5.862352687" />
      <trkpt lat="51.853175240" lon="5.862159256" />
      <trkpt lat="51.853393540" lon="5.861451079" />
      <trkpt lat="51.853405710" lon="5.861009625" />
      <trkpt lat="51.853229290" lon="5.860690607" />
      <trkpt lat="51.853525540" lon="5.859159541" />
      <trkpt lat="51.853472220" lon="5.858746428" />
      <trkpt lat="51.853804540" lon="5.857869454" />
      <trkpt lat="51.854113720" lon="5.856273865" />
      <trkpt lat="51.854087330" lon="5.855924418" />
      <trkpt lat="51.854191270" lon="5.855566516" />
      <trkpt lat="51.854099060" lon="5.855314999" />
      <trkpt lat="51.854876480" lon="5.853315867" />
      <trkpt lat="51.854875260" lon="5.853009409" />
      <trkpt lat="51.855229080" lon="5.852829628" />
      <trkpt lat="51.855418300" lon="5.852523483" />
      <trkpt lat="51.855233460" lon="5.851766005" />
      <trkpt lat="51.855901880" lon="5.850513278" />
      <trkpt lat="51.855859310" lon="5.850191683" />
      <trkpt lat="51.855955320" lon="5.849786381" />
      <trkpt lat="51.857010460" lon="5.848106202" />
      <trkpt lat="51.856929110" lon="5.847801450" />
      <trkpt lat="51.857464390" lon="5.847359518" />
      <trkpt lat="51.858110910" lon="5.845746859" />
      <trkpt lat="51.858007590" lon="5.845393730" />
      <trkpt lat="51.858735640" lon="5.844837618" />
      <trkpt lat="51.859245550" lon="5.843294667" />
      <trkpt lat="51.859520610" lon="5.843224452" />
      <trkpt lat="51.860126860" lon="5.842092431" />
      <trkpt lat="51.860445710" lon="5.841855733" />
      <trkpt lat="51.860453810" lon="5.841136440" />
      <trkpt lat="51.860537790" lon="5.841066293" />
      <trkpt lat="51.860911700" lon="5.840490458" />
      <trkpt lat="51.861420520" lon="5.839039156" />
      <trkpt lat="51.861643190" lon="5.839010067" />
      <trkpt lat="51.862099410" lon="5.838467646" />
      <trkpt lat="51.862667090" lon="5.836973525" />
      <trkpt lat="51.863174600" lon="5.837244411" />
      <trkpt lat="51.863491060" lon="5.837136746" />
      <trkpt lat="51.863655060" lon="5.837331594" />
      <trkpt lat="51.864342870" lon="5.836019773" />
      <trkpt lat="51.864008430" lon="5.835183058" />
      <trkpt lat="51.863945830" lon="5.834664894" />
      <trkpt lat="51.864790040" lon="5.832701975" />
      <trkpt lat="51.864906680" lon="5.832492410" />
      <trkpt lat="51.865509090" lon="5.831883860" />
      <trkpt lat="51.865748310" lon="5.831196093" />
      <trkpt lat="51.866253630" lon="5.830155623" />
      <trkpt lat="51.866842790" lon="5.828991133" />
      <trkpt lat="51.867126970" lon="5.828527005" />
      <trkpt lat="51.867485830" lon="5.828142906" />
      <trkpt lat="51.867787590" lon="5.827164473" />
      <trkpt lat="51.868088960" lon="5.826391590" />
      <trkpt lat="51.868508850" lon="5.825849624" />
      <trkpt lat="51.868875770" lon="5.824661166" />
      <trkpt lat="51.868731600" lon="5.824595368" />
      <trkpt lat="51.869303650" lon="5.824039044" />
      <trkpt lat="51.869526940" lon="5.823707125" />
      <trkpt lat="51.869923400" lon="5.822209182" />
      <trkpt lat="51.870180750" lon="5.821419222" />
      <trkpt lat="51.870841990" lon="5.821950765" />
      <trkpt lat="51.871259110" lon="5.821276591" />
      <trkpt lat="51.871298470" lon="5.819652216" />
      <trkpt lat="51.871529310" lon="5.818957552" />
      <trkpt lat="51.872185040" lon="5.817048183" />
      <trkpt lat="51.872254390" lon="5.816874364" />
      <trkpt lat="51.872727860" lon="5.816168032" />
      <trkpt lat="51.873171640" lon="5.814695255" />
      <trkpt lat="51.873263050" lon="5.813965800" />
      <trkpt lat="51.873326730" lon="5.813755078" />
      <trkpt lat="51.873737300" lon="5.814012936" />
      <trkpt lat="51.874211960" lon="5.812985566" />
      <trkpt lat="51.874179620" lon="5.811819234" />
      <trkpt lat="51.873710030" lon="5.811374878" />
      <trkpt lat="51.875015140" lon="5.807081867" />
      <trkpt lat="51.875358490" lon="5.807278243" />
      <trkpt lat="51.875609700" lon="5.806806263" />
      <trkpt lat="51.875816010" lon="5.805486868" />
      <trkpt lat="51.876079570" lon="5.805383862" />
      <trkpt lat="51.876289270" lon="5.804955219" />
      <trkpt lat="51.876454300" lon="5.803690656" />
      <trkpt lat="51.876397280" lon="5.803249236" />
      <trkpt lat="51.876655880" lon="5.802776231" />
      <trkpt lat="51.877114360" lon="5.800976695" />
      <trkpt lat="51.877142690" lon="5.800653528" />
      <trkpt lat="51.877347930" lon="5.799510905" />
      <trkpt lat="51.877263520" lon="5.798374829" />
      <trkpt lat="51.877595460" lon="5.798220703" />
      <trkpt lat="51.877685730" lon="5.797767279" />
      <trkpt lat="51.877650510" lon="5.796360482" />
      <trkpt lat="51.877797390" lon="5.796162148" />
      <trkpt lat="51.877883000" lon="5.795816404" />
      <trkpt lat="51.877869900" lon="5.794309873" />
      <trkpt lat="51.877958650" lon="5.794071504" />
      <trkpt lat="51.878103140" lon="5.793553439" />
      <trkpt lat="51.878149920" lon="5.792203443" />
      <trkpt lat="51.877769760" lon="5.791938321" />
      <trkpt lat="51.878539260" lon="5.786768635" />
      <trkpt lat="51.878985370" lon="5.786628853" />
      <trkpt lat="51.879216010" lon="5.785686240" />
    </trkseg>
  </trk>
  <wpt lat="51.864184212" lon="5.825303012">
    <name>Post Nijmegen</name>
    <desc>Oproepnaam: Sector Nijmegen
Type: vts
VHF-kanaal: 4
Gebruik: listen
Telefoon: +31 88 797 41 70
Bron/info: https://www.varendoejesamen.nl/nieuws/1-juni-2016-krijgt-vts-sector-millingen-een-eigen-marifoonkanaal-vhf5</desc>
    <link href="https://www.varendoejesamen.nl/nieuws/1-juni-2016-krijgt-vts-sector-millingen-een-eigen-marifoonkanaal-vhf5">
      <text>https://www.varendoejesamen.nl/nieuws/1-juni-2016-krijgt-vts-sector-millingen-een-eigen-marifoonkanaal-vhf5</text>
    </link>
    <link href="tel:+31887974170">
      <text>tel:+31887974170</text>
    </link>
    <sym>vhf_unknown_4</sym>
    <type>WPT</type>
    <extensions>
      <opencpn:viz>1</opencpn:viz>
      <opencpn:viz_name>0</opencpn:viz_name>
      <opencpn:scale_min_max UseScale="false" ScaleMin="2147483646" ScaleMax="0" />
    </extensions>
  </wpt>
  <trk>
    <name>VHF 20 - Brug Dr. Deelenlaan</name>
    <desc>Type: bridge
VHF-kanaal: 20
Gebruik: announce
Telefoon: +31 (0)88 7974825
Bron/info: https://waterkaart.net/gids/brug.php?naam=Brug-Dr.-Deelenlaan</desc>
    <extensions>
      <opencpn:viz>1</opencpn:viz>
      <opencpn:style width="5" style="101" />
      <gpxx:TrackExtension>
        <gpxx:DisplayColor>Cyan</gpxx:DisplayColor>
      </gpxx:TrackExtension>
    </extensions>
    <trkseg>
      <trkpt lat="51.578809736" lon="5.064048171" />
      <trkpt lat="51.578793068" lon="5.064174235" />
      <trkpt lat="51.578938082" lon="5.064201057" />
      <trkpt lat="51.578948083" lon="5.064085722" />
      <trkpt lat="51.578809736" lon="5.064048171" />
    </trkseg>
  </trk>
  <wpt lat="51.578840311" lon="5.064124394">
    <name>Brug Dr. Deelenlaan</name>
    <desc>Type: bridge
VHF-kanaal: 20
Gebruik: announce
Telefoon: +31 (0)88 7974825
Bron/info: https://waterkaart.net/gids/brug.php?naam=Brug-Dr.-Deelenlaan</desc>
    <link href="https://waterkaart.net/gids/brug.php?naam=Brug-Dr.-Deelenlaan">
      <text>https://waterkaart.net/gids/brug.php?naam=Brug-Dr.-Deelenlaan</text>
    </link>
    <link href="tel:+310887974825">
      <text>tel:+310887974825</text>
    </link>
    <sym>vhf_unknown_20</sym>
    <type>WPT</type>
    <extensions>
      <opencpn:viz>1</opencpn:viz>
      <opencpn:viz_name>0</opencpn:viz_name>
      <opencpn:scale_min_max UseScale="false" ScaleMin="2147483646" ScaleMax="0" />
    </extensions>
  </wpt>
  <trk>
    <name>VHF 20 - Sluis 5</name>
    <desc>Type: lock
VHF-kanaal: 20
Gebruik: announce
Telefoon: +31 (0)88 7974825
Bron/info: https://waterkaart.net/gids/sluis.php?naam=Sluis-5</desc>
    <extensions>
      <opencpn:viz>1</opencpn:viz>
      <opencpn:style width="5" style="101" />
      <gpxx:TrackExtension>
        <gpxx:DisplayColor>Blue</gpxx:DisplayColor>
      </gpxx:TrackExtension>
    </extensions>
    <trkseg>
      <trkpt lat="51.576466119" lon="5.587323010" />
      <trkpt lat="51.576549465" lon="5.587489307" />
      <trkpt lat="51.577519595" lon="5.586341321" />
      <trkpt lat="51.577436251" lon="5.586142838" />
      <trkpt lat="51.576466119" lon="5.587323010" />
    </trkseg>
  </trk>
  <wpt lat="51.576998707" lon="5.586812558">
    <name>Sluis 5</name>
    <desc>Type: lock
VHF-kanaal: 20
Gebruik: announce
Telefoon: +31 (0)88 7974825
Bron/info: https://waterkaart.net/gids/sluis.php?naam=Sluis-5</desc>
    <link href="https://waterkaart.net/gids/sluis.php?naam=Sluis-5">
      <text>https://waterkaart.net/gids/sluis.php?naam=Sluis-5</text>
    </link>
    <link href="tel:+310887974825">
      <text>tel:+310887974825</text>
    </link>
    <sym>vhf_unknown_20</sym>
    <type>WPT</type>
    <extensions>
      <opencpn:viz>1</opencpn:viz>
      <opencpn:viz_name>0</opencpn:viz_name>
      <opencpn:scale_min_max UseScale="false" ScaleMin="2147483646" ScaleMax="0" />
    </extensions>
  </wpt>
  <trk>
    <name>VHF 74 - Prinses Beatrixhaven</name>
    <desc>Oproepnaam: Havenmeester Prinses Beatrix
Type: marina
VHF-kanaal: 74
Gebruik: listen
Telefoon: +31 (0)6 22 55 67 44
Bron/info: https://www.wvy.nl/pages/WVYBeatrix.php</desc>
    <extensions>
      <opencpn:viz>1</opencpn:viz>
      <opencpn:style width="4" style="101" />
      <gpxx:TrackExtension>
        <gpxx:DisplayColor>Green</gpxx:DisplayColor>
      </gpxx:TrackExtension>
    </extensions>
    <trkseg>
      <trkpt lat="51.496936147" lon="4.056819677" />
      <trkpt lat="51.497303307" lon="4.057323933" />
      <trkpt lat="51.498144424" lon="4.055693150" />
      <trkpt lat="51.498257907" lon="4.055178165" />
      <trkpt lat="51.498264583" lon="4.054470062" />
      <trkpt lat="51.498237881" lon="4.054083824" />
      <trkpt lat="51.497857378" lon="4.054169655" />
      <trkpt lat="51.497864054" lon="4.053815603" />
      <trkpt lat="51.496769256" lon="4.053976536" />
      <trkpt lat="51.496074980" lon="4.055392742" />
      <trkpt lat="51.496936147" lon="4.056819677" />
    </trkseg>
  </trk>
  <wpt lat="51.497268774" lon="4.055321622">
    <name>Prinses Beatrixhaven</name>
    <desc>Oproepnaam: Havenmeester Prinses Beatrix
Type: marina
VHF-kanaal: 74
Gebruik: listen
Telefoon: +31 (0)6 22 55 67 44
Bron/info: https://www.wvy.nl/pages/WVYBeatrix.php</desc>
    <link href="https://www.wvy.nl/pages/WVYBeatrix.php">
      <text>https://www.wvy.nl/pages/WVYBeatrix.php</text>
    </link>
    <link href="tel:+310622556744">
      <text>tel:+310622556744</text>
    </link>
    <sym>vhf_unknown_74</sym>
    <type>WPT</type>
    <extensions>
      <opencpn:viz>1</opencpn:viz>
      <opencpn:viz_name>0</opencpn:viz_name>
      <opencpn:scale_min_max UseScale="false" ScaleMin="2147483646" ScaleMax="0" />
    </extensions>
  </wpt>
  <trk>
    <name>VHF 20 - Beeksebrug</name>
    <desc>Type: bridge
VHF-kanaal: 20
Gebruik: announce
Telefoon: +31 (0)88 7974825
Bron/info: https://waterkaart.net/gids/brug.php?naam=Beeksebrug</desc>
    <extensions>
      <opencpn:viz>1</opencpn:viz>
      <opencpn:style width="5" style="101" />
      <gpxx:TrackExtension>
        <gpxx:DisplayColor>Cyan</gpxx:DisplayColor>
      </gpxx:TrackExtension>
    </extensions>
    <trkseg>
      <trkpt lat="51.529256361" lon="5.642198324" />
      <trkpt lat="51.529371497" lon="5.642115176" />
      <trkpt lat="51.529408207" lon="5.642265379" />
      <trkpt lat="51.529303083" lon="5.642335117" />
      <trkpt lat="51.529256361" lon="5.642198324" />
    </trkseg>
  </trk>
  <wpt lat="51.529306233" lon="5.642223880">
    <name>Beeksebrug</name>
    <desc>Type: bridge
VHF-kanaal: 20
Gebruik: announce
Telefoon: +31 (0)88 7974825
Bron/info: https://waterkaart.net/gids/brug.php?naam=Beeksebrug</desc>
    <link href="https://waterkaart.net/gids/brug.php?naam=Beeksebrug">
      <text>https://waterkaart.net/gids/brug.php?naam=Beeksebrug</text>
    </link>
    <link href="tel:+310887974825">
      <text>tel:+310887974825</text>
    </link>
    <sym>vhf_unknown_20</sym>
    <type>WPT</type>
    <extensions>
      <opencpn:viz>1</opencpn:viz>
      <opencpn:viz_name>0</opencpn:viz_name>
      <opencpn:scale_min_max UseScale="false" ScaleMin="2147483646" ScaleMax="0" />
    </extensions>
  </wpt>
  <trk>
    <name>VHF 18 - Schellingwoude brug</name>
    <desc>Oproepnaam: Schellingwoude
Type: vts
VHF-kanaal: 18
Gebruik: listen</desc>
    <extensions>
      <opencpn:viz>1</opencpn:viz>
      <opencpn:style width="7" style="101" />
      <gpxx:TrackExtension>
        <gpxx:DisplayColor>Red</gpxx:DisplayColor>
      </gpxx:TrackExtension>
    </extensions>
    <trkseg>
      <trkpt lat="52.379659845" lon="4.968234301" />
      <trkpt lat="52.376948408" lon="4.964425564" />
      <trkpt lat="52.376699524" lon="4.964908361" />
      <trkpt lat="52.379437173" lon="4.968641996" />
      <trkpt lat="52.379659845" lon="4.968234301" />
    </trkseg>
  </trk>
  <wpt lat="52.378153377" lon="4.966507070">
    <name>Schellingwoude brug</name>
    <desc>Oproepnaam: Schellingwoude
Type: vts
VHF-kanaal: 18
Gebruik: listen</desc>
    <link href="https://">
      <text>https://</text>
    </link>
    <sym>vhf_unknown_18</sym>
    <type>WPT</type>
    <extensions>
      <opencpn:viz>1</opencpn:viz>
      <opencpn:viz_name>0</opencpn:viz_name>
      <opencpn:scale_min_max UseScale="false" ScaleMin="2147483646" ScaleMax="0" />
    </extensions>
  </wpt>
  <trk>
    <name>VHF 31 - Gemeentehaven Brouwershaven</name>
    <desc>Type: marina
VHF-kanaal: 31
Gebruik: listen
Telefoon: +31 (0)111 - 691330
Bron/info: https://www.wvbrouwershaven.nl/contact</desc>
    <extensions>
      <opencpn:viz>1</opencpn:viz>
      <opencpn:style width="4" style="101" />
      <gpxx:TrackExtension>
        <gpxx:DisplayColor>Green</gpxx:DisplayColor>
      </gpxx:TrackExtension>
    </extensions>
    <trkseg>
      <trkpt lat="51.729507641" lon="3.913246393" />
      <trkpt lat="51.729295111" lon="3.912860155" />
      <trkpt lat="51.729653754" lon="3.912227154" />
      <trkpt lat="51.729388093" lon="3.911647797" />
      <trkpt lat="51.728577816" lon="3.912709951" />
      <trkpt lat="51.727681182" lon="3.913407326" />
      <trkpt lat="51.727455360" lon="3.913772106" />
      <trkpt lat="51.728132822" lon="3.915134668" />
      <trkpt lat="51.729507641" lon="3.913246393" />
    </trkseg>
  </trk>
  <wpt lat="51.728581702" lon="3.913456026">
    <name>Gemeentehaven Brouwershaven</name>
    <desc>Type: marina
VHF-kanaal: 31
Gebruik: listen
Telefoon: +31 (0)111 - 691330
Bron/info: https://www.wvbrouwershaven.nl/contact</desc>
    <link href="https://www.wvbrouwershaven.nl/contact">
      <text>https://www.wvbrouwershaven.nl/contact</text>
    </link>
    <link href="tel:+310111691330">
      <text>tel:+310111691330</text>
    </link>
    <sym>vhf_unknown_31</sym>
    <type>WPT</type>
    <extensions>
      <opencpn:viz>1</opencpn:viz>
      <opencpn:viz_name>0</opencpn:viz_name>
      <opencpn:scale_min_max UseScale="false" ScaleMin="2147483646" ScaleMax="0" />
    </extensions>
  </wpt>
  <trk>
    <name>VHF 31 - Jachthaven Andijk</name>
    <desc>Oproepnaam: Jachthaven Andijk
Type: marina
VHF-kanaal: 31
Gebruik: announce</desc>
    <extensions>
      <opencpn:viz>1</opencpn:viz>
      <opencpn:style width="4" style="101" />
      <gpxx:TrackExtension>
        <gpxx:DisplayColor>Green</gpxx:DisplayColor>
      </gpxx:TrackExtension>
    </extensions>
    <trkseg>
      <trkpt lat="52.745521698" lon="5.179442167" />
      <trkpt lat="52.746073750" lon="5.179892778" />
      <trkpt lat="52.747138865" lon="5.183680058" />
      <trkpt lat="52.746612805" lon="5.185042620" />
      <trkpt lat="52.744164270" lon="5.183154345" />
      <trkpt lat="52.745651593" lon="5.180633068" />
      <trkpt lat="52.745515203" lon="5.180364847" />
      <trkpt lat="52.745521698" lon="5.179442167" />
    </trkseg>
  </trk>
  <wpt lat="52.745839595" lon="5.182614605">
    <name>Jachthaven Andijk</name>
    <desc>Oproepnaam: Jachthaven Andijk
Type: marina
VHF-kanaal: 31
Gebruik: announce</desc>
    <link href="https://">
      <text>https://</text>
    </link>
    <sym>vhf_unknown_31</sym>
    <type>WPT</type>
    <extensions>
      <opencpn:viz>1</opencpn:viz>
      <opencpn:viz_name>0</opencpn:viz_name>
      <opencpn:scale_min_max UseScale="false" ScaleMin="2147483646" ScaleMax="0" />
    </extensions>
  </wpt>
  <trk>
    <name>VHF 20 - Sluis 6</name>
    <desc>Type: lock
VHF-kanaal: 20
Gebruik: announce
Telefoon: +31 (0)88 7974825
Bron/info: https://www.binnenvaartinbeeld.com/nl/zuid_willemsvaart/sluis_6</desc>
    <extensions>
      <opencpn:viz>1</opencpn:viz>
      <opencpn:style width="5" style="101" />
      <gpxx:TrackExtension>
        <gpxx:DisplayColor>Blue</gpxx:DisplayColor>
      </gpxx:TrackExtension>
    </extensions>
    <trkseg>
      <trkpt lat="51.536919790" lon="5.634081960" />
      <trkpt lat="51.537023228" lon="5.634275079" />
      <trkpt lat="51.537950826" lon="5.633143187" />
      <trkpt lat="51.537880756" lon="5.632982254" />
      <trkpt lat="51.536919790" lon="5.634081960" />
    </trkseg>
  </trk>
  <wpt lat="51.537424288" lon="5.633644364">
    <name>Sluis 6</name>
    <desc>Type: lock
VHF-kanaal: 20
Gebruik: announce
Telefoon: +31 (0)88 7974825
Bron/info: https://www.binnenvaartinbeeld.com/nl/zuid_willemsvaart/sluis_6</desc>
    <link href="https://www.binnenvaartinbeeld.com/nl/zuid_willemsvaart/sluis_6">
      <text>https://www.binnenvaartinbeeld.com/nl/zuid_willemsvaart/sluis_6</text>
    </link>
    <link href="tel:+310887974825">
      <text>tel:+310887974825</text>
    </link>
    <sym>vhf_unknown_20</sym>
    <type>WPT</type>
    <extensions>
      <opencpn:viz>1</opencpn:viz>
      <opencpn:viz_name>0</opencpn:viz_name>
      <opencpn:scale_min_max UseScale="false" ScaleMin="2147483646" ScaleMax="0" />
    </extensions>
  </wpt>
  <trk>
    <name>VHF N.A. - Markspoorbrug Zevenbergen</name>
    <desc>Type: bridge
VHF-kanaal: N.A.
Gebruik: announce
Telefoon: +31 (0)88 2318022
Bron/info: https://waterkaart.net/gids/brug.php?naam=Markspoorbrug-Zevenbergen</desc>
    <extensions>
      <opencpn:viz>1</opencpn:viz>
      <opencpn:style width="5" style="101" />
      <gpxx:TrackExtension>
        <gpxx:DisplayColor>Cyan</gpxx:DisplayColor>
      </gpxx:TrackExtension>
    </extensions>
    <trkseg>
      <trkpt lat="51.624216361" lon="4.593175650" />
      <trkpt lat="51.624471130" lon="4.593409002" />
      <trkpt lat="51.624506098" lon="4.593317807" />
      <trkpt lat="51.624259656" lon="4.593065679" />
      <trkpt lat="51.624216361" lon="4.593175650" />
    </trkseg>
  </trk>
  <wpt lat="51.624365703" lon="4.593238712">
    <name>Markspoorbrug Zevenbergen</name>
    <desc>Type: bridge
VHF-kanaal: N.A.
Gebruik: announce
Telefoon: +31 (0)88 2318022
Bron/info: https://waterkaart.net/gids/brug.php?naam=Markspoorbrug-Zevenbergen</desc>
    <link href="https://waterkaart.net/gids/brug.php?naam=Markspoorbrug-Zevenbergen">
      <text>https://waterkaart.net/gids/brug.php?naam=Markspoorbrug-Zevenbergen</text>
    </link>
    <link href="tel:+310882318022">
      <text>tel:+310882318022</text>
    </link>
    <sym>vhfinfo</sym>
    <type>WPT</type>
    <extensions>
      <opencpn:viz>1</opencpn:viz>
      <opencpn:viz_name>1</opencpn:viz_name>
      <opencpn:scale_min_max UseScale="false" ScaleMin="2147483646" ScaleMax="0" />
    </extensions>
  </wpt>
  <trk>
    <name>VHF 18 - Bergsediepsluis</name>
    <desc>Type: lock
VHF-kanaal: 18
Gebruik: listen</desc>
    <extensions>
      <opencpn:viz>1</opencpn:viz>
      <opencpn:style width="5" style="101" />
      <gpxx:TrackExtension>
        <gpxx:DisplayColor>Blue</gpxx:DisplayColor>
      </gpxx:TrackExtension>
    </extensions>
    <trkseg>
      <trkpt lat="51.510371758" lon="4.173345566" />
      <trkpt lat="51.510111341" lon="4.174305797" />
      <trkpt lat="51.510017858" lon="4.174278975" />
      <trkpt lat="51.510251566" lon="4.173291922" />
      <trkpt lat="51.510371758" lon="4.173345566" />
    </trkseg>
  </trk>
  <wpt lat="51.510193980" lon="4.173782287">
    <name>Bergsediepsluis</name>
    <desc>Type: lock
VHF-kanaal: 18
Gebruik: listen</desc>
    <link href="https://">
      <text>https://</text>
    </link>
    <sym>vhf_unknown_18</sym>
    <type>WPT</type>
    <extensions>
      <opencpn:viz>1</opencpn:viz>
      <opencpn:viz_name>0</opencpn:viz_name>
      <opencpn:scale_min_max UseScale="false" ScaleMin="2147483646" ScaleMax="0" />
    </extensions>
  </wpt>
  <trk>
    <name>VHF 12 - Gemeentehaven Oudeschild</name>
    <desc>Oproepnaam: Oudeschild
Type: marina
VHF-kanaal: 12
Gebruik: report
Opmerking: Listen when approaching. On Mon and Fri announce due to fishing boats.
Telefoon: +31222312710
Bron/info: https://www.havenoudeschild.nl/</desc>
    <extensions>
      <opencpn:viz>1</opencpn:viz>
      <opencpn:style width="4" style="101" />
      <gpxx:TrackExtension>
        <gpxx:DisplayColor>Green</gpxx:DisplayColor>
      </gpxx:TrackExtension>
    </extensions>
    <trkseg>
      <trkpt lat="53.038865611" lon="4.853121359" />
      <trkpt lat="53.039253287" lon="4.853369344" />
      <trkpt lat="53.039566407" lon="4.852253410" />
      <trkpt lat="53.040356653" lon="4.852798978" />
      <trkpt lat="53.041340714" lon="4.856097181" />
      <trkpt lat="53.041870998" lon="4.855157733" />
      <trkpt lat="53.042270928" lon="4.855409861" />
      <trkpt lat="53.043361040" lon="4.856075048" />
      <trkpt lat="53.043477145" lon="4.855710268" />
      <trkpt lat="53.043496496" lon="4.855281115" />
      <trkpt lat="53.043490046" lon="4.854894876" />
      <trkpt lat="53.043496496" lon="4.854573011" />
      <trkpt lat="53.043457795" lon="4.854326248" />
      <trkpt lat="53.043444894" lon="4.853918552" />
      <trkpt lat="53.043380391" lon="4.853811264" />
      <trkpt lat="53.043451344" lon="4.853768349" />
      <trkpt lat="53.043509397" lon="4.853827357" />
      <trkpt lat="53.043457795" lon="4.853714705" />
      <trkpt lat="53.043464245" lon="4.853559136" />
      <trkpt lat="53.043467470" lon="4.853478670" />
      <trkpt lat="53.043454569" lon="4.853387475" />
      <trkpt lat="53.043441669" lon="4.853280187" />
      <trkpt lat="53.043438444" lon="4.853167534" />
      <trkpt lat="53.043341689" lon="4.853129983" />
      <trkpt lat="53.040177731" lon="4.851385462" />
      <trkpt lat="53.039909346" lon="4.850864693" />
      <trkpt lat="53.040356654" lon="4.850343924" />
      <trkpt lat="53.040147911" lon="4.849624767" />
      <trkpt lat="53.039029628" lon="4.849128797" />
      <trkpt lat="53.038835789" lon="4.850319126" />
      <trkpt lat="53.039312929" lon="4.851385462" />
      <trkpt lat="53.038865611" lon="4.853121359" />
    </trkseg>
  </trk>
  <wpt lat="53.041228616" lon="4.853018639">
    <name>Gemeentehaven Oudeschild</name>
    <desc>Oproepnaam: Oudeschild
Type: marina
VHF-kanaal: 12
Gebruik: report
Opmerking: Listen when approaching. On Mon and Fri announce due to fishing boats.
Telefoon: +31222312710
Bron/info: https://www.havenoudeschild.nl/</desc>
    <link href="https://www.havenoudeschild.nl/">
      <text>https://www.havenoudeschild.nl/</text>
    </link>
    <link href="tel:+31222312710">
      <text>tel:+31222312710</text>
    </link>
    <sym>vhf_unknown_12</sym>
    <type>WPT</type>
    <extensions>
      <opencpn:viz>1</opencpn:viz>
      <opencpn:viz_name>0</opencpn:viz_name>
      <opencpn:scale_min_max UseScale="false" ScaleMin="2147483646" ScaleMax="0" />
    </extensions>
  </wpt>
  <trk>
    <name>VHF 78 - Roodehaansterbrug</name>
    <desc>Oproepnaam: Brug Rode Haan
Type: bridge
VHF-kanaal: 78
Gebruik: announce</desc>
    <extensions>
      <opencpn:viz>1</opencpn:viz>
      <opencpn:style width="5" style="101" />
      <gpxx:TrackExtension>
        <gpxx:DisplayColor>Cyan</gpxx:DisplayColor>
      </gpxx:TrackExtension>
    </extensions>
    <trkseg>
      <trkpt lat="53.327438593" lon="6.425041258" />
      <trkpt lat="53.327175876" lon="6.425164640" />
      <trkpt lat="53.327280002" lon="6.425650120" />
      <trkpt lat="53.327545922" lon="6.425505280" />
      <trkpt lat="53.327438593" lon="6.425041258" />
    </trkseg>
  </trk>
  <wpt lat="53.327356660" lon="6.425341474">
    <name>Roodehaansterbrug</name>
    <desc>Oproepnaam: Brug Rode Haan
Type: bridge
VHF-kanaal: 78
Gebruik: announce</desc>
    <link href="https://">
      <text>https://</text>
    </link>
    <sym>vhf_unknown_78</sym>
    <type>WPT</type>
    <extensions>
      <opencpn:viz>1</opencpn:viz>
      <opencpn:viz_name>0</opencpn:viz_name>
      <opencpn:scale_min_max UseScale="false" ScaleMin="2147483646" ScaleMax="0" />
    </extensions>
  </wpt>
  <trk>
    <name>VHF 22 - Binnenkeer- en schutsluis Vlissingen</name>
    <desc>Oproepnaam: Keersluis Vlissingen
Type: lock
VHF-kanaal: 22
Gebruik: listen
Opmerking: Let op: blauwe golf.
Bron/info: https://www.zeeland.nl/actueel/bedieningstijden-sluizen-en-bruggen</desc>
    <extensions>
      <opencpn:viz>1</opencpn:viz>
      <opencpn:style width="5" style="101" />
      <gpxx:TrackExtension>
        <gpxx:DisplayColor>Blue</gpxx:DisplayColor>
      </gpxx:TrackExtension>
    </extensions>
    <trkseg>
      <trkpt lat="51.450397749" lon="3.586810827" />
      <trkpt lat="51.450491304" lon="3.586338758" />
      <trkpt lat="51.450658365" lon="3.586435318" />
      <trkpt lat="51.450571493" lon="3.586907387" />
      <trkpt lat="51.450397749" lon="3.586810827" />
    </trkseg>
  </trk>
  <wpt lat="51.450526533" lon="3.586624209">
    <name>Binnenkeer- en schutsluis Vlissingen</name>
    <desc>Oproepnaam: Keersluis Vlissingen
Type: lock
VHF-kanaal: 22
Gebruik: listen
Opmerking: Let op: blauwe golf.
Bron/info: https://www.zeeland.nl/actueel/bedieningstijden-sluizen-en-bruggen</desc>
    <link href="https://www.zeeland.nl/actueel/bedieningstijden-sluizen-en-bruggen">
      <text>https://www.zeeland.nl/actueel/bedieningstijden-sluizen-en-bruggen</text>
    </link>
    <sym>vhf_unknown_22</sym>
    <type>WPT</type>
    <extensions>
      <opencpn:viz>1</opencpn:viz>
      <opencpn:viz_name>0</opencpn:viz_name>
      <opencpn:scale_min_max UseScale="false" ScaleMin="2147483646" ScaleMax="0" />
    </extensions>
  </wpt>
  <trk>
    <name>VHF 80 - Galle Brêge</name>
    <desc>Oproepnaam: Galle Brêge
Type: bridge
VHF-kanaal: 80
Gebruik: announce</desc>
    <extensions>
      <opencpn:viz>1</opencpn:viz>
      <opencpn:style width="5" style="101" />
      <gpxx:TrackExtension>
        <gpxx:DisplayColor>Cyan</gpxx:DisplayColor>
      </gpxx:TrackExtension>
    </extensions>
    <trkseg>
      <trkpt lat="53.102778800" lon="5.842006803" />
      <trkpt lat="53.102798125" lon="5.841580331" />
      <trkpt lat="53.103063831" lon="5.841644704" />
      <trkpt lat="53.103050948" lon="5.842038989" />
      <trkpt lat="53.102778800" lon="5.842006803" />
    </trkseg>
  </trk>
  <wpt lat="53.102916210" lon="5.841817499">
    <name>Galle Brêge</name>
    <desc>Oproepnaam: Galle Brêge
Type: bridge
VHF-kanaal: 80
Gebruik: announce</desc>
    <link href="https://">
      <text>https://</text>
    </link>
    <sym>vhf_unknown_80</sym>
    <type>WPT</type>
    <extensions>
      <opencpn:viz>1</opencpn:viz>
      <opencpn:viz_name>0</opencpn:viz_name>
      <opencpn:scale_min_max UseScale="false" ScaleMin="2147483646" ScaleMax="0" />
    </extensions>
  </wpt>
  <trk>
    <name>VHF 20 - v Starkenborgkanaal</name>
    <desc>Oproepnaam: v Starkenborgkanaal
Type: area
VHF-kanaal: 20
Gebruik: listen
Opmerking: Busy cargo traffic</desc>
    <extensions>
      <opencpn:viz>1</opencpn:viz>
      <opencpn:style width="7" style="101" />
      <gpxx:TrackExtension>
        <gpxx:DisplayColor>Yellow</gpxx:DisplayColor>
      </gpxx:TrackExtension>
    </extensions>
    <trkseg>
      <trkpt lat="53.258461668" lon="6.502103806" />
      <trkpt lat="53.257242220" lon="6.507318020" />
      <trkpt lat="53.255624793" lon="6.512682438" />
      <trkpt lat="53.254867405" lon="6.514463425" />
      <trkpt lat="53.253673530" lon="6.518261433" />
      <trkpt lat="53.253647855" lon="6.519420147" />
      <trkpt lat="53.251285679" lon="6.526887417" />
      <trkpt lat="53.250476860" lon="6.530063152" />
      <trkpt lat="53.250939044" lon="6.530385017" />
      <trkpt lat="53.257357748" lon="6.509313583" />
      <trkpt lat="53.258153600" lon="6.506438255" />
      <trkpt lat="53.258910930" lon="6.502511501" />
      <trkpt lat="53.258461668" lon="6.502103806" />
    </trkseg>
  </trk>
  <wpt lat="53.254824911" lon="6.516283350">
    <name>v Starkenborgkanaal</name>
    <desc>Oproepnaam: v Starkenborgkanaal
Type: area
VHF-kanaal: 20
Gebruik: listen
Opmerking: Busy cargo traffic</desc>
    <link href="https://">
      <text>https://</text>
    </link>
    <sym>vhf_unknown_20</sym>
    <type>WPT</type>
    <extensions>
      <opencpn:viz>1</opencpn:viz>
      <opencpn:viz_name>0</opencpn:viz_name>
      <opencpn:scale_min_max UseScale="false" ScaleMin="2147483646" ScaleMax="0" />
    </extensions>
  </wpt>
  <trk>
    <name>VHF N.A. - Marina Colijnsplaat</name>
    <desc>Oproepnaam: N.A.
Type: marina
VHF-kanaal: N.A.
Gebruik: listen
Telefoon: N.A.
Bron/info: https://www.wsvnb.nl/passanten</desc>
    <extensions>
      <opencpn:viz>1</opencpn:viz>
      <opencpn:style width="4" style="101" />
      <gpxx:TrackExtension>
        <gpxx:DisplayColor>Green</gpxx:DisplayColor>
      </gpxx:TrackExtension>
    </extensions>
    <trkseg>
      <trkpt lat="51.603679689" lon="3.851201534" />
      <trkpt lat="51.602201144" lon="3.850557804" />
      <trkpt lat="51.602387630" lon="3.848218918" />
      <trkpt lat="51.602427591" lon="3.846266270" />
      <trkpt lat="51.601988016" lon="3.845107555" />
      <trkpt lat="51.602041298" lon="3.842833042" />
      <trkpt lat="51.601734926" lon="3.842768669" />
      <trkpt lat="51.601801529" lon="3.841888905" />
      <trkpt lat="51.602867161" lon="3.841202259" />
      <trkpt lat="51.603386648" lon="3.842875957" />
      <trkpt lat="51.603333368" lon="3.846824169" />
      <trkpt lat="51.604052648" lon="3.848884106" />
      <trkpt lat="51.603906129" lon="3.850343227" />
      <trkpt lat="51.603679689" lon="3.851201534" />
    </trkseg>
  </trk>
  <wpt lat="51.602878219" lon="3.846395135">
    <name>Marina Colijnsplaat</name>
    <desc>Oproepnaam: N.A.
Type: marina
VHF-kanaal: N.A.
Gebruik: listen
Telefoon: N.A.
Bron/info: https://www.wsvnb.nl/passanten</desc>
    <link href="https://www.wsvnb.nl/passanten">
      <text>https://www.wsvnb.nl/passanten</text>
    </link>
    <sym>vhfinfo</sym>
    <type>WPT</type>
    <extensions>
      <opencpn:viz>1</opencpn:viz>
      <opencpn:viz_name>1</opencpn:viz_name>
      <opencpn:scale_min_max UseScale="false" ScaleMin="2147483646" ScaleMax="0" />
    </extensions>
  </wpt>
  <trk>
    <name>VHF 22 - Spoorbrug HRM</name>
    <desc>Oproepnaam: Spoorbrug HRM
Type: bridge
VHF-kanaal: 22
Gebruik: report
Opmerking: Long waiting possible, report early
Bron/info: https://waterkaart.net/gids/brug.php?naam=Spoorbrug-HRM</desc>
    <extensions>
      <opencpn:viz>1</opencpn:viz>
      <opencpn:style width="5" style="101" />
      <gpxx:TrackExtension>
        <gpxx:DisplayColor>Cyan</gpxx:DisplayColor>
      </gpxx:TrackExtension>
    </extensions>
    <trkseg>
      <trkpt lat="53.190980401" lon="5.760344267" />
      <trkpt lat="53.192632411" lon="5.758482814" />
      <trkpt lat="53.192834890" lon="5.759174824" />
      <trkpt lat="53.191166818" lon="5.761030912" />
      <trkpt lat="53.190980401" lon="5.760344267" />
    </trkseg>
  </trk>
  <wpt lat="53.191907291" lon="5.759754599">
    <name>Spoorbrug HRM</name>
    <desc>Oproepnaam: Spoorbrug HRM
Type: bridge
VHF-kanaal: 22
Gebruik: report
Opmerking: Long waiting possible, report early
Bron/info: https://waterkaart.net/gids/brug.php?naam=Spoorbrug-HRM</desc>
    <link href="https://waterkaart.net/gids/brug.php?naam=Spoorbrug-HRM">
      <text>https://waterkaart.net/gids/brug.php?naam=Spoorbrug-HRM</text>
    </link>
    <sym>vhf_unknown_22</sym>
    <type>WPT</type>
    <extensions>
      <opencpn:viz>1</opencpn:viz>
      <opencpn:viz_name>0</opencpn:viz_name>
      <opencpn:scale_min_max UseScale="false" ScaleMin="2147483646" ScaleMax="0" />
    </extensions>
  </wpt>
  <trk>
    <name>VHF 31 - Jachthaven Wemeldinge</name>
    <desc>Oproepnaam: Jachthaven Wemeldinge
Type: marina
VHF-kanaal: 31
Gebruik: listen
Telefoon: +31113622022
Bron/info: https://www.vdrest.nl/jachthaven-wemeldinge/</desc>
    <extensions>
      <opencpn:viz>1</opencpn:viz>
      <opencpn:style width="4" style="101" />
      <gpxx:TrackExtension>
        <gpxx:DisplayColor>Green</gpxx:DisplayColor>
      </gpxx:TrackExtension>
    </extensions>
    <trkseg>
      <trkpt lat="51.521457522" lon="4.004516602" />
      <trkpt lat="51.520870377" lon="4.004559517" />
      <trkpt lat="51.519802821" lon="4.006576538" />
      <trkpt lat="51.515959413" lon="4.006919861" />
      <trkpt lat="51.515478964" lon="4.006404877" />
      <trkpt lat="51.513610503" lon="4.006404877" />
      <trkpt lat="51.513637196" lon="4.005546570" />
      <trkpt lat="51.515932721" lon="4.005417824" />
      <trkpt lat="51.516172944" lon="4.005031586" />
      <trkpt lat="51.518468341" lon="4.004774094" />
      <trkpt lat="51.518228130" lon="4.004430771" />
      <trkpt lat="51.518121370" lon="4.002885818" />
      <trkpt lat="51.516573312" lon="4.002842903" />
      <trkpt lat="51.516573312" lon="4.004430771" />
      <trkpt lat="51.514598128" lon="4.004645348" />
      <trkpt lat="51.514624820" lon="4.003615379" />
      <trkpt lat="51.516119561" lon="4.002156258" />
      <trkpt lat="51.519055517" lon="4.002070427" />
      <trkpt lat="51.519962956" lon="4.003057480" />
      <trkpt lat="51.521564275" lon="4.002971649" />
      <trkpt lat="51.521457522" lon="4.004516602" />
    </trkseg>
  </trk>
  <wpt lat="51.518382766" lon="4.004495144">
    <name>Jachthaven Wemeldinge</name>
    <desc>Oproepnaam: Jachthaven Wemeldinge
Type: marina
VHF-kanaal: 31
Gebruik: listen
Telefoon: +31113622022
Bron/info: https://www.vdrest.nl/jachthaven-wemeldinge/</desc>
    <link href="https://www.vdrest.nl/jachthaven-wemeldinge/">
      <text>https://www.vdrest.nl/jachthaven-wemeldinge/</text>
    </link>
    <link href="tel:+31113622022">
      <text>tel:+31113622022</text>
    </link>
    <sym>vhf_unknown_31</sym>
    <type>WPT</type>
    <extensions>
      <opencpn:viz>1</opencpn:viz>
      <opencpn:viz_name>0</opencpn:viz_name>
      <opencpn:scale_min_max UseScale="false" ScaleMin="2147483646" ScaleMax="0" />
    </extensions>
  </wpt>
  <trk>
    <name>VHF 22 - Dokbrug Vlissingen</name>
    <desc>Oproepnaam: Dokbrug
Type: bridge
VHF-kanaal: 22
Gebruik: listen
Bron/info: https://www.zeeland.nl/actueel/bedieningstijden-sluizen-en-bruggen</desc>
    <extensions>
      <opencpn:viz>1</opencpn:viz>
      <opencpn:style width="5" style="101" />
      <gpxx:TrackExtension>
        <gpxx:DisplayColor>Cyan</gpxx:DisplayColor>
      </gpxx:TrackExtension>
    </extensions>
    <trkseg>
      <trkpt lat="51.444327058" lon="3.580641747" />
      <trkpt lat="51.444861724" lon="3.580781221" />
      <trkpt lat="51.444814941" lon="3.581017256" />
      <trkpt lat="51.444260225" lon="3.580856323" />
      <trkpt lat="51.444327058" lon="3.580641747" />
    </trkseg>
  </trk>
  <wpt lat="51.444570136" lon="3.580825879">
    <name>Dokbrug Vlissingen</name>
    <desc>Oproepnaam: Dokbrug
Type: bridge
VHF-kanaal: 22
Gebruik: listen
Bron/info: https://www.zeeland.nl/actueel/bedieningstijden-sluizen-en-bruggen</desc>
    <link href="https://www.zeeland.nl/actueel/bedieningstijden-sluizen-en-bruggen">
      <text>https://www.zeeland.nl/actueel/bedieningstijden-sluizen-en-bruggen</text>
    </link>
    <sym>vhf_unknown_22</sym>
    <type>WPT</type>
    <extensions>
      <opencpn:viz>1</opencpn:viz>
      <opencpn:viz_name>0</opencpn:viz_name>
      <opencpn:scale_min_max UseScale="false" ScaleMin="2147483646" ScaleMax="0" />
    </extensions>
  </wpt>
  <trk>
    <name>VHF 4 - Sector Westhaven</name>
    <desc>Oproepnaam: Sector Westhaven
Type: vts
VHF-kanaal: 4
Gebruik: listen
Opmerking: PDF outline for Sector Westhaven (VHF 04), rotated to north with the map compass.
Telefoon: +31205234600
Bron/info: https://www.portofamsterdam.com/sites/default/files/2025-09/VTS%20communicatieregeling%202.0%20def.pdf</desc>
    <extensions>
      <opencpn:viz>1</opencpn:viz>
      <opencpn:style width="7" style="101" />
      <gpxx:TrackExtension>
        <gpxx:DisplayColor>Red</gpxx:DisplayColor>
      </gpxx:TrackExtension>
    </extensions>
    <trkseg>
      <trkpt lat="52.425455133" lon="4.793388015" />
      <trkpt lat="52.423073656" lon="4.792564455" />
      <trkpt lat="52.422477262" lon="4.796230012" />
      <trkpt lat="52.420625571" lon="4.796317367" />
      <trkpt lat="52.420046597" lon="4.798352568" />
      <trkpt lat="52.416959080" lon="4.801219166" />
      <trkpt lat="52.417885438" lon="4.804847622" />
      <trkpt lat="52.416787950" lon="4.806784515" />
      <trkpt lat="52.417928476" lon="4.810295099" />
      <trkpt lat="52.416441590" lon="4.811927696" />
      <trkpt lat="52.415147354" lon="4.811782355" />
      <trkpt lat="52.414363434" lon="4.812955777" />
      <trkpt lat="52.401831986" lon="4.819066861" />
      <trkpt lat="52.397720761" lon="4.818904464" />
      <trkpt lat="52.397883693" lon="4.807913212" />
      <trkpt lat="52.395165079" lon="4.809950731" />
      <trkpt lat="52.394936564" lon="4.816901485" />
      <trkpt lat="52.392544840" lon="4.817752320" />
      <trkpt lat="52.395074903" lon="4.818850497" />
      <trkpt lat="52.394987801" lon="4.822326383" />
      <trkpt lat="52.392536642" lon="4.823344252" />
      <trkpt lat="52.394983702" lon="4.824237499" />
      <trkpt lat="52.395108719" lon="4.828885645" />
      <trkpt lat="52.396250271" lon="4.828910093" />
      <trkpt lat="52.396876382" lon="4.823362138" />
      <trkpt lat="52.398366342" lon="4.823463395" />
      <trkpt lat="52.398501607" lon="4.834830684" />
      <trkpt lat="52.400026408" lon="4.834778232" />
      <trkpt lat="52.400513156" lon="4.823165947" />
      <trkpt lat="52.401467181" lon="4.823695609" />
      <trkpt lat="52.401514319" lon="4.834744228" />
      <trkpt lat="52.402848520" lon="4.834864979" />
      <trkpt lat="52.402971488" lon="4.823013970" />
      <trkpt lat="52.404998408" lon="4.821938767" />
      <trkpt lat="52.405474908" lon="4.834939454" />
      <trkpt lat="52.406979215" lon="4.831591471" />
      <trkpt lat="52.407109356" lon="4.821078745" />
      <trkpt lat="52.415492688" lon="4.816205055" />
      <trkpt lat="52.419661298" lon="4.815017868" />
      <trkpt lat="52.416211025" lon="4.840103783" />
      <trkpt lat="52.414235342" lon="4.838311771" />
      <trkpt lat="52.415647423" lon="4.827957695" />
      <trkpt lat="52.414903467" lon="4.827529452" />
      <trkpt lat="52.413507782" lon="4.836286991" />
      <trkpt lat="52.409485709" lon="4.831970304" />
      <trkpt lat="52.408245783" lon="4.834757728" />
      <trkpt lat="52.413263896" lon="4.841581813" />
      <trkpt lat="52.411222630" lon="4.842606797" />
      <trkpt lat="52.408561401" lon="4.839694841" />
      <trkpt lat="52.408121791" lon="4.840971711" />
      <trkpt lat="52.409676309" lon="4.843132675" />
      <trkpt lat="52.407950661" lon="4.844418926" />
      <trkpt lat="52.406850098" lon="4.843360515" />
      <trkpt lat="52.406249606" lon="4.845169237" />
      <trkpt lat="52.407185186" lon="4.844541987" />
      <trkpt lat="52.407603277" lon="4.845404759" />
      <trkpt lat="52.405734165" lon="4.849637123" />
      <trkpt lat="52.407100133" lon="4.851064407" />
      <trkpt lat="52.409114756" lon="4.846841246" />
      <trkpt lat="52.415908729" lon="4.844044943" />
      <trkpt lat="52.415021312" lon="4.853842520" />
      <trkpt lat="52.411660191" lon="4.852475934" />
      <trkpt lat="52.410446908" lon="4.853551024" />
      <trkpt lat="52.409983729" lon="4.855644605" />
      <trkpt lat="52.410810688" lon="4.858228879" />
      <trkpt lat="52.415821627" lon="4.861389581" />
      <trkpt lat="52.417149680" lon="4.857376568" />
      <trkpt lat="52.420142922" lon="4.859812003" />
      <trkpt lat="52.419741227" lon="4.856746047" />
      <trkpt lat="52.417707134" lon="4.852794919" />
      <trkpt lat="52.419321087" lon="4.842908092" />
      <trkpt lat="52.419895962" lon="4.843696042" />
      <trkpt lat="52.420043523" lon="4.851459408" />
      <trkpt lat="52.421245534" lon="4.851306577" />
      <trkpt lat="52.421521187" lon="4.845041317" />
      <trkpt lat="52.423346234" lon="4.847437948" />
      <trkpt lat="52.424089165" lon="4.856324360" />
      <trkpt lat="52.424982731" lon="4.856274041" />
      <trkpt lat="52.425085205" lon="4.855040247" />
      <trkpt lat="52.425971598" lon="4.854392507" />
      <trkpt lat="52.424728598" lon="4.853064600" />
      <trkpt lat="52.424199836" lon="4.846453073" />
      <trkpt lat="52.424637397" lon="4.845500015" />
      <trkpt lat="52.422640194" lon="4.843385208" />
      <trkpt lat="52.423062384" lon="4.839958443" />
      <trkpt lat="52.424382239" lon="4.838549268" />
      <trkpt lat="52.425219445" lon="4.839060506" />
      <trkpt lat="52.427752582" lon="4.835497182" />
      <trkpt lat="52.427211524" lon="4.833583044" />
      <trkpt lat="52.420869457" lon="4.839101013" />
      <trkpt lat="52.419833453" lon="4.838454535" />
      <trkpt lat="52.419477871" lon="4.836997408" />
      <trkpt lat="52.421285498" lon="4.826934290" />
      <trkpt lat="52.422426025" lon="4.815525773" />
      <trkpt lat="52.423812488" lon="4.815149514" />
      <trkpt lat="52.427060888" lon="4.817479337" />
      <trkpt lat="52.425770750" lon="4.814763956" />
      <trkpt lat="52.426009513" lon="4.812744171" />
      <trkpt lat="52.423276553" lon="4.809972623" />
      <trkpt lat="52.425455133" lon="4.793388015" />
    </trkseg>
  </trk>
  <wpt lat="52.410144612" lon="4.816653249">
    <name>Sector Westhaven</name>
    <desc>Oproepnaam: Sector Westhaven
Type: vts
VHF-kanaal: 4
Gebruik: listen
Opmerking: PDF outline for Sector Westhaven (VHF 04), rotated to north with the map compass.
Telefoon: +31205234600
Bron/info: https://www.portofamsterdam.com/sites/default/files/2025-09/VTS%20communicatieregeling%202.0%20def.pdf</desc>
    <link href="https://www.portofamsterdam.com/sites/default/files/2025-09/VTS%20communicatieregeling%202.0%20def.pdf">
      <text>https://www.portofamsterdam.com/sites/default/files/2025-09/VTS%20communicatieregeling%202.0%20def.pdf</text>
    </link>
    <link href="tel:+31205234600">
      <text>tel:+31205234600</text>
    </link>
    <sym>vhf_unknown_4</sym>
    <type>WPT</type>
    <extensions>
      <opencpn:viz>1</opencpn:viz>
      <opencpn:viz_name>0</opencpn:viz_name>
      <opencpn:scale_min_max UseScale="false" ScaleMin="2147483646" ScaleMax="0" />
    </extensions>
  </wpt>
  <trk>
    <name>VHF 78 - Wetsinger sluis</name>
    <desc>Oproepnaam: Wetsinger sluis
Type: bridge
VHF-kanaal: 78
Gebruik: announce
Opmerking: Alleen brug, sluis staat open</desc>
    <extensions>
      <opencpn:viz>1</opencpn:viz>
      <opencpn:style width="5" style="101" />
      <gpxx:TrackExtension>
        <gpxx:DisplayColor>Cyan</gpxx:DisplayColor>
      </gpxx:TrackExtension>
    </extensions>
    <trkseg>
      <trkpt lat="53.292279473" lon="6.503632665" />
      <trkpt lat="53.292257027" lon="6.503815055" />
      <trkpt lat="53.292029366" lon="6.503705084" />
      <trkpt lat="53.292047001" lon="6.503570974" />
      <trkpt lat="53.292279473" lon="6.503632665" />
    </trkseg>
  </trk>
  <wpt lat="53.292174004" lon="6.503685008">
    <name>Wetsinger sluis</name>
    <desc>Oproepnaam: Wetsinger sluis
Type: bridge
VHF-kanaal: 78
Gebruik: announce
Opmerking: Alleen brug, sluis staat open</desc>
    <link href="https://">
      <text>https://</text>
    </link>
    <sym>vhf_unknown_78</sym>
    <type>WPT</type>
    <extensions>
      <opencpn:viz>1</opencpn:viz>
      <opencpn:viz_name>0</opencpn:viz_name>
      <opencpn:scale_min_max UseScale="false" ScaleMin="2147483646" ScaleMax="0" />
    </extensions>
  </wpt>
  <trk>
    <name>VHF 60 - Waalhaven</name>
    <desc>Oproepnaam: Sector Waalhaven
Type: vts
VHF-kanaal: 60
Gebruik: report
Bron/info: https://varendoejesamen.nl/storage/app/media//knooppunten/knooppuntenfoto-1-17.jpg</desc>
    <extensions>
      <opencpn:viz>1</opencpn:viz>
      <opencpn:style width="7" style="101" />
      <gpxx:TrackExtension>
        <gpxx:DisplayColor>Red</gpxx:DisplayColor>
      </gpxx:TrackExtension>
    </extensions>
    <trkseg>
      <trkpt lat="51.900746479" lon="4.404036999" />
      <trkpt lat="51.901752152" lon="4.409079552" />
      <trkpt lat="51.905106439" lon="4.408468008" />
      <trkpt lat="51.905146133" lon="4.409315586" />
      <trkpt lat="51.901983719" lon="4.409852028" />
      <trkpt lat="51.902281445" lon="4.411354065" />
      <trkpt lat="51.905982763" lon="4.415709972" />
      <trkpt lat="51.906657547" lon="4.414626360" />
      <trkpt lat="51.906796471" lon="4.414840937" />
      <trkpt lat="51.906862626" lon="4.414712191" />
      <trkpt lat="51.906994935" lon="4.415130615" />
      <trkpt lat="51.911061560" lon="4.411804676" />
      <trkpt lat="51.913045964" lon="4.413971901" />
      <trkpt lat="51.912966589" lon="4.415881634" />
      <trkpt lat="51.911220315" lon="4.414079189" />
      <trkpt lat="51.910201624" lon="4.414637089" />
      <trkpt lat="51.910201624" lon="4.414851665" />
      <trkpt lat="51.912847527" lon="4.417448044" />
      <trkpt lat="51.912702007" lon="4.419636726" />
      <trkpt lat="51.909222601" lon="4.416031837" />
      <trkpt lat="51.907687872" lon="4.416825771" />
      <trkpt lat="51.907701103" lon="4.417018890" />
      <trkpt lat="51.912556486" lon="4.421932697" />
      <trkpt lat="51.912437422" lon="4.424293041" />
      <trkpt lat="51.908481704" lon="4.420280457" />
      <trkpt lat="51.903520026" lon="4.417276382" />
      <trkpt lat="51.903943443" lon="4.421610832" />
      <trkpt lat="51.904816730" lon="4.422125816" />
      <trkpt lat="51.908336169" lon="4.430880547" />
      <trkpt lat="51.907740795" lon="4.431438446" />
      <trkpt lat="51.905372450" lon="4.425387383" />
      <trkpt lat="51.904472710" lon="4.425280094" />
      <trkpt lat="51.904287468" lon="4.425773621" />
      <trkpt lat="51.906880795" lon="4.432275295" />
      <trkpt lat="51.905967855" lon="4.433262348" />
      <trkpt lat="51.904446247" lon="4.429464340" />
      <trkpt lat="51.904234541" lon="4.429528713" />
      <trkpt lat="51.904194846" lon="4.431416988" />
      <trkpt lat="51.907039566" lon="4.438455105" />
      <trkpt lat="51.906192784" lon="4.439721107" />
      <trkpt lat="51.904128688" lon="4.434571266" />
      <trkpt lat="51.903930212" lon="4.434657097" />
      <trkpt lat="51.903824358" lon="4.436073303" />
      <trkpt lat="51.904525637" lon="4.437940121" />
      <trkpt lat="51.904208078" lon="4.438197613" />
      <trkpt lat="51.903890516" lon="4.437575340" />
      <trkpt lat="51.903718503" lon="4.437596798" />
      <trkpt lat="51.903652344" lon="4.437768459" />
      <trkpt lat="51.902170354" lon="4.447402954" />
      <trkpt lat="51.903520026" lon="4.447960854" />
      <trkpt lat="51.903387707" lon="4.448668957" />
      <trkpt lat="51.901866011" lon="4.448111057" />
      <trkpt lat="51.901693990" lon="4.449269772" />
      <trkpt lat="51.903533257" lon="4.458367825" />
      <trkpt lat="51.902382070" lon="4.458754063" />
      <trkpt lat="51.901455806" lon="4.454054832" />
      <trkpt lat="51.901111760" lon="4.454140663" />
      <trkpt lat="51.901217621" lon="4.461050034" />
      <trkpt lat="51.895699308" lon="4.461157322" />
      <trkpt lat="51.895725776" lon="4.460620880" />
      <trkpt lat="51.897644690" lon="4.460663795" />
      <trkpt lat="51.897525587" lon="4.458367825" />
      <trkpt lat="51.895686074" lon="4.458217621" />
      <trkpt lat="51.895924288" lon="4.456801414" />
      <trkpt lat="51.897432952" lon="4.457015991" />
      <trkpt lat="51.898001996" lon="4.448368549" />
      <trkpt lat="51.897816726" lon="4.448046684" />
      <trkpt lat="51.896996239" lon="4.447982311" />
      <trkpt lat="51.897035940" lon="4.447338581" />
      <trkpt lat="51.897591755" lon="4.447338581" />
      <trkpt lat="51.897604989" lon="4.446930885" />
      <trkpt lat="51.897406484" lon="4.446866512" />
      <trkpt lat="51.898240198" lon="4.442296028" />
      <trkpt lat="51.898888631" lon="4.442553520" />
      <trkpt lat="51.898438699" lon="4.445106983" />
      <trkpt lat="51.898438699" lon="4.446265697" />
      <trkpt lat="51.898544566" lon="4.446265697" />
      <trkpt lat="51.898584266" lon="4.445192814" />
      <trkpt lat="51.899007730" lon="4.443025589" />
      <trkpt lat="51.899722318" lon="4.438433647" />
      <trkpt lat="51.899497356" lon="4.438304901" />
      <trkpt lat="51.896572755" lon="4.440429211" />
      <trkpt lat="51.893092100" lon="4.460728168" />
      <trkpt lat="51.892072997" lon="4.460170269" />
      <trkpt lat="51.892893575" lon="4.455406666" />
      <trkpt lat="51.892695050" lon="4.455256462" />
      <trkpt lat="51.893952363" lon="4.447982311" />
      <trkpt lat="51.892483288" lon="4.447252750" />
      <trkpt lat="51.890458269" lon="4.459161758" />
      <trkpt lat="51.889386162" lon="4.458668232" />
      <trkpt lat="51.890295433" lon="4.453003407" />
      <trkpt lat="51.891592519" lon="4.446308613" />
      <trkpt lat="51.890983688" lon="4.445965290" />
      <trkpt lat="51.890851332" lon="4.446759224" />
      <trkpt lat="51.890096896" lon="4.446458817" />
      <trkpt lat="51.890613090" lon="4.443519115" />
      <trkpt lat="51.889739527" lon="4.444184303" />
      <trkpt lat="51.887714384" lon="4.456350803" />
      <trkpt lat="51.885755335" lon="4.455084801" />
      <trkpt lat="51.885424406" lon="4.456887245" />
      <trkpt lat="51.882538604" lon="4.455256462" />
      <trkpt lat="51.882300318" lon="4.454784393" />
      <trkpt lat="51.883399069" lon="4.448196888" />
      <trkpt lat="51.880989725" lon="4.449892044" />
      <trkpt lat="51.880407227" lon="4.453990459" />
      <trkpt lat="51.878739122" lon="4.453110695" />
      <trkpt lat="51.878474338" lon="4.452102184" />
      <trkpt lat="51.879242208" lon="4.452316761" />
      <trkpt lat="51.879705571" lon="4.447982311" />
      <trkpt lat="51.878831796" lon="4.447724819" />
      <trkpt lat="51.879943870" lon="4.437468052" />
      <trkpt lat="51.880155691" lon="4.437382221" />
      <trkpt lat="51.880870578" lon="4.435107708" />
      <trkpt lat="51.880777908" lon="4.434764385" />
      <trkpt lat="51.881042679" lon="4.434313774" />
      <trkpt lat="51.881228017" lon="4.434614182" />
      <trkpt lat="51.882075269" lon="4.437253475" />
      <trkpt lat="51.882340032" lon="4.437038898" />
      <trkpt lat="51.882485651" lon="4.437425137" />
      <trkpt lat="51.883928578" lon="4.436159134" />
      <trkpt lat="51.882882792" lon="4.432747364" />
      <trkpt lat="51.884272755" lon="4.431588650" />
      <trkpt lat="51.884603692" lon="4.431760311" />
      <trkpt lat="51.885027288" lon="4.432919025" />
      <trkpt lat="51.885133187" lon="4.432876110" />
      <trkpt lat="51.885450881" lon="4.434077740" />
      <trkpt lat="51.885397932" lon="4.434163570" />
      <trkpt lat="51.887277576" lon="4.440000057" />
      <trkpt lat="51.887608492" lon="4.440343380" />
      <trkpt lat="51.888071769" lon="4.439957142" />
      <trkpt lat="51.888124715" lon="4.439291954" />
      <trkpt lat="51.887211393" lon="4.436309338" />
      <trkpt lat="51.887079026" lon="4.436459541" />
      <trkpt lat="51.886576028" lon="4.434936047" />
      <trkpt lat="51.886814291" lon="4.434807301" />
      <trkpt lat="51.886470133" lon="4.433541298" />
      <trkpt lat="51.886271579" lon="4.433648586" />
      <trkpt lat="51.885371457" lon="4.430751801" />
      <trkpt lat="51.887317286" lon="4.429099560" />
      <trkpt lat="51.887767330" lon="4.430387020" />
      <trkpt lat="51.887515836" lon="4.431717396" />
      <trkpt lat="51.890110132" lon="4.439699650" />
      <trkpt lat="51.891870462" lon="4.438197613" />
      <trkpt lat="51.888495332" lon="4.427876472" />
      <trkpt lat="51.889858650" lon="4.426653385" />
      <trkpt lat="51.890242490" lon="4.426975250" />
      <trkpt lat="51.893458670" lon="4.437124729" />
      <trkpt lat="51.894649790" lon="4.436395168" />
      <trkpt lat="51.896714322" lon="4.433691502" />
      <trkpt lat="51.895708536" lon="4.428799152" />
      <trkpt lat="51.894133642" lon="4.423842430" />
      <trkpt lat="51.895602662" lon="4.422619343" />
      <trkpt lat="51.898686126" lon="4.433176517" />
      <trkpt lat="51.899334553" lon="4.432618618" />
      <trkpt lat="51.899069890" lon="4.431631565" />
      <trkpt lat="51.899175756" lon="4.431395531" />
      <trkpt lat="51.898778759" lon="4.429807663" />
      <trkpt lat="51.899705079" lon="4.429678917" />
      <trkpt lat="51.899863874" lon="4.431846142" />
      <trkpt lat="51.900406422" lon="4.431266785" />
      <trkpt lat="51.900499051" lon="4.429314137" />
      <trkpt lat="51.900419655" lon="4.424936771" />
      <trkpt lat="51.897733319" lon="4.425537586" />
      <trkpt lat="51.897495114" lon="4.424099922" />
      <trkpt lat="51.897786253" lon="4.423670769" />
      <trkpt lat="51.897759786" lon="4.423434734" />
      <trkpt lat="51.897217206" lon="4.422833920" />
      <trkpt lat="51.896899596" lon="4.420344830" />
      <trkpt lat="51.897997990" lon="4.420001507" />
      <trkpt lat="51.899771244" lon="4.419701099" />
      <trkpt lat="51.899718312" lon="4.418392181" />
      <trkpt lat="51.899572748" lon="4.418392181" />
      <trkpt lat="51.899427185" lon="4.416718483" />
      <trkpt lat="51.899255154" lon="4.416782856" />
      <trkpt lat="51.899228688" lon="4.416546822" />
      <trkpt lat="51.898990491" lon="4.416654110" />
      <trkpt lat="51.898950791" lon="4.416332245" />
      <trkpt lat="51.899228688" lon="4.416224957" />
      <trkpt lat="51.899109590" lon="4.414980412" />
      <trkpt lat="51.898911092" lon="4.415066242" />
      <trkpt lat="51.898712593" lon="4.413650036" />
      <trkpt lat="51.898540560" lon="4.414143562" />
      <trkpt lat="51.896184964" lon="4.414637089" />
      <trkpt lat="51.895973219" lon="4.415216446" />
      <trkpt lat="51.893154268" lon="4.418284893" />
      <trkpt lat="51.893114563" lon="4.418799877" />
      <trkpt lat="51.893233677" lon="4.419314861" />
      <trkpt lat="51.893233677" lon="4.419615269" />
      <trkpt lat="51.893418966" lon="4.420130253" />
      <trkpt lat="51.893167503" lon="4.420258999" />
      <trkpt lat="51.892995448" lon="4.420108795" />
      <trkpt lat="51.892055756" lon="4.417190552" />
      <trkpt lat="51.892174873" lon="4.417126179" />
      <trkpt lat="51.891963109" lon="4.416460991" />
      <trkpt lat="51.892095461" lon="4.416353703" />
      <trkpt lat="51.892545457" lon="4.415667057" />
      <trkpt lat="51.892505752" lon="4.415602684" />
      <trkpt lat="51.892068991" lon="4.415967464" />
      <trkpt lat="51.891804285" lon="4.416010380" />
      <trkpt lat="51.891618990" lon="4.415409565" />
      <trkpt lat="51.891486636" lon="4.415495396" />
      <trkpt lat="51.891645461" lon="4.414680004" />
      <trkpt lat="51.895774707" lon="4.411332607" />
      <trkpt lat="51.896806959" lon="4.411675930" />
      <trkpt lat="51.897945056" lon="4.410924911" />
      <trkpt lat="51.897812720" lon="4.410731792" />
      <trkpt lat="51.897812720" lon="4.409916401" />
      <trkpt lat="51.897256908" lon="4.407706261" />
      <trkpt lat="51.897137804" lon="4.407749176" />
      <trkpt lat="51.896770933" lon="4.406330287" />
      <trkpt lat="51.900746479" lon="4.404036999" />
    </trkseg>
  </trk>
  <wpt lat="51.895362616" lon="4.435697662">
    <name>Waalhaven</name>
    <desc>Oproepnaam: Sector Waalhaven
Type: vts
VHF-kanaal: 60
Gebruik: report
Bron/info: https://varendoejesamen.nl/storage/app/media//knooppunten/knooppuntenfoto-1-17.jpg</desc>
    <link href="https://varendoejesamen.nl/storage/app/media//knooppunten/knooppuntenfoto-1-17.jpg">
      <text>https://varendoejesamen.nl/storage/app/media//knooppunten/knooppuntenfoto-1-17.jpg</text>
    </link>
    <sym>vhf_unknown_60</sym>
    <type>WPT</type>
    <extensions>
      <opencpn:viz>1</opencpn:viz>
      <opencpn:viz_name>0</opencpn:viz_name>
      <opencpn:scale_min_max UseScale="false" ScaleMin="2147483646" ScaleMax="0" />
    </extensions>
  </wpt>
  <trk>
    <name>VHF 74 - Seaport IJmuiden</name>
    <desc>Type: marina
VHF-kanaal: 74
Gebruik: listen
Telefoon: +31255560300
Bron/info: https://www.marinaseaport.nl/</desc>
    <extensions>
      <opencpn:viz>1</opencpn:viz>
      <opencpn:style width="4" style="101" />
      <gpxx:TrackExtension>
        <gpxx:DisplayColor>Green</gpxx:DisplayColor>
      </gpxx:TrackExtension>
    </extensions>
    <trkseg>
      <trkpt lat="52.461757839" lon="4.556432578" />
      <trkpt lat="52.456707092" lon="4.559178875" />
      <trkpt lat="52.457745981" lon="4.564901409" />
      <trkpt lat="52.462389092" lon="4.564188962" />
      <trkpt lat="52.461757839" lon="4.556432578" />
    </trkseg>
  </trk>
  <wpt lat="52.459749309" lon="4.561063586">
    <name>Seaport IJmuiden</name>
    <desc>Type: marina
VHF-kanaal: 74
Gebruik: listen
Telefoon: +31255560300
Bron/info: https://www.marinaseaport.nl/</desc>
    <link href="https://www.marinaseaport.nl/">
      <text>https://www.marinaseaport.nl/</text>
    </link>
    <link href="tel:+31255560300">
      <text>tel:+31255560300</text>
    </link>
    <sym>vhf_unknown_74</sym>
    <type>WPT</type>
    <extensions>
      <opencpn:viz>1</opencpn:viz>
      <opencpn:viz_name>0</opencpn:viz_name>
      <opencpn:scale_min_max UseScale="false" ScaleMin="2147483646" ScaleMax="0" />
    </extensions>
  </wpt>
  <trk>
    <name>VHF 22 - Brug Souburg</name>
    <desc>Oproepnaam: Brug Souburg
Type: bridge
VHF-kanaal: 22
Gebruik: listen
Opmerking: Let op:  blauwe golf.
Bron/info: https://www.zeeland.nl/actueel/bedieningstijden-sluizen-en-bruggen</desc>
    <extensions>
      <opencpn:viz>1</opencpn:viz>
      <opencpn:style width="5" style="101" />
      <gpxx:TrackExtension>
        <gpxx:DisplayColor>Cyan</gpxx:DisplayColor>
      </gpxx:TrackExtension>
    </extensions>
    <trkseg>
      <trkpt lat="51.464746536" lon="3.594385386" />
      <trkpt lat="51.464803319" lon="3.594068885" />
      <trkpt lat="51.464923566" lon="3.594127893" />
      <trkpt lat="51.464863442" lon="3.594444394" />
      <trkpt lat="51.464746536" lon="3.594385386" />
    </trkseg>
  </trk>
  <wpt lat="51.464832153" lon="3.594255827">
    <name>Brug Souburg</name>
    <desc>Oproepnaam: Brug Souburg
Type: bridge
VHF-kanaal: 22
Gebruik: listen
Opmerking: Let op:  blauwe golf.
Bron/info: https://www.zeeland.nl/actueel/bedieningstijden-sluizen-en-bruggen</desc>
    <link href="https://www.zeeland.nl/actueel/bedieningstijden-sluizen-en-bruggen">
      <text>https://www.zeeland.nl/actueel/bedieningstijden-sluizen-en-bruggen</text>
    </link>
    <sym>vhf_unknown_22</sym>
    <type>WPT</type>
    <extensions>
      <opencpn:viz>1</opencpn:viz>
      <opencpn:viz_name>0</opencpn:viz_name>
      <opencpn:scale_min_max UseScale="false" ScaleMin="2147483646" ScaleMax="0" />
    </extensions>
  </wpt>
  <trk>
    <name>VHF 78 - Sluis Maasbracht</name>
    <desc>Oproepnaam: Sluis Maasbracht
Type: lock
VHF-kanaal: 78
Gebruik: announce
Bron/info: https://varendoejesamen.nl/kenniscentrum/artikel/knooppunt-4-3</desc>
    <extensions>
      <opencpn:viz>1</opencpn:viz>
      <opencpn:style width="5" style="101" />
      <gpxx:TrackExtension>
        <gpxx:DisplayColor>Blue</gpxx:DisplayColor>
      </gpxx:TrackExtension>
    </extensions>
    <trkseg>
      <trkpt lat="51.141323499" lon="5.876575112" />
      <trkpt lat="51.140970105" lon="5.877519250" />
      <trkpt lat="51.140266674" lon="5.876864791" />
      <trkpt lat="51.140162337" lon="5.877181292" />
      <trkpt lat="51.142090859" lon="5.879005194" />
      <trkpt lat="51.142541846" lon="5.877760649" />
      <trkpt lat="51.141323499" lon="5.876575112" />
    </trkseg>
  </trk>
  <wpt lat="51.141559744" lon="5.877738232">
    <name>Sluis Maasbracht</name>
    <desc>Oproepnaam: Sluis Maasbracht
Type: lock
VHF-kanaal: 78
Gebruik: announce
Bron/info: https://varendoejesamen.nl/kenniscentrum/artikel/knooppunt-4-3</desc>
    <link href="https://varendoejesamen.nl/kenniscentrum/artikel/knooppunt-4-3">
      <text>https://varendoejesamen.nl/kenniscentrum/artikel/knooppunt-4-3</text>
    </link>
    <sym>vhf_unknown_78</sym>
    <type>WPT</type>
    <extensions>
      <opencpn:viz>1</opencpn:viz>
      <opencpn:viz_name>0</opencpn:viz_name>
      <opencpn:scale_min_max UseScale="false" ScaleMin="2147483646" ScaleMax="0" />
    </extensions>
  </wpt>
  <trk>
    <name>VHF 74 - Binnenhaven Stavoren</name>
    <desc>Oproepnaam: Binnenhaven Stavoren
Type: marina
VHF-kanaal: 74
Gebruik: announce
Opmerking: + old lock</desc>
    <extensions>
      <opencpn:viz>1</opencpn:viz>
      <opencpn:style width="4" style="101" />
      <gpxx:TrackExtension>
        <gpxx:DisplayColor>Green</gpxx:DisplayColor>
      </gpxx:TrackExtension>
    </extensions>
    <trkseg>
      <trkpt lat="52.879633062" lon="5.365512371" />
      <trkpt lat="52.879710759" lon="5.363130569" />
      <trkpt lat="52.881523651" lon="5.362915993" />
      <trkpt lat="52.885343425" lon="5.360126495" />
      <trkpt lat="52.885951968" lon="5.360233784" />
      <trkpt lat="52.885913125" lon="5.359203815" />
      <trkpt lat="52.886029654" lon="5.358538628" />
      <trkpt lat="52.886236815" lon="5.358560085" />
      <trkpt lat="52.886301553" lon="5.360641479" />
      <trkpt lat="52.885744805" lon="5.361328125" />
      <trkpt lat="52.884488861" lon="5.361971855" />
      <trkpt lat="52.884035676" lon="5.361628532" />
      <trkpt lat="52.882184043" lon="5.362894535" />
      <trkpt lat="52.881743783" lon="5.363838673" />
      <trkpt lat="52.880992740" lon="5.363774300" />
      <trkpt lat="52.880358229" lon="5.364804268" />
      <trkpt lat="52.879995647" lon="5.365726948" />
      <trkpt lat="52.879633062" lon="5.365512371" />
    </trkseg>
  </trk>
  <wpt lat="52.882838584" lon="5.362339771">
    <name>Binnenhaven Stavoren</name>
    <desc>Oproepnaam: Binnenhaven Stavoren
Type: marina
VHF-kanaal: 74
Gebruik: announce
Opmerking: + old lock</desc>
    <link href="https://">
      <text>https://</text>
    </link>
    <sym>vhf_unknown_74</sym>
    <type>WPT</type>
    <extensions>
      <opencpn:viz>1</opencpn:viz>
      <opencpn:viz_name>0</opencpn:viz_name>
      <opencpn:scale_min_max UseScale="false" ScaleMin="2147483646" ScaleMax="0" />
    </extensions>
  </wpt>
  <trk>
    <name>VHF 18 - Sluis Belfeld</name>
    <desc>Oproepnaam: Sluis Belfeld
Type: lock
VHF-kanaal: 18
Gebruik: announce
Bron/info: https://varendoejesamen.nl/kenniscentrum/artikel/knooppunt-4-6</desc>
    <extensions>
      <opencpn:viz>1</opencpn:viz>
      <opencpn:style width="5" style="101" />
      <gpxx:TrackExtension>
        <gpxx:DisplayColor>Blue</gpxx:DisplayColor>
      </gpxx:TrackExtension>
    </extensions>
    <trkseg>
      <trkpt lat="51.322150849" lon="6.114138365" />
      <trkpt lat="51.322405634" lon="6.113269329" />
      <trkpt lat="51.321976522" lon="6.112636328" />
      <trkpt lat="51.322251422" lon="6.111713648" />
      <trkpt lat="51.321104875" lon="6.110683680" />
      <trkpt lat="51.320816557" lon="6.111617088" />
      <trkpt lat="51.320273442" lon="6.111531258" />
      <trkpt lat="51.320146044" lon="6.111949682" />
      <trkpt lat="51.322150849" lon="6.114138365" />
    </trkseg>
  </trk>
  <wpt lat="51.321422647" lon="6.112304537">
    <name>Sluis Belfeld</name>
    <desc>Oproepnaam: Sluis Belfeld
Type: lock
VHF-kanaal: 18
Gebruik: announce
Bron/info: https://varendoejesamen.nl/kenniscentrum/artikel/knooppunt-4-6</desc>
    <link href="https://varendoejesamen.nl/kenniscentrum/artikel/knooppunt-4-6">
      <text>https://varendoejesamen.nl/kenniscentrum/artikel/knooppunt-4-6</text>
    </link>
    <sym>vhf_unknown_18</sym>
    <type>WPT</type>
    <extensions>
      <opencpn:viz>1</opencpn:viz>
      <opencpn:viz_name>0</opencpn:viz_name>
      <opencpn:scale_min_max UseScale="false" ScaleMin="2147483646" ScaleMax="0" />
    </extensions>
  </wpt>
  <trk>
    <name>VHF 22 - Vlakebruggen</name>
    <desc>Oproepnaam: Sluizen Hansweert
Type: bridge
VHF-kanaal: 22
Gebruik: listen
Opmerking: Road- + trainbridge
Bron/info: https://varendoejesamen.nl/kenniscentrum/artikel/knooppunt-2-6</desc>
    <extensions>
      <opencpn:viz>1</opencpn:viz>
      <opencpn:style width="5" style="101" />
      <gpxx:TrackExtension>
        <gpxx:DisplayColor>Cyan</gpxx:DisplayColor>
      </gpxx:TrackExtension>
    </extensions>
    <trkseg>
      <trkpt lat="51.469068019" lon="4.004838467" />
      <trkpt lat="51.469502199" lon="4.004795551" />
      <trkpt lat="51.469562316" lon="4.007649422" />
      <trkpt lat="51.469134816" lon="4.007649422" />
      <trkpt lat="51.469068019" lon="4.004838467" />
    </trkseg>
  </trk>
  <wpt lat="51.469317320" lon="4.006229010">
    <name>Vlakebruggen</name>
    <desc>Oproepnaam: Sluizen Hansweert
Type: bridge
VHF-kanaal: 22
Gebruik: listen
Opmerking: Road- + trainbridge
Bron/info: https://varendoejesamen.nl/kenniscentrum/artikel/knooppunt-2-6</desc>
    <link href="https://varendoejesamen.nl/kenniscentrum/artikel/knooppunt-2-6">
      <text>https://varendoejesamen.nl/kenniscentrum/artikel/knooppunt-2-6</text>
    </link>
    <sym>vhf_unknown_22</sym>
    <type>WPT</type>
    <extensions>
      <opencpn:viz>1</opencpn:viz>
      <opencpn:viz_name>0</opencpn:viz_name>
      <opencpn:scale_min_max UseScale="false" ScaleMin="2147483646" ScaleMax="0" />
    </extensions>
  </wpt>
  <trk>
    <name>VHF 20 - Prinses Margrietsluis</name>
    <desc>Type: lock
VHF-kanaal: 20
Gebruik: report
Telefoon: +31887975555
Bron/info: https://waterkaart.net/gids/sluis.php?naam=Prinses%20Margrietsluis</desc>
    <extensions>
      <opencpn:viz>1</opencpn:viz>
      <opencpn:style width="5" style="101" />
      <gpxx:TrackExtension>
        <gpxx:DisplayColor>Blue</gpxx:DisplayColor>
      </gpxx:TrackExtension>
    </extensions>
    <trkseg>
      <trkpt lat="52.852785308" lon="5.676861355" />
      <trkpt lat="52.850212256" lon="5.675364316" />
      <trkpt lat="52.850070762" lon="5.675986652" />
      <trkpt lat="52.852679291" lon="5.677497351" />
      <trkpt lat="52.852785308" lon="5.676861355" />
    </trkseg>
  </trk>
  <wpt lat="52.851434930" lon="5.676426904">
    <name>Prinses Margrietsluis</name>
    <desc>Type: lock
VHF-kanaal: 20
Gebruik: report
Telefoon: +31887975555
Bron/info: https://waterkaart.net/gids/sluis.php?naam=Prinses%20Margrietsluis</desc>
    <link href="https://waterkaart.net/gids/sluis.php?naam=Prinses%20Margrietsluis">
      <text>https://waterkaart.net/gids/sluis.php?naam=Prinses%20Margrietsluis</text>
    </link>
    <link href="tel:+31887975555">
      <text>tel:+31887975555</text>
    </link>
    <sym>vhf_unknown_20</sym>
    <type>WPT</type>
    <extensions>
      <opencpn:viz>1</opencpn:viz>
      <opencpn:viz_name>0</opencpn:viz_name>
      <opencpn:scale_min_max UseScale="false" ScaleMin="2147483646" ScaleMax="0" />
    </extensions>
  </wpt>
  <trk>
    <name>VHF 63 - Off Texel VTS</name>
    <desc>Oproepnaam: Off Texel
Type: vts
VHF-kanaal: 63
Gebruik: announce
Bron/info: https://www.rijkswaterstaat.nl/nieuws/archief/2025/10/nieuw-vts-gebied-off-texel-vanaf-3-november-operationeel</desc>
    <extensions>
      <opencpn:viz>1</opencpn:viz>
      <opencpn:style width="7" style="101" />
      <gpxx:TrackExtension>
        <gpxx:DisplayColor>Red</gpxx:DisplayColor>
      </gpxx:TrackExtension>
    </extensions>
    <trkseg>
      <trkpt lat="52.976736196" lon="4.372290373" />
      <trkpt lat="53.182577949" lon="4.588497877" />
      <trkpt lat="53.380922161" lon="4.732006788" />
      <trkpt lat="53.439998052" lon="4.959999919" />
      <trkpt lat="53.528306647" lon="5.024979115" />
      <trkpt lat="53.618140254" lon="5.115450025" />
      <trkpt lat="53.591460473" lon="4.619321823" />
      <trkpt lat="53.305073057" lon="4.458984733" />
      <trkpt lat="53.182565090" lon="4.365316629" />
      <trkpt lat="52.976736196" lon="4.372290373" />
    </trkseg>
  </trk>
  <wpt lat="53.384882598" lon="4.670941599">
    <name>Off Texel VTS</name>
    <desc>Oproepnaam: Off Texel
Type: vts
VHF-kanaal: 63
Gebruik: announce
Bron/info: https://www.rijkswaterstaat.nl/nieuws/archief/2025/10/nieuw-vts-gebied-off-texel-vanaf-3-november-operationeel</desc>
    <link href="https://www.rijkswaterstaat.nl/nieuws/archief/2025/10/nieuw-vts-gebied-off-texel-vanaf-3-november-operationeel">
      <text>https://www.rijkswaterstaat.nl/nieuws/archief/2025/10/nieuw-vts-gebied-off-texel-vanaf-3-november-operationeel</text>
    </link>
    <sym>vhf_unknown_63</sym>
    <type>WPT</type>
    <extensions>
      <opencpn:viz>1</opencpn:viz>
      <opencpn:viz_name>0</opencpn:viz_name>
      <opencpn:scale_min_max UseScale="false" ScaleMin="2147483646" ScaleMax="0" />
    </extensions>
  </wpt>
  <wpt lat="53.137087211" lon="4.515343308">
    <name>Off Texel VTS</name>
    <desc>Oproepnaam: Off Texel
Type: vts
VHF-kanaal: 63
Gebruik: announce
Bron/info: https://www.rijkswaterstaat.nl/nieuws/archief/2025/10/nieuw-vts-gebied-off-texel-vanaf-3-november-operationeel</desc>
    <link href="https://www.rijkswaterstaat.nl/nieuws/archief/2025/10/nieuw-vts-gebied-off-texel-vanaf-3-november-operationeel">
      <text>https://www.rijkswaterstaat.nl/nieuws/archief/2025/10/nieuw-vts-gebied-off-texel-vanaf-3-november-operationeel</text>
    </link>
    <sym>vhf_unknown_63</sym>
    <type>WPT</type>
    <extensions>
      <opencpn:viz>1</opencpn:viz>
      <opencpn:viz_name>0</opencpn:viz_name>
      <opencpn:scale_min_max UseScale="false" ScaleMin="2147483646" ScaleMax="0" />
    </extensions>
  </wpt>
  <wpt lat="53.457789240" lon="4.965423346">
    <name>Off Texel VTS</name>
    <desc>Oproepnaam: Off Texel
Type: vts
VHF-kanaal: 63
Gebruik: announce
Bron/info: https://www.rijkswaterstaat.nl/nieuws/archief/2025/10/nieuw-vts-gebied-off-texel-vanaf-3-november-operationeel</desc>
    <link href="https://www.rijkswaterstaat.nl/nieuws/archief/2025/10/nieuw-vts-gebied-off-texel-vanaf-3-november-operationeel">
      <text>https://www.rijkswaterstaat.nl/nieuws/archief/2025/10/nieuw-vts-gebied-off-texel-vanaf-3-november-operationeel</text>
    </link>
    <sym>vhf_unknown_63</sym>
    <type>WPT</type>
    <extensions>
      <opencpn:viz>1</opencpn:viz>
      <opencpn:viz_name>0</opencpn:viz_name>
      <opencpn:scale_min_max UseScale="false" ScaleMin="2147483646" ScaleMax="0" />
    </extensions>
  </wpt>
  <trk>
    <name>VHF 3 - Hoek van Holland</name>
    <desc>Oproepnaam: Sector Maasmond
Type: vts
VHF-kanaal: 3
Gebruik: report
Telefoon: +31102522801
Bron/info: https://www.portofrotterdam.com/sites/default/files/2022-07/procedure-VHF-communication-VTS-HCC-2022-English.pdf</desc>
    <extensions>
      <opencpn:viz>1</opencpn:viz>
      <opencpn:style width="7" style="101" />
      <gpxx:TrackExtension>
        <gpxx:DisplayColor>Red</gpxx:DisplayColor>
      </gpxx:TrackExtension>
    </extensions>
    <trkseg>
      <trkpt lat="51.977772674" lon="4.119443893" />
      <trkpt lat="51.994410135" lon="4.046939441" />
      <trkpt lat="52.036666700" lon="4.031111111" />
      <trkpt lat="52.119722200" lon="4.001388889" />
      <trkpt lat="52.014758796" lon="3.968995736" />
      <trkpt lat="51.964054477" lon="3.882495442" />
      <trkpt lat="51.968611100" lon="3.964444444" />
      <trkpt lat="51.983782142" lon="3.981698862" />
      <trkpt lat="51.988696063" lon="4.004781813" />
      <trkpt lat="51.985099376" lon="4.021816470" />
      <trkpt lat="51.987209340" lon="4.029862858" />
      <trkpt lat="51.987419241" lon="4.034141348" />
      <trkpt lat="51.986764429" lon="4.037909246" />
      <trkpt lat="51.985775863" lon="4.041742276" />
      <trkpt lat="51.983908192" lon="4.040858677" />
      <trkpt lat="51.981106433" lon="4.057293168" />
      <trkpt lat="51.976437003" lon="4.072844060" />
      <trkpt lat="51.981611706" lon="4.080766068" />
      <trkpt lat="51.972392935" lon="4.115152359" />
      <trkpt lat="51.977772674" lon="4.119443893" />
    </trkseg>
  </trk>
  <wpt lat="52.016210218" lon="3.993933036">
    <name>Hoek van Holland</name>
    <desc>Oproepnaam: Sector Maasmond
Type: vts
VHF-kanaal: 3
Gebruik: report
Telefoon: +31102522801
Bron/info: https://www.portofrotterdam.com/sites/default/files/2022-07/procedure-VHF-communication-VTS-HCC-2022-English.pdf</desc>
    <link href="https://www.portofrotterdam.com/sites/default/files/2022-07/procedure-VHF-communication-VTS-HCC-2022-English.pdf">
      <text>https://www.portofrotterdam.com/sites/default/files/2022-07/procedure-VHF-communication-VTS-HCC-2022-English.pdf</text>
    </link>
    <link href="tel:+31102522801">
      <text>tel:+31102522801</text>
    </link>
    <sym>vhf_unknown_3</sym>
    <type>WPT</type>
    <extensions>
      <opencpn:viz>1</opencpn:viz>
      <opencpn:viz_name>0</opencpn:viz_name>
      <opencpn:scale_min_max UseScale="false" ScaleMin="2147483646" ScaleMax="0" />
    </extensions>
  </wpt>
  <trk>
    <name>VHF 18 - Sluis Heel</name>
    <desc>Oproepnaam: Sluis Heel
Type: lock
VHF-kanaal: 18
Gebruik: announce
Opmerking: Fixed bridge.
Bron/info: https://varendoejesamen.nl/kenniscentrum/artikel/knooppunt-4-4-b</desc>
    <extensions>
      <opencpn:viz>1</opencpn:viz>
      <opencpn:style width="5" style="101" />
      <gpxx:TrackExtension>
        <gpxx:DisplayColor>Blue</gpxx:DisplayColor>
      </gpxx:TrackExtension>
    </extensions>
    <trkseg>
      <trkpt lat="51.176154867" lon="5.919077396" />
      <trkpt lat="51.175956443" lon="5.919823050" />
      <trkpt lat="51.173810723" lon="5.918433666" />
      <trkpt lat="51.173931801" lon="5.918068886" />
      <trkpt lat="51.174691893" lon="5.918540955" />
      <trkpt lat="51.174796152" lon="5.918176174" />
      <trkpt lat="51.176154867" lon="5.919077396" />
    </trkseg>
  </trk>
  <wpt lat="51.175122422" lon="5.918888997">
    <name>Sluis Heel</name>
    <desc>Oproepnaam: Sluis Heel
Type: lock
VHF-kanaal: 18
Gebruik: announce
Opmerking: Fixed bridge.
Bron/info: https://varendoejesamen.nl/kenniscentrum/artikel/knooppunt-4-4-b</desc>
    <link href="https://varendoejesamen.nl/kenniscentrum/artikel/knooppunt-4-4-b">
      <text>https://varendoejesamen.nl/kenniscentrum/artikel/knooppunt-4-4-b</text>
    </link>
    <sym>vhf_unknown_18</sym>
    <type>WPT</type>
    <extensions>
      <opencpn:viz>1</opencpn:viz>
      <opencpn:viz_name>0</opencpn:viz_name>
      <opencpn:scale_min_max UseScale="false" ScaleMin="2147483646" ScaleMax="0" />
    </extensions>
  </wpt>
  <trk>
    <name>VHF 01 - Eemshaven Radar</name>
    <desc>Type: vts
VHF-kanaal: 01
Gebruik: report
Opmerking: Havendienst Delfzijl/Eemshaven – VHF 66
Bron/info: https://www.groningen-seaports.com/wp-content/uploads/InfoKaart-Eems-1.pdf</desc>
    <extensions>
      <opencpn:viz>1</opencpn:viz>
      <opencpn:style width="7" style="101" />
      <gpxx:TrackExtension>
        <gpxx:DisplayColor>Red</gpxx:DisplayColor>
      </gpxx:TrackExtension>
    </extensions>
    <trkseg>
      <trkpt lat="53.462453339" lon="6.834955215" />
      <trkpt lat="53.460257217" lon="6.841392517" />
      <trkpt lat="53.458622819" lon="6.842765808" />
      <trkpt lat="53.456375420" lon="6.842594147" />
      <trkpt lat="53.446924826" lon="6.838388443" />
      <trkpt lat="53.443961505" lon="6.856584549" />
      <trkpt lat="53.441253461" lon="6.855468750" />
      <trkpt lat="53.441968810" lon="6.847572327" />
      <trkpt lat="53.443450566" lon="6.836929321" />
      <trkpt lat="53.442837432" lon="6.834011078" />
      <trkpt lat="53.443808224" lon="6.825771332" />
      <trkpt lat="53.444830086" lon="6.818304062" />
      <trkpt lat="53.445443191" lon="6.818561554" />
      <trkpt lat="53.447333544" lon="6.819763184" />
      <trkpt lat="53.446158470" lon="6.828346252" />
      <trkpt lat="53.448202057" lon="6.829032898" />
      <trkpt lat="53.450705316" lon="6.812467575" />
      <trkpt lat="53.453872495" lon="6.813583374" />
      <trkpt lat="53.451165083" lon="6.831951141" />
      <trkpt lat="53.453923576" lon="6.834011078" />
      <trkpt lat="53.454638712" lon="6.833667755" />
      <trkpt lat="53.457294825" lon="6.816673279" />
      <trkpt lat="53.460103995" lon="6.817960739" />
      <trkpt lat="53.459542175" lon="6.821308136" />
      <trkpt lat="53.458163134" lon="6.822853088" />
      <trkpt lat="53.456375420" lon="6.833925247" />
      <trkpt lat="53.458316363" lon="6.833066940" />
      <trkpt lat="53.459337876" lon="6.830234528" />
      <trkpt lat="53.462300125" lon="6.832294464" />
      <trkpt lat="53.462453339" lon="6.834955215" />
    </trkseg>
  </trk>
  <wpt lat="53.450724439" lon="6.833271220">
    <name>Eemshaven Radar</name>
    <desc>Type: vts
VHF-kanaal: 01
Gebruik: report
Opmerking: Havendienst Delfzijl/Eemshaven – VHF 66
Bron/info: https://www.groningen-seaports.com/wp-content/uploads/InfoKaart-Eems-1.pdf</desc>
    <link href="https://www.groningen-seaports.com/wp-content/uploads/InfoKaart-Eems-1.pdf">
      <text>https://www.groningen-seaports.com/wp-content/uploads/InfoKaart-Eems-1.pdf</text>
    </link>
    <sym>vhf_unknown_1</sym>
    <type>WPT</type>
    <extensions>
      <opencpn:viz>1</opencpn:viz>
      <opencpn:viz_name>0</opencpn:viz_name>
      <opencpn:scale_min_max UseScale="false" ScaleMin="2147483646" ScaleMax="0" />
    </extensions>
  </wpt>
  <trk>
    <name>VHF 60 - Post Wijk bij Duurstede</name>
    <desc>Oproepnaam: Sector Wijk bij Duurstede
Type: vts
VHF-kanaal: 60
Gebruik: listen
Telefoon: +31 343-595111
Bron/info: https://www.varendoejesamen.nl/knooppunten/knooppunt-1-31-oversteek-lek-bij-wijk-bij-duurstede-en-de-prinses-irenesluizen</desc>
    <extensions>
      <opencpn:viz>1</opencpn:viz>
      <opencpn:style width="7" style="101" />
      <gpxx:TrackExtension>
        <gpxx:DisplayColor>Red</gpxx:DisplayColor>
      </gpxx:TrackExtension>
    </extensions>
    <trkseg>
      <trkpt lat="51.955131770" lon="5.356651520" />
      <trkpt lat="51.955437150" lon="5.356326890" />
      <trkpt lat="51.956789950" lon="5.353525689" />
      <trkpt lat="51.958133310" lon="5.350330008" />
      <trkpt lat="51.958914620" lon="5.347663782" />
      <trkpt lat="51.960338680" lon="5.344247278" />
      <trkpt lat="51.961129280" lon="5.343697490" />
      <trkpt lat="51.961585850" lon="5.343035396" />
      <trkpt lat="51.961897850" lon="5.341911322" />
      <trkpt lat="51.963048760" lon="5.343352201" />
      <trkpt lat="51.963067170" lon="5.343814393" />
      <trkpt lat="51.963547920" lon="5.344534861" />
      <trkpt lat="51.964832450" lon="5.345744762" />
      <trkpt lat="51.964814910" lon="5.346075076" />
      <trkpt lat="51.965469960" lon="5.346763589" />
      <trkpt lat="51.966391160" lon="5.347533519" />
      <trkpt lat="51.966974010" lon="5.348374331" />
      <trkpt lat="51.966993450" lon="5.349066867" />
      <trkpt lat="51.967545110" lon="5.349422853" />
      <trkpt lat="51.968983950" lon="5.352880607" />
      <trkpt lat="51.969933930" lon="5.356670605" />
      <trkpt lat="51.970327330" lon="5.359970475" />
      <trkpt lat="51.970313660" lon="5.364011841" />
      <trkpt lat="51.969988010" lon="5.366768330" />
      <trkpt lat="51.969011800" lon="5.371778248" />
      <trkpt lat="51.968553630" lon="5.377967469" />
      <trkpt lat="51.968722810" lon="5.382967292" />
      <trkpt lat="51.969468859" lon="5.388017178" />
      <trkpt lat="51.970471580" lon="5.387542125" />
      <trkpt lat="51.969802610" lon="5.383034034" />
      <trkpt lat="51.969617570" lon="5.377914068" />
      <trkpt lat="51.969969440" lon="5.373286887" />
      <trkpt lat="51.971056330" lon="5.367024585" />
      <trkpt lat="51.971357870" lon="5.364389035" />
      <trkpt lat="51.971433290" lon="5.360904063" />
      <trkpt lat="51.971128540" lon="5.357311292" />
      <trkpt lat="51.970402330" lon="5.353604470" />
      <trkpt lat="51.969284030" lon="5.350181682" />
      <trkpt lat="51.969501760" lon="5.349426745" />
      <trkpt lat="51.969182900" lon="5.348250500" />
      <trkpt lat="51.968787160" lon="5.347701771" />
      <trkpt lat="51.968019600" lon="5.346864620" />
      <trkpt lat="51.967867630" lon="5.346264126" />
      <trkpt lat="51.967679840" lon="5.345907814" />
      <trkpt lat="51.967009110" lon="5.345107686" />
      <trkpt lat="51.966529510" lon="5.344923058" />
      <trkpt lat="51.965582700" lon="5.344025215" />
      <trkpt lat="51.965286550" lon="5.343151103" />
      <trkpt lat="51.964975180" lon="5.342767925" />
      <trkpt lat="51.964663120" lon="5.342203731" />
      <trkpt lat="51.964601680" lon="5.341983324" />
      <trkpt lat="51.963859200" lon="5.341601309" />
      <trkpt lat="51.962807590" lon="5.340217541" />
      <trkpt lat="51.963308470" lon="5.339331880" />
      <trkpt lat="51.963493290" lon="5.338423842" />
      <trkpt lat="51.963504190" lon="5.337421137" />
      <trkpt lat="51.966049329" lon="5.328449204" />
      <trkpt lat="51.964554260" lon="5.327589160" />
      <trkpt lat="51.963797700" lon="5.330165294" />
      <trkpt lat="51.962488350" lon="5.332716923" />
      <trkpt lat="51.961365400" lon="5.335579895" />
      <trkpt lat="51.960642240" lon="5.335782622" />
      <trkpt lat="51.960286160" lon="5.336279822" />
      <trkpt lat="51.959731100" lon="5.336047623" />
      <trkpt lat="51.959013570" lon="5.334900997" />
      <trkpt lat="51.958116280" lon="5.333305395" />
      <trkpt lat="51.958065240" lon="5.332890013" />
      <trkpt lat="51.957854390" lon="5.331978525" />
      <trkpt lat="51.957420930" lon="5.330602333" />
      <trkpt lat="51.957283480" lon="5.329767953" />
      <trkpt lat="51.956939870" lon="5.328799551" />
      <trkpt lat="51.956855680" lon="5.328193431" />
      <trkpt lat="51.956483200" lon="5.327071566" />
      <trkpt lat="51.956247500" lon="5.327011231" />
      <trkpt lat="51.954695874" lon="5.327854924" />
      <trkpt lat="51.954873610" lon="5.328391718" />
      <trkpt lat="51.955438260" lon="5.330783642" />
      <trkpt lat="51.955708960" lon="5.331302173" />
      <trkpt lat="51.955755500" lon="5.331964687" />
      <trkpt lat="51.955879390" lon="5.333371964" />
      <trkpt lat="51.956058620" lon="5.333447442" />
      <trkpt lat="51.956301960" lon="5.333362018" />
      <trkpt lat="51.956489810" lon="5.334469040" />
      <trkpt lat="51.956813190" lon="5.335496191" />
      <trkpt lat="51.957198510" lon="5.335528831" />
      <trkpt lat="51.957372430" lon="5.336236763" />
      <trkpt lat="51.957695390" lon="5.337128453" />
      <trkpt lat="51.958250950" lon="5.337929441" />
      <trkpt lat="51.958506040" lon="5.337777624" />
      <trkpt lat="51.959153890" lon="5.339154737" />
      <trkpt lat="51.958703560" lon="5.339800956" />
      <trkpt lat="51.958449090" lon="5.341190183" />
      <trkpt lat="51.958712850" lon="5.342952765" />
      <trkpt lat="51.958617580" lon="5.343483706" />
      <trkpt lat="51.954096350" lon="5.354279868" />
      <trkpt lat="51.954193050" lon="5.354452879" />
      <trkpt lat="51.952395820" lon="5.358728343" />
      <trkpt lat="51.952196810" lon="5.358608562" />
      <trkpt lat="51.950723160" lon="5.362752523" />
      <trkpt lat="51.948543427" lon="5.369907237" />
      <trkpt lat="51.949875590" lon="5.371136729" />
      <trkpt lat="51.950383270" lon="5.370252453" />
      <trkpt lat="51.952260270" lon="5.364907641" />
      <trkpt lat="51.952433030" lon="5.363808565" />
      <trkpt lat="51.953880740" lon="5.359885728" />
      <trkpt lat="51.953946260" lon="5.359476641" />
      <trkpt lat="51.955131770" lon="5.356651520" />
    </trkseg>
  </trk>
  <wpt lat="51.959988358" lon="5.339212420">
    <name>Post Wijk bij Duurstede</name>
    <desc>Oproepnaam: Sector Wijk bij Duurstede
Type: vts
VHF-kanaal: 60
Gebruik: listen
Telefoon: +31 343-595111
Bron/info: https://www.varendoejesamen.nl/knooppunten/knooppunt-1-31-oversteek-lek-bij-wijk-bij-duurstede-en-de-prinses-irenesluizen</desc>
    <link href="https://www.varendoejesamen.nl/knooppunten/knooppunt-1-31-oversteek-lek-bij-wijk-bij-duurstede-en-de-prinses-irenesluizen">
      <text>https://www.varendoejesamen.nl/knooppunten/knooppunt-1-31-oversteek-lek-bij-wijk-bij-duurstede-en-de-prinses-irenesluizen</text>
    </link>
    <link href="tel:+31343595111">
      <text>tel:+31343595111</text>
    </link>
    <sym>vhf_unknown_60</sym>
    <type>WPT</type>
    <extensions>
      <opencpn:viz>1</opencpn:viz>
      <opencpn:viz_name>0</opencpn:viz_name>
      <opencpn:scale_min_max UseScale="false" ScaleMin="2147483646" ScaleMax="0" />
    </extensions>
  </wpt>
  <trk>
    <name>VHF 20 - Brug Oisterwijksebaan</name>
    <desc>Type: bridge
VHF-kanaal: 20
Gebruik: announce
Telefoon: +31 (0)88 7974825
Bron/info: https://waterkaart.net/gids/brug.php?naam=Brug-Oisterwijksebaan</desc>
    <extensions>
      <opencpn:viz>1</opencpn:viz>
      <opencpn:style width="5" style="101" />
      <gpxx:TrackExtension>
        <gpxx:DisplayColor>Cyan</gpxx:DisplayColor>
      </gpxx:TrackExtension>
    </extensions>
    <trkseg>
      <trkpt lat="51.558533283" lon="5.110976100" />
      <trkpt lat="51.558619997" lon="5.111348927" />
      <trkpt lat="51.558544956" lon="5.111394525" />
      <trkpt lat="51.558466581" lon="5.111008286" />
      <trkpt lat="51.558533283" lon="5.110976100" />
    </trkseg>
  </trk>
  <wpt lat="51.558564960" lon="5.111188785">
    <name>Brug Oisterwijksebaan</name>
    <desc>Type: bridge
VHF-kanaal: 20
Gebruik: announce
Telefoon: +31 (0)88 7974825
Bron/info: https://waterkaart.net/gids/brug.php?naam=Brug-Oisterwijksebaan</desc>
    <link href="https://waterkaart.net/gids/brug.php?naam=Brug-Oisterwijksebaan">
      <text>https://waterkaart.net/gids/brug.php?naam=Brug-Oisterwijksebaan</text>
    </link>
    <link href="tel:+310887974825">
      <text>tel:+310887974825</text>
    </link>
    <sym>vhf_unknown_20</sym>
    <type>WPT</type>
    <extensions>
      <opencpn:viz>1</opencpn:viz>
      <opencpn:viz_name>0</opencpn:viz_name>
      <opencpn:scale_min_max UseScale="false" ScaleMin="2147483646" ScaleMax="0" />
    </extensions>
  </wpt>
  <trk>
    <name>VHF 18 - Ketelbrug</name>
    <desc>Oproepnaam: ketelbrug
Type: bridge
VHF-kanaal: 18
Gebruik: report
Opmerking: For ships &gt;11m airdraught</desc>
    <extensions>
      <opencpn:viz>1</opencpn:viz>
      <opencpn:style width="5" style="101" />
      <gpxx:TrackExtension>
        <gpxx:DisplayColor>Cyan</gpxx:DisplayColor>
      </gpxx:TrackExtension>
    </extensions>
    <trkseg>
      <trkpt lat="52.614657475" lon="5.649290085" />
      <trkpt lat="52.614422962" lon="5.649676323" />
      <trkpt lat="52.610253617" lon="5.641930103" />
      <trkpt lat="52.610553302" lon="5.641694069" />
      <trkpt lat="52.614657475" lon="5.649290085" />
    </trkseg>
  </trk>
  <wpt lat="52.612484110" lon="5.645671395">
    <name>Ketelbrug</name>
    <desc>Oproepnaam: ketelbrug
Type: bridge
VHF-kanaal: 18
Gebruik: report
Opmerking: For ships &gt;11m airdraught</desc>
    <link href="https://">
      <text>https://</text>
    </link>
    <sym>vhf_unknown_18</sym>
    <type>WPT</type>
    <extensions>
      <opencpn:viz>1</opencpn:viz>
      <opencpn:viz_name>0</opencpn:viz_name>
      <opencpn:scale_min_max UseScale="false" ScaleMin="2147483646" ScaleMax="0" />
    </extensions>
  </wpt>
  <trk>
    <name>VHF 20 - Sluis Grave</name>
    <desc>Oproepnaam: Sluis Grave
Type: lock
VHF-kanaal: 20
Gebruik: listen
Opmerking: Fixed bridge
Bron/info: https://varendoejesamen.nl/kenniscentrum/artikel/knooppunt-4-9</desc>
    <extensions>
      <opencpn:viz>1</opencpn:viz>
      <opencpn:style width="5" style="101" />
      <gpxx:TrackExtension>
        <gpxx:DisplayColor>Blue</gpxx:DisplayColor>
      </gpxx:TrackExtension>
    </extensions>
    <trkseg>
      <trkpt lat="51.770190221" lon="5.735914707" />
      <trkpt lat="51.770336283" lon="5.736370683" />
      <trkpt lat="51.769449946" lon="5.737813711" />
      <trkpt lat="51.769609288" lon="5.738253593" />
      <trkpt lat="51.768434122" lon="5.739637613" />
      <trkpt lat="51.768301333" lon="5.739235282" />
      <trkpt lat="51.769347036" lon="5.737416744" />
      <trkpt lat="51.769197652" lon="5.736944675" />
      <trkpt lat="51.770190221" lon="5.735914707" />
    </trkseg>
  </trk>
  <wpt lat="51.769338281" lon="5.737746478">
    <name>Sluis Grave</name>
    <desc>Oproepnaam: Sluis Grave
Type: lock
VHF-kanaal: 20
Gebruik: listen
Opmerking: Fixed bridge
Bron/info: https://varendoejesamen.nl/kenniscentrum/artikel/knooppunt-4-9</desc>
    <link href="https://varendoejesamen.nl/kenniscentrum/artikel/knooppunt-4-9">
      <text>https://varendoejesamen.nl/kenniscentrum/artikel/knooppunt-4-9</text>
    </link>
    <sym>vhf_unknown_20</sym>
    <type>WPT</type>
    <extensions>
      <opencpn:viz>1</opencpn:viz>
      <opencpn:viz_name>0</opencpn:viz_name>
      <opencpn:scale_min_max UseScale="false" ScaleMin="2147483646" ScaleMax="0" />
    </extensions>
  </wpt>
  <trk>
    <name>VHF 20 - Sluis 4</name>
    <desc>Type: lock
VHF-kanaal: 20
Gebruik: announce
Telefoon: +31 (0)88 7974825
Bron/info: https://waterkaart.net/gids/sluis.php?naam=sluis-4</desc>
    <extensions>
      <opencpn:viz>1</opencpn:viz>
      <opencpn:style width="5" style="101" />
      <gpxx:TrackExtension>
        <gpxx:DisplayColor>Blue</gpxx:DisplayColor>
      </gpxx:TrackExtension>
    </extensions>
    <trkseg>
      <trkpt lat="51.608231345" lon="5.532200933" />
      <trkpt lat="51.608337952" lon="5.532340407" />
      <trkpt lat="51.609110850" lon="5.530873239" />
      <trkpt lat="51.609015904" lon="5.530736446" />
      <trkpt lat="51.608231345" lon="5.532200933" />
    </trkseg>
  </trk>
  <wpt lat="51.608666506" lon="5.531546597">
    <name>Sluis 4</name>
    <desc>Type: lock
VHF-kanaal: 20
Gebruik: announce
Telefoon: +31 (0)88 7974825
Bron/info: https://waterkaart.net/gids/sluis.php?naam=sluis-4</desc>
    <link href="https://waterkaart.net/gids/sluis.php?naam=sluis-4">
      <text>https://waterkaart.net/gids/sluis.php?naam=sluis-4</text>
    </link>
    <link href="tel:+310887974825">
      <text>tel:+310887974825</text>
    </link>
    <sym>vhf_unknown_20</sym>
    <type>WPT</type>
    <extensions>
      <opencpn:viz>1</opencpn:viz>
      <opencpn:viz_name>0</opencpn:viz_name>
      <opencpn:scale_min_max UseScale="false" ScaleMin="2147483646" ScaleMax="0" />
    </extensions>
  </wpt>
  <trk>
    <name>VHF 22 - Sluis Linne</name>
    <desc>Oproepnaam: Sluis Linne
Type: lock
VHF-kanaal: 22
Gebruik: listen
Opmerking: Fixed bridge
Bron/info: https://varendoejesamen.nl/kenniscentrum/artikel/knooppunt-4-4-b</desc>
    <extensions>
      <opencpn:viz>1</opencpn:viz>
      <opencpn:style width="5" style="101" />
      <gpxx:TrackExtension>
        <gpxx:DisplayColor>Blue</gpxx:DisplayColor>
      </gpxx:TrackExtension>
    </extensions>
    <trkseg>
      <trkpt lat="51.177476548" lon="5.924972892" />
      <trkpt lat="51.177395835" lon="5.925332308" />
      <trkpt lat="51.174957586" lon="5.923755169" />
      <trkpt lat="51.175058481" lon="5.923379660" />
      <trkpt lat="51.177476548" lon="5.924972892" />
    </trkseg>
  </trk>
  <wpt lat="51.176208998" lon="5.924351216">
    <name>Sluis Linne</name>
    <desc>Oproepnaam: Sluis Linne
Type: lock
VHF-kanaal: 22
Gebruik: listen
Opmerking: Fixed bridge
Bron/info: https://varendoejesamen.nl/kenniscentrum/artikel/knooppunt-4-4-b</desc>
    <link href="https://varendoejesamen.nl/kenniscentrum/artikel/knooppunt-4-4-b">
      <text>https://varendoejesamen.nl/kenniscentrum/artikel/knooppunt-4-4-b</text>
    </link>
    <sym>vhf_unknown_22</sym>
    <type>WPT</type>
    <extensions>
      <opencpn:viz>1</opencpn:viz>
      <opencpn:viz_name>0</opencpn:viz_name>
      <opencpn:scale_min_max UseScale="false" ScaleMin="2147483646" ScaleMax="0" />
    </extensions>
  </wpt>
  <trk>
    <name>VHF 61 - Sector IJmuiden</name>
    <desc>Oproepnaam: Sector IJmuiden
Type: vts
VHF-kanaal: 61
Gebruik: listen
Opmerking: PDF harbour outline plus 12 NM seaward half-circle from the IJmuiden pier heads (VTS communicatieregeling 2.0).
Telefoon: +31205234600
Bron/info: https://www.portofamsterdam.com/sites/default/files/2025-09/VTS%20communicatieregeling%202.0%20def.pdf</desc>
    <extensions>
      <opencpn:viz>1</opencpn:viz>
      <opencpn:style width="7" style="101" />
      <gpxx:TrackExtension>
        <gpxx:DisplayColor>Red</gpxx:DisplayColor>
      </gpxx:TrackExtension>
    </extensions>
    <trkseg>
      <trkpt lat="52.668314324" lon="4.586964387" />
      <trkpt lat="52.663332712" lon="4.625416516" />
      <trkpt lat="52.596637696" lon="4.613056634" />
      <trkpt lat="52.504547512" lon="4.591134960" />
      <trkpt lat="52.497759512" lon="4.587846506" />
      <trkpt lat="52.483984512" lon="4.578059669" />
      <trkpt lat="52.467787512" lon="4.563466736" />
      <trkpt lat="52.469223512" lon="4.578607198" />
      <trkpt lat="52.471900512" lon="4.585215196" />
      <trkpt lat="52.473738512" lon="4.599077507" />
      <trkpt lat="52.472429601" lon="4.609451259" />
      <trkpt lat="52.471331305" lon="4.609451255" />
      <trkpt lat="52.471391512" lon="4.600641386" />
      <trkpt lat="52.468811512" lon="4.600400352" />
      <trkpt lat="52.467305107" lon="4.605417196" />
      <trkpt lat="52.466064512" lon="4.604920380" />
      <trkpt lat="52.466103512" lon="4.596838366" />
      <trkpt lat="52.464979512" lon="4.595795787" />
      <trkpt lat="52.464908512" lon="4.590249813" />
      <trkpt lat="52.463434512" lon="4.589950365" />
      <trkpt lat="52.462658512" lon="4.564373655" />
      <trkpt lat="52.460635512" lon="4.551029412" />
      <trkpt lat="52.455845512" lon="4.554977204" />
      <trkpt lat="52.449893512" lon="4.557703430" />
      <trkpt lat="52.443824512" lon="4.559198700" />
      <trkpt lat="52.437605512" lon="4.558719024" />
      <trkpt lat="52.416083512" lon="4.550664061" />
      <trkpt lat="52.385383512" lon="4.529776508" />
      <trkpt lat="52.270102241" lon="4.445513859" />
      <trkpt lat="52.276033512" lon="4.410566114" />
      <trkpt lat="52.286027512" lon="4.370961414" />
      <trkpt lat="52.292185512" lon="4.352047133" />
      <trkpt lat="52.306693512" lon="4.316401755" />
      <trkpt lat="52.314981512" lon="4.299822681" />
      <trkpt lat="52.333447512" lon="4.269506827" />
      <trkpt lat="52.343545512" lon="4.255900075" />
      <trkpt lat="52.365259512" lon="4.232078001" />
      <trkpt lat="52.376780512" lon="4.221964712" />
      <trkpt lat="52.400907512" lon="4.205552722" />
      <trkpt lat="52.426131512" lon="4.194449310" />
      <trkpt lat="52.439021512" lon="4.190951495" />
      <trkpt lat="52.465079512" lon="4.188138749" />
      <trkpt lat="52.491137512" lon="4.190931989" />
      <trkpt lat="52.504027512" lon="4.194420155" />
      <trkpt lat="52.529251512" lon="4.205504685" />
      <trkpt lat="52.553378512" lon="4.221898614" />
      <trkpt lat="52.564899512" lon="4.232003278" />
      <trkpt lat="52.586613512" lon="4.255809098" />
      <trkpt lat="52.596711512" lon="4.269408290" />
      <trkpt lat="52.615177512" lon="4.299710321" />
      <trkpt lat="52.634997512" lon="4.343628832" />
      <trkpt lat="52.648054512" lon="4.380744894" />
      <trkpt lat="52.653446512" lon="4.400274854" />
      <trkpt lat="52.661840512" lon="4.440860676" />
      <trkpt lat="52.664807512" lon="4.461742553" />
      <trkpt lat="52.668215512" lon="4.504238262" />
      <trkpt lat="52.670812199" lon="4.538899211" />
      <trkpt lat="52.668314324" lon="4.586964387" />
    </trkseg>
  </trk>
  <wpt lat="52.486335405" lon="4.405209015">
    <name>Sector IJmuiden</name>
    <desc>Oproepnaam: Sector IJmuiden
Type: vts
VHF-kanaal: 61
Gebruik: listen
Opmerking: PDF harbour outline plus 12 NM seaward half-circle from the IJmuiden pier heads (VTS communicatieregeling 2.0).
Telefoon: +31205234600
Bron/info: https://www.portofamsterdam.com/sites/default/files/2025-09/VTS%20communicatieregeling%202.0%20def.pdf</desc>
    <link href="https://www.portofamsterdam.com/sites/default/files/2025-09/VTS%20communicatieregeling%202.0%20def.pdf">
      <text>https://www.portofamsterdam.com/sites/default/files/2025-09/VTS%20communicatieregeling%202.0%20def.pdf</text>
    </link>
    <link href="tel:+31205234600">
      <text>tel:+31205234600</text>
    </link>
    <sym>vhf_unknown_61</sym>
    <type>WPT</type>
    <extensions>
      <opencpn:viz>1</opencpn:viz>
      <opencpn:viz_name>0</opencpn:viz_name>
      <opencpn:scale_min_max UseScale="false" ScaleMin="2147483646" ScaleMax="0" />
    </extensions>
  </wpt>
  <wpt lat="52.370279730" lon="4.275594302">
    <name>Sector IJmuiden</name>
    <desc>Oproepnaam: Sector IJmuiden
Type: vts
VHF-kanaal: 61
Gebruik: listen
Opmerking: PDF harbour outline plus 12 NM seaward half-circle from the IJmuiden pier heads (VTS communicatieregeling 2.0).
Telefoon: +31205234600
Bron/info: https://www.portofamsterdam.com/sites/default/files/2025-09/VTS%20communicatieregeling%202.0%20def.pdf</desc>
    <link href="https://www.portofamsterdam.com/sites/default/files/2025-09/VTS%20communicatieregeling%202.0%20def.pdf">
      <text>https://www.portofamsterdam.com/sites/default/files/2025-09/VTS%20communicatieregeling%202.0%20def.pdf</text>
    </link>
    <link href="tel:+31205234600">
      <text>tel:+31205234600</text>
    </link>
    <sym>vhf_unknown_61</sym>
    <type>WPT</type>
    <extensions>
      <opencpn:viz>1</opencpn:viz>
      <opencpn:viz_name>0</opencpn:viz_name>
      <opencpn:scale_min_max UseScale="false" ScaleMin="2147483646" ScaleMax="0" />
    </extensions>
  </wpt>
  <wpt lat="52.370279730" lon="4.450505409">
    <name>Sector IJmuiden</name>
    <desc>Oproepnaam: Sector IJmuiden
Type: vts
VHF-kanaal: 61
Gebruik: listen
Opmerking: PDF harbour outline plus 12 NM seaward half-circle from the IJmuiden pier heads (VTS communicatieregeling 2.0).
Telefoon: +31205234600
Bron/info: https://www.portofamsterdam.com/sites/default/files/2025-09/VTS%20communicatieregeling%202.0%20def.pdf</desc>
    <link href="https://www.portofamsterdam.com/sites/default/files/2025-09/VTS%20communicatieregeling%202.0%20def.pdf">
      <text>https://www.portofamsterdam.com/sites/default/files/2025-09/VTS%20communicatieregeling%202.0%20def.pdf</text>
    </link>
    <link href="tel:+31205234600">
      <text>tel:+31205234600</text>
    </link>
    <sym>vhf_unknown_61</sym>
    <type>WPT</type>
    <extensions>
      <opencpn:viz>1</opencpn:viz>
      <opencpn:viz_name>0</opencpn:viz_name>
      <opencpn:scale_min_max UseScale="false" ScaleMin="2147483646" ScaleMax="0" />
    </extensions>
  </wpt>
  <wpt lat="52.470457220" lon="4.275594302">
    <name>Sector IJmuiden</name>
    <desc>Oproepnaam: Sector IJmuiden
Type: vts
VHF-kanaal: 61
Gebruik: listen
Opmerking: PDF harbour outline plus 12 NM seaward half-circle from the IJmuiden pier heads (VTS communicatieregeling 2.0).
Telefoon: +31205234600
Bron/info: https://www.portofamsterdam.com/sites/default/files/2025-09/VTS%20communicatieregeling%202.0%20def.pdf</desc>
    <link href="https://www.portofamsterdam.com/sites/default/files/2025-09/VTS%20communicatieregeling%202.0%20def.pdf">
      <text>https://www.portofamsterdam.com/sites/default/files/2025-09/VTS%20communicatieregeling%202.0%20def.pdf</text>
    </link>
    <link href="tel:+31205234600">
      <text>tel:+31205234600</text>
    </link>
    <sym>vhf_unknown_61</sym>
    <type>WPT</type>
    <extensions>
      <opencpn:viz>1</opencpn:viz>
      <opencpn:viz_name>0</opencpn:viz_name>
      <opencpn:scale_min_max UseScale="false" ScaleMin="2147483646" ScaleMax="0" />
    </extensions>
  </wpt>
  <trk>
    <name>VHF 22 - Lemstersluis</name>
    <desc>Type: lock
VHF-kanaal: 22
Gebruik: report</desc>
    <extensions>
      <opencpn:viz>1</opencpn:viz>
      <opencpn:style width="5" style="101" />
      <gpxx:TrackExtension>
        <gpxx:DisplayColor>Blue</gpxx:DisplayColor>
      </gpxx:TrackExtension>
    </extensions>
    <trkseg>
      <trkpt lat="52.837894488" lon="5.713287592" />
      <trkpt lat="52.837828057" lon="5.713247359" />
      <trkpt lat="52.837687095" lon="5.714043975" />
      <trkpt lat="52.837743804" lon="5.714073479" />
      <trkpt lat="52.837894488" lon="5.713287592" />
    </trkseg>
  </trk>
  <wpt lat="52.837779184" lon="5.713650524">
    <name>Lemstersluis</name>
    <desc>Type: lock
VHF-kanaal: 22
Gebruik: report</desc>
    <sym>vhf_unknown_22</sym>
    <type>WPT</type>
    <extensions>
      <opencpn:viz>1</opencpn:viz>
      <opencpn:viz_name>0</opencpn:viz_name>
      <opencpn:scale_min_max UseScale="false" ScaleMin="2147483646" ScaleMax="0" />
    </extensions>
  </wpt>
  <trk>
    <name>VHF 11 - Haven lemmer</name>
    <desc>Oproepnaam: Havendienst Lemmer
Type: marina
VHF-kanaal: 11
Gebruik: report</desc>
    <extensions>
      <opencpn:viz>1</opencpn:viz>
      <opencpn:style width="4" style="101" />
      <gpxx:TrackExtension>
        <gpxx:DisplayColor>Green</gpxx:DisplayColor>
      </gpxx:TrackExtension>
    </extensions>
    <trkseg>
      <trkpt lat="52.836671183" lon="5.709360838" />
      <trkpt lat="52.837474841" lon="5.708974600" />
      <trkpt lat="52.838395141" lon="5.708845854" />
      <trkpt lat="52.838920092" lon="5.710283518" />
      <trkpt lat="52.838764552" lon="5.711238384" />
      <trkpt lat="52.840417140" lon="5.712729692" />
      <trkpt lat="52.841454026" lon="5.712933540" />
      <trkpt lat="52.842536250" lon="5.716677904" />
      <trkpt lat="52.842737138" lon="5.716409683" />
      <trkpt lat="52.842678816" lon="5.715100765" />
      <trkpt lat="52.843385160" lon="5.715562105" />
      <trkpt lat="52.846275221" lon="5.720443726" />
      <trkpt lat="52.845601323" lon="5.717911720" />
      <trkpt lat="52.843391641" lon="5.715259016" />
      <trkpt lat="52.843302538" lon="5.715473592" />
      <trkpt lat="52.842657755" lon="5.715047121" />
      <trkpt lat="52.842672336" lon="5.714695752" />
      <trkpt lat="52.842529769" lon="5.714575052" />
      <trkpt lat="52.842092347" lon="5.713330507" />
      <trkpt lat="52.841684082" lon="5.711426139" />
      <trkpt lat="52.841641959" lon="5.710422993" />
      <trkpt lat="52.841849333" lon="5.710412264" />
      <trkpt lat="52.842620493" lon="5.710830688" />
      <trkpt lat="52.842542730" lon="5.711903572" />
      <trkpt lat="52.844149814" lon="5.711045265" />
      <trkpt lat="52.845134772" lon="5.710186958" />
      <trkpt lat="52.845601323" lon="5.707955360" />
      <trkpt lat="52.845679081" lon="5.706925392" />
      <trkpt lat="52.847130538" lon="5.700230598" />
      <trkpt lat="52.846560329" lon="5.699887276" />
      <trkpt lat="52.845290289" lon="5.705122948" />
      <trkpt lat="52.845057013" lon="5.707483292" />
      <trkpt lat="52.845005173" lon="5.708899498" />
      <trkpt lat="52.844020213" lon="5.710701942" />
      <trkpt lat="52.843164834" lon="5.710878968" />
      <trkpt lat="52.842678816" lon="5.710562468" />
      <trkpt lat="52.842604293" lon="5.710771680" />
      <trkpt lat="52.841953019" lon="5.710406899" />
      <trkpt lat="52.841638719" lon="5.710396171" />
      <trkpt lat="52.841648440" lon="5.709698796" />
      <trkpt lat="52.841713244" lon="5.709296465" />
      <trkpt lat="52.841324417" lon="5.709500313" />
      <trkpt lat="52.838550683" lon="5.707697868" />
      <trkpt lat="52.836502672" lon="5.708556175" />
      <trkpt lat="52.836671183" lon="5.709360838" />
    </trkseg>
  </trk>
  <wpt lat="52.841816605" lon="5.712221146">
    <name>Haven lemmer</name>
    <desc>Oproepnaam: Havendienst Lemmer
Type: marina
VHF-kanaal: 11
Gebruik: report</desc>
    <link href="https://">
      <text>https://</text>
    </link>
    <sym>vhf_unknown_11</sym>
    <type>WPT</type>
    <extensions>
      <opencpn:viz>1</opencpn:viz>
      <opencpn:viz_name>0</opencpn:viz_name>
      <opencpn:scale_min_max UseScale="false" ScaleMin="2147483646" ScaleMax="0" />
    </extensions>
  </wpt>
  <trk>
    <name>VHF 78 - Lammersburen Schutsluis</name>
    <desc>Oproepnaam: Sluis Electra
Type: bridge
VHF-kanaal: 78
Gebruik: announce</desc>
    <extensions>
      <opencpn:viz>1</opencpn:viz>
      <opencpn:style width="5" style="101" />
      <gpxx:TrackExtension>
        <gpxx:DisplayColor>Cyan</gpxx:DisplayColor>
      </gpxx:TrackExtension>
    </extensions>
    <trkseg>
      <trkpt lat="53.314743047" lon="6.355376244" />
      <trkpt lat="53.314672541" lon="6.357500553" />
      <trkpt lat="53.314428975" lon="6.357554197" />
      <trkpt lat="53.314582806" lon="6.355290413" />
      <trkpt lat="53.314743047" lon="6.355376244" />
    </trkseg>
  </trk>
  <wpt lat="53.314601255" lon="6.356498869">
    <name>Lammersburen Schutsluis</name>
    <desc>Oproepnaam: Sluis Electra
Type: bridge
VHF-kanaal: 78
Gebruik: announce</desc>
    <link href="https://">
      <text>https://</text>
    </link>
    <sym>vhf_unknown_78</sym>
    <type>WPT</type>
    <extensions>
      <opencpn:viz>1</opencpn:viz>
      <opencpn:viz_name>0</opencpn:viz_name>
      <opencpn:scale_min_max UseScale="false" ScaleMin="2147483646" ScaleMax="0" />
    </extensions>
  </wpt>
  <trk>
    <name>VHF 5 - Post Nijmegen</name>
    <desc>Oproepnaam: Sector Millingen
Type: vts
VHF-kanaal: 5
Gebruik: listen
Telefoon: +31 88 797 41 70
Bron/info: https://www.varendoejesamen.nl/nieuws/1-juni-2016-krijgt-vts-sector-millingen-een-eigen-marifoonkanaal-vhf5</desc>
    <extensions>
      <opencpn:viz>1</opencpn:viz>
      <opencpn:style width="7" style="101" />
      <gpxx:TrackExtension>
        <gpxx:DisplayColor>Red</gpxx:DisplayColor>
      </gpxx:TrackExtension>
    </extensions>
    <trkseg>
      <trkpt lat="51.893485150" lon="6.025085019" />
      <trkpt lat="51.896741500" lon="6.022551986" />
      <trkpt lat="51.896107300" lon="6.020927554" />
      <trkpt lat="51.894113790" lon="6.022730273" />
      <trkpt lat="51.891969720" lon="6.023888370" />
      <trkpt lat="51.891074820" lon="6.024194331" />
      <trkpt lat="51.890928490" lon="6.023863160" />
      <trkpt lat="51.890544460" lon="6.023913358" />
      <trkpt lat="51.890329580" lon="6.024205138" />
      <trkpt lat="51.889617680" lon="6.024346314" />
      <trkpt lat="51.889231290" lon="6.024573290" />
      <trkpt lat="51.888909090" lon="6.024373848" />
      <trkpt lat="51.888089420" lon="6.024632662" />
      <trkpt lat="51.887800390" lon="6.025179610" />
      <trkpt lat="51.884779950" lon="6.026386453" />
      <trkpt lat="51.882048380" lon="6.028051219" />
      <trkpt lat="51.879316350" lon="6.030363112" />
      <trkpt lat="51.877249930" lon="6.032783733" />
      <trkpt lat="51.875048560" lon="6.036102799" />
      <trkpt lat="51.873442090" lon="6.039300364" />
      <trkpt lat="51.873242340" lon="6.039277776" />
      <trkpt lat="51.873525340" lon="6.038130121" />
      <trkpt lat="51.874396020" lon="6.036278172" />
      <trkpt lat="51.875326930" lon="6.034229009" />
      <trkpt lat="51.875663920" lon="6.033754118" />
      <trkpt lat="51.876393850" lon="6.032141283" />
      <trkpt lat="51.876465900" lon="6.031527857" />
      <trkpt lat="51.877192680" lon="6.030208533" />
      <trkpt lat="51.877722940" lon="6.029889832" />
      <trkpt lat="51.878243370" lon="6.028289530" />
      <trkpt lat="51.879622270" lon="6.025825435" />
      <trkpt lat="51.880301030" lon="6.024674360" />
      <trkpt lat="51.880706450" lon="6.023148036" />
      <trkpt lat="51.881246860" lon="6.023053622" />
      <trkpt lat="51.881874070" lon="6.022076258" />
      <trkpt lat="51.881732220" lon="6.021489078" />
      <trkpt lat="51.881930170" lon="6.020391242" />
      <trkpt lat="51.882443740" lon="6.018934014" />
      <trkpt lat="51.882913260" lon="6.017673073" />
      <trkpt lat="51.883076550" lon="6.016183531" />
      <trkpt lat="51.883438290" lon="6.014606450" />
      <trkpt lat="51.883504610" lon="6.012904923" />
      <trkpt lat="51.883895450" lon="6.011359680" />
      <trkpt lat="51.883703070" lon="6.009840392" />
      <trkpt lat="51.883716210" lon="6.008493331" />
      <trkpt lat="51.883739900" lon="6.007720506" />
      <trkpt lat="51.883604100" lon="6.006700140" />
      <trkpt lat="51.883152980" lon="6.006362680" />
      <trkpt lat="51.883123910" lon="6.005462091" />
      <trkpt lat="51.883743080" lon="6.005048489" />
      <trkpt lat="51.882612330" lon="6.002895452" />
      <trkpt lat="51.882877720" lon="6.001801066" />
      <trkpt lat="51.882384070" lon="6.000747375" />
      <trkpt lat="51.882065590" lon="5.999680176" />
      <trkpt lat="51.881650370" lon="5.998518461" />
      <trkpt lat="51.878944200" lon="5.995807490" />
      <trkpt lat="51.878715810" lon="5.994636478" />
      <trkpt lat="51.877925810" lon="5.992812248" />
      <trkpt lat="51.877407830" lon="5.991873886" />
      <trkpt lat="51.876485240" lon="5.990674068" />
      <trkpt lat="51.875598700" lon="5.989354802" />
      <trkpt lat="51.874843180" lon="5.988834617" />
      <trkpt lat="51.872459140" lon="5.986999705" />
      <trkpt lat="51.872302830" lon="5.986297416" />
      <trkpt lat="51.871143420" lon="5.985704641" />
      <trkpt lat="51.870170980" lon="5.984793033" />
      <trkpt lat="51.868624400" lon="5.983337295" />
      <trkpt lat="51.868016020" lon="5.982828432" />
      <trkpt lat="51.866817470" lon="5.981950985" />
      <trkpt lat="51.866106850" lon="5.981840708" />
      <trkpt lat="51.865450160" lon="5.981560247" />
      <trkpt lat="51.865342300" lon="5.981094380" />
      <trkpt lat="51.863507640" lon="5.980367211" />
      <trkpt lat="51.861840700" lon="5.979508646" />
      <trkpt lat="51.861012180" lon="5.979058802" />
      <trkpt lat="51.860477200" lon="5.978573000" />
      <trkpt lat="51.859194700" lon="5.977078997" />
      <trkpt lat="51.857941710" lon="5.975084157" />
      <trkpt lat="51.856883030" lon="5.973190858" />
      <trkpt lat="51.856221710" lon="5.971081937" />
      <trkpt lat="51.855923290" lon="5.970581728" />
      <trkpt lat="51.855648530" lon="5.967692968" />
      <trkpt lat="51.856083080" lon="5.964401193" />
      <trkpt lat="51.856039910" lon="5.963584260" />
      <trkpt lat="51.856531730" lon="5.962303162" />
      <trkpt lat="51.856621490" lon="5.961223571" />
      <trkpt lat="51.857449700" lon="5.958850467" />
      <trkpt lat="51.858626170" lon="5.956077821" />
      <trkpt lat="51.859561600" lon="5.955458387" />
      <trkpt lat="51.859889900" lon="5.954151393" />
      <trkpt lat="51.860758410" lon="5.953319790" />
      <trkpt lat="51.861407440" lon="5.952260085" />
      <trkpt lat="51.862535540" lon="5.951388819" />
      <trkpt lat="51.863826980" lon="5.950094141" />
      <trkpt lat="51.865213980" lon="5.948785919" />
      <trkpt lat="51.865687350" lon="5.947994269" />
      <trkpt lat="51.865963370" lon="5.948286449" />
      <trkpt lat="51.866776550" lon="5.948306366" />
      <trkpt lat="51.866910660" lon="5.947583981" />
      <trkpt lat="51.868242100" lon="5.945655683" />
      <trkpt lat="51.869751680" lon="5.944122071" />
      <trkpt lat="51.870566800" lon="5.942250833" />
      <trkpt lat="51.871632080" lon="5.940814017" />
      <trkpt lat="51.872174020" lon="5.939956754" />
      <trkpt lat="51.872750620" lon="5.938920822" />
      <trkpt lat="51.873211840" lon="5.937252619" />
      <trkpt lat="51.873716230" lon="5.937383863" />
      <trkpt lat="51.874453720" lon="5.936410834" />
      <trkpt lat="51.874745740" lon="5.933948336" />
      <trkpt lat="51.875411140" lon="5.930835629" />
      <trkpt lat="51.875902330" lon="5.930821290" />
      <trkpt lat="51.876418600" lon="5.929724710" />
      <trkpt lat="51.876229970" lon="5.926440146" />
      <trkpt lat="51.876346950" lon="5.924607664" />
      <trkpt lat="51.876620320" lon="5.922335090" />
      <trkpt lat="51.876183640" lon="5.919817772" />
      <trkpt lat="51.876704590" lon="5.919331648" />
      <trkpt lat="51.876745370" lon="5.918254689" />
      <trkpt lat="51.876557210" lon="5.917054988" />
      <trkpt lat="51.876308900" lon="5.915902528" />
      <trkpt lat="51.875973080" lon="5.914918706" />
      <trkpt lat="51.875968890" lon="5.913915309" />
      <trkpt lat="51.875802490" lon="5.913159365" />
      <trkpt lat="51.875495760" lon="5.912823288" />
      <trkpt lat="51.875273270" lon="5.912929159" />
      <trkpt lat="51.875036850" lon="5.912134177" />
      <trkpt lat="51.875076690" lon="5.910630355" />
      <trkpt lat="51.874790090" lon="5.909997083" />
      <trkpt lat="51.874512910" lon="5.907490893" />
      <trkpt lat="51.875025380" lon="5.906615942" />
      <trkpt lat="51.876460040" lon="5.905719219" />
      <trkpt lat="51.876576320" lon="5.905462894" />
      <trkpt lat="51.876163140" lon="5.904035421" />
      <trkpt lat="51.875437380" lon="5.904520389" />
      <trkpt lat="51.874892140" lon="5.904395184" />
      <trkpt lat="51.874049090" lon="5.903506239" />
      <trkpt lat="51.873816950" lon="5.900086122" />
      <trkpt lat="51.873891160" lon="5.899829919" />
      <trkpt lat="51.873773100" lon="5.899063774" />
      <trkpt lat="51.873413710" lon="5.898145365" />
      <trkpt lat="51.873068790" lon="5.897291256" />
      <trkpt lat="51.872956250" lon="5.896566957" />
      <trkpt lat="51.872504640" lon="5.895719553" />
      <trkpt lat="51.872045800" lon="5.895132971" />
      <trkpt lat="51.872475360" lon="5.894600173" />
      <trkpt lat="51.872444660" lon="5.893765989" />
      <trkpt lat="51.871367650" lon="5.892085579" />
      <trkpt lat="51.870929360" lon="5.890814300" />
      <trkpt lat="51.870495380" lon="5.890464032" />
      <trkpt lat="51.870619570" lon="5.890177666" />
      <trkpt lat="51.870218670" lon="5.889361449" />
      <trkpt lat="51.869882770" lon="5.888658986" />
      <trkpt lat="51.869099420" lon="5.887497245" />
      <trkpt lat="51.868715360" lon="5.886757501" />
      <trkpt lat="51.867910890" lon="5.885923055" />
      <trkpt lat="51.865684674" lon="5.883626619" />
      <trkpt lat="51.863276097" lon="5.888633336" />
      <trkpt lat="51.865300000" lon="5.891192000" />
      <trkpt lat="51.865335020" lon="5.891601116" />
      <trkpt lat="51.865637820" lon="5.891511596" />
      <trkpt lat="51.866046100" lon="5.891943218" />
      <trkpt lat="51.866393280" lon="5.892600469" />
      <trkpt lat="51.867310000" lon="5.893772343" />
      <trkpt lat="51.867585810" lon="5.894423188" />
      <trkpt lat="51.868338590" lon="5.895633670" />
      <trkpt lat="51.868415290" lon="5.896157708" />
      <trkpt lat="51.868873690" lon="5.897142532" />
      <trkpt lat="51.869219320" lon="5.897707239" />
      <trkpt lat="51.869251790" lon="5.898187810" />
      <trkpt lat="51.869934980" lon="5.900536044" />
      <trkpt lat="51.870243320" lon="5.901275130" />
      <trkpt lat="51.870239450" lon="5.901718635" />
      <trkpt lat="51.870411090" lon="5.903463672" />
      <trkpt lat="51.870741360" lon="5.904632014" />
      <trkpt lat="51.871055160" lon="5.906040802" />
      <trkpt lat="51.871299380" lon="5.906487021" />
      <trkpt lat="51.871998630" lon="5.906478209" />
      <trkpt lat="51.871848160" lon="5.907650489" />
      <trkpt lat="51.872000260" lon="5.909058967" />
      <trkpt lat="51.871853600" lon="5.909310608" />
      <trkpt lat="51.871824020" lon="5.911107904" />
      <trkpt lat="51.872088220" lon="5.912045776" />
      <trkpt lat="51.872423920" lon="5.912331024" />
      <trkpt lat="51.872397830" lon="5.913895146" />
      <trkpt lat="51.872640790" lon="5.915105386" />
      <trkpt lat="51.872568950" lon="5.916714122" />
      <trkpt lat="51.872790620" lon="5.917938376" />
      <trkpt lat="51.872651930" lon="5.919530349" />
      <trkpt lat="51.872754670" lon="5.920729131" />
      <trkpt lat="51.872561180" lon="5.921732705" />
      <trkpt lat="51.872577170" lon="5.922967398" />
      <trkpt lat="51.872775990" lon="5.923718953" />
      <trkpt lat="51.872505570" lon="5.924613399" />
      <trkpt lat="51.872450230" lon="5.925852393" />
      <trkpt lat="51.872487020" lon="5.926542493" />
      <trkpt lat="51.872157300" lon="5.927518494" />
      <trkpt lat="51.872116690" lon="5.928500560" />
      <trkpt lat="51.872065140" lon="5.929130957" />
      <trkpt lat="51.871503460" lon="5.930119521" />
      <trkpt lat="51.871306200" lon="5.930980796" />
      <trkpt lat="51.871289860" lon="5.931913053" />
      <trkpt lat="51.871443830" lon="5.932467691" />
      <trkpt lat="51.870841840" lon="5.934559062" />
      <trkpt lat="51.870536510" lon="5.934474902" />
      <trkpt lat="51.868867470" lon="5.937492703" />
      <trkpt lat="51.868112050" lon="5.938602715" />
      <trkpt lat="51.866883000" lon="5.940239276" />
      <trkpt lat="51.866179740" lon="5.940833382" />
      <trkpt lat="51.865753790" lon="5.941699108" />
      <trkpt lat="51.864090290" lon="5.942676293" />
      <trkpt lat="51.863722420" lon="5.943166485" />
      <trkpt lat="51.863229880" lon="5.943575466" />
      <trkpt lat="51.862630970" lon="5.944164638" />
      <trkpt lat="51.862126870" lon="5.944924448" />
      <trkpt lat="51.860868240" lon="5.946006286" />
      <trkpt lat="51.860430930" lon="5.946863373" />
      <trkpt lat="51.859860070" lon="5.947088859" />
      <trkpt lat="51.859336790" lon="5.947809940" />
      <trkpt lat="51.859290040" lon="5.948216146" />
      <trkpt lat="51.858918190" lon="5.948649445" />
      <trkpt lat="51.858292820" lon="5.949766735" />
      <trkpt lat="51.858181850" lon="5.950331472" />
      <trkpt lat="51.857863100" lon="5.951096583" />
      <trkpt lat="51.856076040" lon="5.953593660" />
      <trkpt lat="51.854538470" lon="5.956264625" />
      <trkpt lat="51.853854620" lon="5.957668676" />
      <trkpt lat="51.853249080" lon="5.959356576" />
      <trkpt lat="51.852752260" lon="5.960788965" />
      <trkpt lat="51.852801480" lon="5.961098073" />
      <trkpt lat="51.851998710" lon="5.962613908" />
      <trkpt lat="51.851989160" lon="5.963128728" />
      <trkpt lat="51.852561150" lon="5.963653729" />
      <trkpt lat="51.851947330" lon="5.965640768" />
      <trkpt lat="51.851638000" lon="5.965674107" />
      <trkpt lat="51.851588990" lon="5.964972973" />
      <trkpt lat="51.851399830" lon="5.964767795" />
      <trkpt lat="51.851069740" lon="5.965210012" />
      <trkpt lat="51.850792050" lon="5.966913513" />
      <trkpt lat="51.852254870" lon="5.967466309" />
      <trkpt lat="51.851998740" lon="5.968568802" />
      <trkpt lat="51.851912290" lon="5.969064208" />
      <trkpt lat="51.851971570" lon="5.970297032" />
      <trkpt lat="51.852364150" lon="5.970690109" />
      <trkpt lat="51.852929250" lon="5.970738515" />
      <trkpt lat="51.852820530" lon="5.971336272" />
      <trkpt lat="51.852791420" lon="5.972459273" />
      <trkpt lat="51.853188530" lon="5.974071478" />
      <trkpt lat="51.853627400" lon="5.974064401" />
      <trkpt lat="51.853772000" lon="5.975313142" />
      <trkpt lat="51.854185600" lon="5.976894490" />
      <trkpt lat="51.854893490" lon="5.978181864" />
      <trkpt lat="51.855938010" lon="5.979646884" />
      <trkpt lat="51.856381940" lon="5.980609037" />
      <trkpt lat="51.856840530" lon="5.981527172" />
      <trkpt lat="51.857143110" lon="5.981774896" />
      <trkpt lat="51.857474420" lon="5.981721268" />
      <trkpt lat="51.858125760" lon="5.983015221" />
      <trkpt lat="51.858976950" lon="5.983356070" />
      <trkpt lat="51.859517030" lon="5.984193421" />
      <trkpt lat="51.859300550" lon="5.984680645" />
      <trkpt lat="51.860006960" lon="5.985241342" />
      <trkpt lat="51.860307990" lon="5.985226261" />
      <trkpt lat="51.860643370" lon="5.984841135" />
      <trkpt lat="51.861880220" lon="5.985642381" />
      <trkpt lat="51.862773830" lon="5.986254836" />
      <trkpt lat="51.864152190" lon="5.986635562" />
      <trkpt lat="51.865271870" lon="5.987552915" />
      <trkpt lat="51.865577960" lon="5.987580754" />
      <trkpt lat="51.866907170" lon="5.988010935" />
      <trkpt lat="51.867239160" lon="5.988435679" />
      <trkpt lat="51.867801540" lon="5.988751449" />
      <trkpt lat="51.868760850" lon="5.989204743" />
      <trkpt lat="51.869284790" lon="5.989986359" />
      <trkpt lat="51.870786570" lon="5.990568031" />
      <trkpt lat="51.871014170" lon="5.991393025" />
      <trkpt lat="51.872139800" lon="5.992210712" />
      <trkpt lat="51.872710180" lon="5.992969945" />
      <trkpt lat="51.873320010" lon="5.993440958" />
      <trkpt lat="51.874760290" lon="5.995509875" />
      <trkpt lat="51.875088030" lon="5.996510457" />
      <trkpt lat="51.876930980" lon="5.999458445" />
      <trkpt lat="51.877605670" lon="6.000154880" />
      <trkpt lat="51.878846110" lon="6.001777054" />
      <trkpt lat="51.878853480" lon="6.002467746" />
      <trkpt lat="51.879168260" lon="6.003598857" />
      <trkpt lat="51.879412710" lon="6.004028019" />
      <trkpt lat="51.879735510" lon="6.004143683" />
      <trkpt lat="51.880012570" lon="6.005414738" />
      <trkpt lat="51.880373030" lon="6.008645677" />
      <trkpt lat="51.880535020" lon="6.013079338" />
      <trkpt lat="51.879664290" lon="6.017174113" />
      <trkpt lat="51.878195310" lon="6.021311692" />
      <trkpt lat="51.877287740" lon="6.022899873" />
      <trkpt lat="51.876258420" lon="6.024142636" />
      <trkpt lat="51.876393360" lon="6.024773833" />
      <trkpt lat="51.874397500" lon="6.028532970" />
      <trkpt lat="51.874063310" lon="6.028608261" />
      <trkpt lat="51.873455960" lon="6.029650763" />
      <trkpt lat="51.873016920" lon="6.030429193" />
      <trkpt lat="51.872419620" lon="6.031313234" />
      <trkpt lat="51.872353730" lon="6.032876433" />
      <trkpt lat="51.872237460" lon="6.033296528" />
      <trkpt lat="51.871682580" lon="6.034356089" />
      <trkpt lat="51.871634160" lon="6.034786590" />
      <trkpt lat="51.871461510" lon="6.035349690" />
      <trkpt lat="51.871208350" lon="6.035438989" />
      <trkpt lat="51.870903000" lon="6.035968163" />
      <trkpt lat="51.870766580" lon="6.038014270" />
      <trkpt lat="51.870399840" lon="6.038431988" />
      <trkpt lat="51.869964550" lon="6.039725721" />
      <trkpt lat="51.869919330" lon="6.040263465" />
      <trkpt lat="51.870077380" lon="6.040924958" />
      <trkpt lat="51.869943440" lon="6.041209846" />
      <trkpt lat="51.869823310" lon="6.042081729" />
      <trkpt lat="51.869481520" lon="6.042989812" />
      <trkpt lat="51.869493970" lon="6.043278859" />
      <trkpt lat="51.869754090" lon="6.043526188" />
      <trkpt lat="51.869616050" lon="6.044114146" />
      <trkpt lat="51.868714580" lon="6.045833864" />
      <trkpt lat="51.868643430" lon="6.046704716" />
      <trkpt lat="51.868485270" lon="6.047348794" />
      <trkpt lat="51.867120890" lon="6.053582722" />
      <trkpt lat="51.865825170" lon="6.055706711" />
      <trkpt lat="51.865775410" lon="6.056372192" />
      <trkpt lat="51.865043680" lon="6.058256155" />
      <trkpt lat="51.864713840" lon="6.059167698" />
      <trkpt lat="51.864260330" lon="6.059957976" />
      <trkpt lat="51.864035850" lon="6.061080411" />
      <trkpt lat="51.863638170" lon="6.062023983" />
      <trkpt lat="51.862731600" lon="6.064311757" />
      <trkpt lat="51.862340070" lon="6.065223890" />
      <trkpt lat="51.861207700" lon="6.067587995" />
      <trkpt lat="51.860492000" lon="6.070130000" />
      <trkpt lat="51.857216192" lon="6.076884265" />
      <trkpt lat="51.860269449" lon="6.081052478" />
      <trkpt lat="51.861945000" lon="6.077206000" />
      <trkpt lat="51.864354150" lon="6.071187340" />
      <trkpt lat="51.864600560" lon="6.070906725" />
      <trkpt lat="51.865208990" lon="6.069113222" />
      <trkpt lat="51.865403420" lon="6.068932680" />
      <trkpt lat="51.865840270" lon="6.067862450" />
      <trkpt lat="51.866173380" lon="6.067089176" />
      <trkpt lat="51.866747400" lon="6.066542661" />
      <trkpt lat="51.867132470" lon="6.065159950" />
      <trkpt lat="51.867427990" lon="6.064843943" />
      <trkpt lat="51.868379660" lon="6.062471604" />
      <trkpt lat="51.868806440" lon="6.061608146" />
      <trkpt lat="51.869498770" lon="6.059776911" />
      <trkpt lat="51.869761260" lon="6.059419803" />
      <trkpt lat="51.870762590" lon="6.056800130" />
      <trkpt lat="51.872625720" lon="6.056389362" />
      <trkpt lat="51.872823780" lon="6.055785594" />
      <trkpt lat="51.872484190" lon="6.055359996" />
      <trkpt lat="51.872535820" lon="6.054971769" />
      <trkpt lat="51.872330230" lon="6.054362530" />
      <trkpt lat="51.871940690" lon="6.053603399" />
      <trkpt lat="51.872103910" lon="6.053272850" />
      <trkpt lat="51.871937630" lon="6.052995707" />
      <trkpt lat="51.871721090" lon="6.052039679" />
      <trkpt lat="51.872016070" lon="6.049668556" />
      <trkpt lat="51.872485100" lon="6.049857649" />
      <trkpt lat="51.872917070" lon="6.049485691" />
      <trkpt lat="51.872965170" lon="6.048722983" />
      <trkpt lat="51.872822960" lon="6.048355172" />
      <trkpt lat="51.873069910" lon="6.048290175" />
      <trkpt lat="51.873054350" lon="6.047762442" />
      <trkpt lat="51.873302720" lon="6.047321749" />
      <trkpt lat="51.873472840" lon="6.045639359" />
      <trkpt lat="51.873713610" lon="6.045346529" />
      <trkpt lat="51.873842260" lon="6.043362957" />
      <trkpt lat="51.874302750" lon="6.043513021" />
      <trkpt lat="51.874707160" lon="6.042815832" />
      <trkpt lat="51.874387980" lon="6.042381376" />
      <trkpt lat="51.874526060" lon="6.041361239" />
      <trkpt lat="51.874129000" lon="6.040824185" />
      <trkpt lat="51.874992950" lon="6.038947333" />
      <trkpt lat="51.875404420" lon="6.039420546" />
      <trkpt lat="51.875607500" lon="6.039135938" />
      <trkpt lat="51.875887730" lon="6.038498742" />
      <trkpt lat="51.876132360" lon="6.038298421" />
      <trkpt lat="51.876535370" lon="6.037602777" />
      <trkpt lat="51.876983570" lon="6.036350876" />
      <trkpt lat="51.877648460" lon="6.035304099" />
      <trkpt lat="51.878259980" lon="6.034724543" />
      <trkpt lat="51.878550650" lon="6.034204009" />
      <trkpt lat="51.878768760" lon="6.034087506" />
      <trkpt lat="51.879450740" lon="6.033174022" />
      <trkpt lat="51.880332960" lon="6.032083377" />
      <trkpt lat="51.881283070" lon="6.031251231" />
      <trkpt lat="51.882344620" lon="6.030670390" />
      <trkpt lat="51.883512800" lon="6.030222074" />
      <trkpt lat="51.884215370" lon="6.029556424" />
      <trkpt lat="51.885056390" lon="6.028714433" />
      <trkpt lat="51.885258680" lon="6.028699497" />
      <trkpt lat="51.885742150" lon="6.028231619" />
      <trkpt lat="51.885987260" lon="6.028535546" />
      <trkpt lat="51.886643350" lon="6.028025757" />
      <trkpt lat="51.887157310" lon="6.028155263" />
      <trkpt lat="51.887736930" lon="6.027693929" />
      <trkpt lat="51.888469160" lon="6.027196161" />
      <trkpt lat="51.888459010" lon="6.026712072" />
      <trkpt lat="51.890667700" lon="6.026209923" />
      <trkpt lat="51.893485150" lon="6.025085019" />
    </trkseg>
  </trk>
  <wpt lat="51.869660309" lon="5.985115519">
    <name>Post Nijmegen</name>
    <desc>Oproepnaam: Sector Millingen
Type: vts
VHF-kanaal: 5
Gebruik: listen
Telefoon: +31 88 797 41 70
Bron/info: https://www.varendoejesamen.nl/nieuws/1-juni-2016-krijgt-vts-sector-millingen-een-eigen-marifoonkanaal-vhf5</desc>
    <link href="https://www.varendoejesamen.nl/nieuws/1-juni-2016-krijgt-vts-sector-millingen-een-eigen-marifoonkanaal-vhf5">
      <text>https://www.varendoejesamen.nl/nieuws/1-juni-2016-krijgt-vts-sector-millingen-een-eigen-marifoonkanaal-vhf5</text>
    </link>
    <link href="tel:+31887974170">
      <text>tel:+31887974170</text>
    </link>
    <sym>vhf_unknown_5</sym>
    <type>WPT</type>
    <extensions>
      <opencpn:viz>1</opencpn:viz>
      <opencpn:viz_name>0</opencpn:viz_name>
      <opencpn:scale_min_max UseScale="false" ScaleMin="2147483646" ScaleMax="0" />
    </extensions>
  </wpt>
  <trk>
    <name>VHF 80 - Tutse Brêge</name>
    <desc>Oproepnaam: Tutse Brêge
Type: bridge
VHF-kanaal: 80
Gebruik: announce</desc>
    <extensions>
      <opencpn:viz>1</opencpn:viz>
      <opencpn:style width="5" style="101" />
      <gpxx:TrackExtension>
        <gpxx:DisplayColor>Cyan</gpxx:DisplayColor>
      </gpxx:TrackExtension>
    </extensions>
    <trkseg>
      <trkpt lat="53.116364775" lon="5.836843550" />
      <trkpt lat="53.116424339" lon="5.837302208" />
      <trkpt lat="53.116112029" lon="5.837398767" />
      <trkpt lat="53.116079832" lon="5.836953521" />
      <trkpt lat="53.116364775" lon="5.836843550" />
    </trkseg>
  </trk>
  <wpt lat="53.116242662" lon="5.837126807">
    <name>Tutse Brêge</name>
    <desc>Oproepnaam: Tutse Brêge
Type: bridge
VHF-kanaal: 80
Gebruik: announce</desc>
    <link href="https://">
      <text>https://</text>
    </link>
    <sym>vhf_unknown_80</sym>
    <type>WPT</type>
    <extensions>
      <opencpn:viz>1</opencpn:viz>
      <opencpn:viz_name>0</opencpn:viz_name>
      <opencpn:scale_min_max UseScale="false" ScaleMin="2147483646" ScaleMax="0" />
    </extensions>
  </wpt>
  <trk>
    <name>VHF 20 - Goereese Sluis</name>
    <desc>Type: lock
VHF-kanaal: 20
Gebruik: listen
Opmerking: Slijkgat depths change irregularly. Verkeerspost Ouddorp closed January 2024. Ask this lock (VHF 20), Coastguard (VHF 16), or Verkeerscentrale Vlissingen for waves/depth. Adjacent North Sea VTS is Traffic Centre Steenbank, VHF 64.
Bron/info: https://varendoejesamen.nl/knooppunten/knooppunt-6-4-goereese-sluis-noordzee-haringvliet</desc>
    <extensions>
      <opencpn:viz>1</opencpn:viz>
      <opencpn:style width="5" style="101" />
      <gpxx:TrackExtension>
        <gpxx:DisplayColor>Blue</gpxx:DisplayColor>
      </gpxx:TrackExtension>
    </extensions>
    <trkseg>
      <trkpt lat="51.824343434" lon="4.038076401" />
      <trkpt lat="51.824482689" lon="4.038307071" />
      <trkpt lat="51.823362003" lon="4.040527940" />
      <trkpt lat="51.823206165" lon="4.040307999" />
      <trkpt lat="51.824343434" lon="4.038076401" />
    </trkseg>
  </trk>
  <wpt lat="51.823844697" lon="4.039312595">
    <name>Goereese Sluis</name>
    <desc>Type: lock
VHF-kanaal: 20
Gebruik: listen
Opmerking: Slijkgat depths change irregularly. Verkeerspost Ouddorp closed January 2024. Ask this lock (VHF 20), Coastguard (VHF 16), or Verkeerscentrale Vlissingen for waves/depth. Adjacent North Sea VTS is Traffic Centre Steenbank, VHF 64.
Bron/info: https://varendoejesamen.nl/knooppunten/knooppunt-6-4-goereese-sluis-noordzee-haringvliet</desc>
    <link href="https://varendoejesamen.nl/knooppunten/knooppunt-6-4-goereese-sluis-noordzee-haringvliet">
      <text>https://varendoejesamen.nl/knooppunten/knooppunt-6-4-goereese-sluis-noordzee-haringvliet</text>
    </link>
    <sym>vhf_unknown_20</sym>
    <type>WPT</type>
    <extensions>
      <opencpn:viz>1</opencpn:viz>
      <opencpn:viz_name>0</opencpn:viz_name>
      <opencpn:scale_min_max UseScale="false" ScaleMin="2147483646" ScaleMax="0" />
    </extensions>
  </wpt>
  <trk>
    <name>VHF 22 - Brug Stad van Gerwen</name>
    <desc>Type: bridge
VHF-kanaal: 22
Gebruik: announce
Telefoon: +31 (0)88 7974825
Bron/info: https://waterkaart.net/gids/brug.php?naam=Brug-Stad-van-Gerwen</desc>
    <extensions>
      <opencpn:viz>1</opencpn:viz>
      <opencpn:style width="5" style="101" />
      <gpxx:TrackExtension>
        <gpxx:DisplayColor>Cyan</gpxx:DisplayColor>
      </gpxx:TrackExtension>
    </extensions>
    <trkseg>
      <trkpt lat="51.509353453" lon="5.538450480" />
      <trkpt lat="51.509363469" lon="5.538501441" />
      <trkpt lat="51.509446938" lon="5.538479984" />
      <trkpt lat="51.509440260" lon="5.538431704" />
      <trkpt lat="51.509353453" lon="5.538450480" />
    </trkseg>
  </trk>
  <wpt lat="51.509390847" lon="5.538466573">
    <name>Brug Stad van Gerwen</name>
    <desc>Type: bridge
VHF-kanaal: 22
Gebruik: announce
Telefoon: +31 (0)88 7974825
Bron/info: https://waterkaart.net/gids/brug.php?naam=Brug-Stad-van-Gerwen</desc>
    <link href="https://waterkaart.net/gids/brug.php?naam=Brug-Stad-van-Gerwen">
      <text>https://waterkaart.net/gids/brug.php?naam=Brug-Stad-van-Gerwen</text>
    </link>
    <link href="tel:+310887974825">
      <text>tel:+310887974825</text>
    </link>
    <sym>vhf_unknown_22</sym>
    <type>WPT</type>
    <extensions>
      <opencpn:viz>1</opencpn:viz>
      <opencpn:viz_name>0</opencpn:viz_name>
      <opencpn:scale_min_max UseScale="false" ScaleMin="2147483646" ScaleMax="0" />
    </extensions>
  </wpt>
  <trk>
    <name>VHF 31 - Waddenhaven Ameland</name>
    <desc>Oproepnaam: Haven Ameland
Type: marina
VHF-kanaal: 31
Gebruik: Listen
Telefoon: +31519542159
Bron/info: https://waddenhavenameland.nl/</desc>
    <extensions>
      <opencpn:viz>1</opencpn:viz>
      <opencpn:style width="4" style="101" />
      <gpxx:TrackExtension>
        <gpxx:DisplayColor>Green</gpxx:DisplayColor>
      </gpxx:TrackExtension>
    </extensions>
    <trkseg>
      <trkpt lat="53.435604161" lon="5.776727200" />
      <trkpt lat="53.436115473" lon="5.777317286" />
      <trkpt lat="53.436304018" lon="5.777285099" />
      <trkpt lat="53.437301056" lon="5.777295828" />
      <trkpt lat="53.437948511" lon="5.776030724" />
      <trkpt lat="53.437942185" lon="5.774915741" />
      <trkpt lat="53.436435041" lon="5.775021315" />
      <trkpt lat="53.435604161" lon="5.776727200" />
    </trkseg>
  </trk>
  <wpt lat="53.436880752" lon="5.776129981">
    <name>Waddenhaven Ameland</name>
    <desc>Oproepnaam: Haven Ameland
Type: marina
VHF-kanaal: 31
Gebruik: Listen
Telefoon: +31519542159
Bron/info: https://waddenhavenameland.nl/</desc>
    <link href="https://waddenhavenameland.nl/">
      <text>https://waddenhavenameland.nl/</text>
    </link>
    <link href="tel:+31519542159">
      <text>tel:+31519542159</text>
    </link>
    <sym>vhf_unknown_31</sym>
    <type>WPT</type>
    <extensions>
      <opencpn:viz>1</opencpn:viz>
      <opencpn:viz_name>0</opencpn:viz_name>
      <opencpn:scale_min_max UseScale="false" ScaleMin="2147483646" ScaleMax="0" />
    </extensions>
  </wpt>
  <trk>
    <name>VHF 20 - Donksebrug</name>
    <desc>Type: bridge
VHF-kanaal: 20
Gebruik: listen
Telefoon: +31 (0)88 7974825
Bron/info: https://www.binnenvaartinbeeld.com/nl/zuid_willemsvaart/donksebrug</desc>
    <extensions>
      <opencpn:viz>1</opencpn:viz>
      <opencpn:style width="5" style="101" />
      <gpxx:TrackExtension>
        <gpxx:DisplayColor>Cyan</gpxx:DisplayColor>
      </gpxx:TrackExtension>
    </extensions>
    <trkseg>
      <trkpt lat="51.539770930" lon="5.630753338" />
      <trkpt lat="51.539851007" lon="5.630930364" />
      <trkpt lat="51.539919405" lon="5.630857944" />
      <trkpt lat="51.539837661" lon="5.630680919" />
      <trkpt lat="51.539770930" lon="5.630753338" />
    </trkseg>
  </trk>
  <wpt lat="51.539837506" lon="5.630805037">
    <name>Donksebrug</name>
    <desc>Type: bridge
VHF-kanaal: 20
Gebruik: listen
Telefoon: +31 (0)88 7974825
Bron/info: https://www.binnenvaartinbeeld.com/nl/zuid_willemsvaart/donksebrug</desc>
    <link href="https://www.binnenvaartinbeeld.com/nl/zuid_willemsvaart/donksebrug">
      <text>https://www.binnenvaartinbeeld.com/nl/zuid_willemsvaart/donksebrug</text>
    </link>
    <link href="tel:+310887974825">
      <text>tel:+310887974825</text>
    </link>
    <sym>vhf_unknown_20</sym>
    <type>WPT</type>
    <extensions>
      <opencpn:viz>1</opencpn:viz>
      <opencpn:viz_name>0</opencpn:viz_name>
      <opencpn:scale_min_max UseScale="false" ScaleMin="2147483646" ScaleMax="0" />
    </extensions>
  </wpt>
  <trk>
    <name>VHF 74 - Stadsbediening Dordrecht</name>
    <desc>Oproepnaam: Verkeerspost Dordrecht
Type: marina
VHF-kanaal: 74
Gebruik: announce
Opmerking: Berths only
Telefoon: +31887970800
Bron/info: https://varendoejesamen.nl/storage/app/media/downloads/Marifoonblokkanalen-regio-zuid-holland.pdf</desc>
    <extensions>
      <opencpn:viz>1</opencpn:viz>
      <opencpn:style width="4" style="101" />
      <gpxx:TrackExtension>
        <gpxx:DisplayColor>Green</gpxx:DisplayColor>
      </gpxx:TrackExtension>
    </extensions>
    <trkseg>
      <trkpt lat="51.811851801" lon="4.654233456" />
      <trkpt lat="51.813496769" lon="4.657087326" />
      <trkpt lat="51.813284518" lon="4.657688141" />
      <trkpt lat="51.812209984" lon="4.657623768" />
      <trkpt lat="51.812156920" lon="4.656872749" />
      <trkpt lat="51.811268088" lon="4.655177593" />
      <trkpt lat="51.811639542" lon="4.654512405" />
      <trkpt lat="51.811851801" lon="4.654233456" />
    </trkseg>
  </trk>
  <wpt lat="51.812366237" lon="4.656183363">
    <name>Stadsbediening Dordrecht</name>
    <desc>Oproepnaam: Verkeerspost Dordrecht
Type: marina
VHF-kanaal: 74
Gebruik: announce
Opmerking: Berths only
Telefoon: +31887970800
Bron/info: https://varendoejesamen.nl/storage/app/media/downloads/Marifoonblokkanalen-regio-zuid-holland.pdf</desc>
    <link href="https://varendoejesamen.nl/storage/app/media/downloads/Marifoonblokkanalen-regio-zuid-holland.pdf">
      <text>https://varendoejesamen.nl/storage/app/media/downloads/Marifoonblokkanalen-regio-zuid-holland.pdf</text>
    </link>
    <link href="tel:+31887970800">
      <text>tel:+31887970800</text>
    </link>
    <sym>vhf_unknown_74</sym>
    <type>WPT</type>
    <extensions>
      <opencpn:viz>1</opencpn:viz>
      <opencpn:viz_name>0</opencpn:viz_name>
      <opencpn:scale_min_max UseScale="false" ScaleMin="2147483646" ScaleMax="0" />
    </extensions>
  </wpt>
  <trk>
    <name>VHF 18 - Zandkreeksluis en bruggen</name>
    <desc>Oproepnaam: Zandkreeksluis
Type: lock
VHF-kanaal: 18
Gebruik: listen</desc>
    <extensions>
      <opencpn:viz>1</opencpn:viz>
      <opencpn:style width="5" style="101" />
      <gpxx:TrackExtension>
        <gpxx:DisplayColor>Blue</gpxx:DisplayColor>
      </gpxx:TrackExtension>
    </extensions>
    <trkseg>
      <trkpt lat="51.543670495" lon="3.862359524" />
      <trkpt lat="51.543943915" lon="3.865224123" />
      <trkpt lat="51.544190659" lon="3.865149021" />
      <trkpt lat="51.543897234" lon="3.862284422" />
      <trkpt lat="51.543670495" lon="3.862359524" />
    </trkseg>
  </trk>
  <wpt lat="51.543927418" lon="3.863773807">
    <name>Zandkreeksluis en bruggen</name>
    <desc>Oproepnaam: Zandkreeksluis
Type: lock
VHF-kanaal: 18
Gebruik: listen</desc>
    <link href="http://">
      <text>http://</text>
    </link>
    <sym>vhf_unknown_18</sym>
    <type>WPT</type>
    <extensions>
      <opencpn:viz>1</opencpn:viz>
      <opencpn:viz_name>0</opencpn:viz_name>
      <opencpn:scale_min_max UseScale="false" ScaleMin="2147483646" ScaleMax="0" />
    </extensions>
  </wpt>
  <trk>
    <name>VHF 20 - Makkum</name>
    <desc>Oproepnaam: Lock / Bridges Makkum
Type: lock
VHF-kanaal: 20
Gebruik: report
Opmerking: Lock + Bridges</desc>
    <extensions>
      <opencpn:viz>1</opencpn:viz>
      <opencpn:style width="5" style="101" />
      <gpxx:TrackExtension>
        <gpxx:DisplayColor>Blue</gpxx:DisplayColor>
      </gpxx:TrackExtension>
    </extensions>
    <trkseg>
      <trkpt lat="53.055247283" lon="5.410165787" />
      <trkpt lat="53.054989341" lon="5.408556461" />
      <trkpt lat="53.055298871" lon="5.406239033" />
      <trkpt lat="53.055195694" lon="5.405015945" />
      <trkpt lat="53.054911959" lon="5.404264927" />
      <trkpt lat="53.054782987" lon="5.403170586" />
      <trkpt lat="53.054757193" lon="5.402902365" />
      <trkpt lat="53.054666913" lon="5.402601957" />
      <trkpt lat="53.054583081" lon="5.402086973" />
      <trkpt lat="53.054421865" lon="5.402247906" />
      <trkpt lat="53.054570184" lon="5.402816534" />
      <trkpt lat="53.054634670" lon="5.403406620" />
      <trkpt lat="53.054692707" lon="5.404382944" />
      <trkpt lat="53.054750744" lon="5.404887199" />
      <trkpt lat="53.054879716" lon="5.404983759" />
      <trkpt lat="53.055066724" lon="5.405927896" />
      <trkpt lat="53.055047378" lon="5.406743288" />
      <trkpt lat="53.054918407" lon="5.407687426" />
      <trkpt lat="53.054815230" lon="5.408535004" />
      <trkpt lat="53.054860370" lon="5.408867598" />
      <trkpt lat="53.055047378" lon="5.410208702" />
      <trkpt lat="53.055247283" lon="5.410165787" />
    </trkseg>
  </trk>
  <wpt lat="53.054860368" lon="5.404117405">
    <name>Makkum</name>
    <desc>Oproepnaam: Lock / Bridges Makkum
Type: lock
VHF-kanaal: 20
Gebruik: report
Opmerking: Lock + Bridges</desc>
    <link href="https://">
      <text>https://</text>
    </link>
    <sym>vhf_unknown_20</sym>
    <type>WPT</type>
    <extensions>
      <opencpn:viz>1</opencpn:viz>
      <opencpn:viz_name>0</opencpn:viz_name>
      <opencpn:scale_min_max UseScale="false" ScaleMin="2147483646" ScaleMax="0" />
    </extensions>
  </wpt>
  <trk>
    <name>VHF 20 - Brug Heikantsebaan</name>
    <desc>Type: bridge
VHF-kanaal: 20
Gebruik: announce
Telefoon: +31 (0)88 7974825
Bron/info: https://waterkaart.net/gids/brug.php?naam=Brug-Heikantsebaan</desc>
    <extensions>
      <opencpn:viz>1</opencpn:viz>
      <opencpn:style width="5" style="101" />
      <gpxx:TrackExtension>
        <gpxx:DisplayColor>Cyan</gpxx:DisplayColor>
      </gpxx:TrackExtension>
    </extensions>
    <trkseg>
      <trkpt lat="51.574195729" lon="5.096486807" />
      <trkpt lat="51.574249073" lon="5.096599460" />
      <trkpt lat="51.574205731" lon="5.096645057" />
      <trkpt lat="51.574150720" lon="5.096524358" />
      <trkpt lat="51.574195729" lon="5.096486807" />
    </trkseg>
  </trk>
  <wpt lat="51.574211878" lon="5.096565585">
    <name>Brug Heikantsebaan</name>
    <desc>Type: bridge
VHF-kanaal: 20
Gebruik: announce
Telefoon: +31 (0)88 7974825
Bron/info: https://waterkaart.net/gids/brug.php?naam=Brug-Heikantsebaan</desc>
    <link href="https://waterkaart.net/gids/brug.php?naam=Brug-Heikantsebaan">
      <text>https://waterkaart.net/gids/brug.php?naam=Brug-Heikantsebaan</text>
    </link>
    <link href="tel:+310887974825">
      <text>tel:+310887974825</text>
    </link>
    <sym>vhf_unknown_20</sym>
    <type>WPT</type>
    <extensions>
      <opencpn:viz>1</opencpn:viz>
      <opencpn:viz_name>0</opencpn:viz_name>
      <opencpn:scale_min_max UseScale="false" ScaleMin="2147483646" ScaleMax="0" />
    </extensions>
  </wpt>
  <trk>
    <name>VHF 22 - Naviduct Krabbersgat</name>
    <desc>Oproepnaam: Naviduct
Type: lock
VHF-kanaal: 22
Gebruik: report
Telefoon: +31887973915
Bron/info: https://waterkaart.net/gids/sluis.php?naam=Naviduct-Krabbersgat</desc>
    <extensions>
      <opencpn:viz>1</opencpn:viz>
      <opencpn:style width="5" style="101" />
      <gpxx:TrackExtension>
        <gpxx:DisplayColor>Blue</gpxx:DisplayColor>
      </gpxx:TrackExtension>
    </extensions>
    <trkseg>
      <trkpt lat="52.691437386" lon="5.295409326" />
      <trkpt lat="52.690190360" lon="5.294996715" />
      <trkpt lat="52.690173230" lon="5.295477153" />
      <trkpt lat="52.691399702" lon="5.295827590" />
      <trkpt lat="52.691437386" lon="5.295409326" />
    </trkseg>
  </trk>
  <wpt lat="52.690788439" lon="5.295423175">
    <name>Naviduct Krabbersgat</name>
    <desc>Oproepnaam: Naviduct
Type: lock
VHF-kanaal: 22
Gebruik: report
Telefoon: +31887973915
Bron/info: https://waterkaart.net/gids/sluis.php?naam=Naviduct-Krabbersgat</desc>
    <link href="https://waterkaart.net/gids/sluis.php?naam=Naviduct-Krabbersgat">
      <text>https://waterkaart.net/gids/sluis.php?naam=Naviduct-Krabbersgat</text>
    </link>
    <link href="tel:+31887973915">
      <text>tel:+31887973915</text>
    </link>
    <sym>vhf_unknown_22</sym>
    <type>WPT</type>
    <extensions>
      <opencpn:viz>1</opencpn:viz>
      <opencpn:viz_name>0</opencpn:viz_name>
      <opencpn:scale_min_max UseScale="false" ScaleMin="2147483646" ScaleMax="0" />
    </extensions>
  </wpt>
  <trk>
    <name>VHF 3 - Sector Noordzeekanaal</name>
    <desc>Oproepnaam: Sector Noordzeekanaal
Type: vts
VHF-kanaal: 3
Gebruik: listen
Opmerking: PDF outline for Sector Noordzeekanaal (VHF 03), rotated to north with the map compass.
Telefoon: +31205234600
Bron/info: https://www.portofamsterdam.com/sites/default/files/2025-09/VTS%20communicatieregeling%202.0%20def.pdf</desc>
    <extensions>
      <opencpn:viz>1</opencpn:viz>
      <opencpn:style width="7" style="101" />
      <gpxx:TrackExtension>
        <gpxx:DisplayColor>Red</gpxx:DisplayColor>
      </gpxx:TrackExtension>
    </extensions>
    <trkseg>
      <trkpt lat="52.464873858" lon="4.589977914" />
      <trkpt lat="52.462633499" lon="4.649068200" />
      <trkpt lat="52.459522295" lon="4.662861620" />
      <trkpt lat="52.457233846" lon="4.668018378" />
      <trkpt lat="52.455608201" lon="4.668004192" />
      <trkpt lat="52.455509930" lon="4.671171905" />
      <trkpt lat="52.444342633" lon="4.689841221" />
      <trkpt lat="52.436069089" lon="4.707407704" />
      <trkpt lat="52.431231878" lon="4.723590088" />
      <trkpt lat="52.429411782" lon="4.739824985" />
      <trkpt lat="52.426257716" lon="4.740494817" />
      <trkpt lat="52.425574004" lon="4.742840917" />
      <trkpt lat="52.420151352" lon="4.744404075" />
      <trkpt lat="52.418822609" lon="4.738868882" />
      <trkpt lat="52.418814245" lon="4.744537163" />
      <trkpt lat="52.416919924" lon="4.745349906" />
      <trkpt lat="52.415642407" lon="4.740322783" />
      <trkpt lat="52.414828016" lon="4.740497564" />
      <trkpt lat="52.415117600" lon="4.744912304" />
      <trkpt lat="52.411797310" lon="4.745898924" />
      <trkpt lat="52.411994897" lon="4.750327270" />
      <trkpt lat="52.410124620" lon="4.750299484" />
      <trkpt lat="52.412254164" lon="4.752236143" />
      <trkpt lat="52.427524779" lon="4.748086400" />
      <trkpt lat="52.428119629" lon="4.749428588" />
      <trkpt lat="52.426262943" lon="4.763468051" />
      <trkpt lat="52.425165240" lon="4.764345414" />
      <trkpt lat="52.424077992" lon="4.759132129" />
      <trkpt lat="52.424363395" lon="4.765082622" />
      <trkpt lat="52.417340187" lon="4.768742154" />
      <trkpt lat="52.415150008" lon="4.769506852" />
      <trkpt lat="52.413671769" lon="4.763757379" />
      <trkpt lat="52.414103532" lon="4.769331458" />
      <trkpt lat="52.412906513" lon="4.770492143" />
      <trkpt lat="52.408554382" lon="4.771371274" />
      <trkpt lat="52.407474452" lon="4.768926289" />
      <trkpt lat="52.406794921" lon="4.771339262" />
      <trkpt lat="52.399717351" lon="4.771342945" />
      <trkpt lat="52.399681807" lon="4.778021046" />
      <trkpt lat="52.401351360" lon="4.778818326" />
      <trkpt lat="52.401560447" lon="4.792883269" />
      <trkpt lat="52.403310499" lon="4.792566134" />
      <trkpt lat="52.403710899" lon="4.777995063" />
      <trkpt lat="52.408601427" lon="4.778931718" />
      <trkpt lat="52.408602472" lon="4.787485319" />
      <trkpt lat="52.406989372" lon="4.789405052" />
      <trkpt lat="52.408567973" lon="4.790041370" />
      <trkpt lat="52.408781241" lon="4.798571926" />
      <trkpt lat="52.410004395" lon="4.798557032" />
      <trkpt lat="52.410097439" lon="4.793348741" />
      <trkpt lat="52.411446045" lon="4.792833061" />
      <trkpt lat="52.411613314" lon="4.778339345" />
      <trkpt lat="52.423861588" lon="4.771849770" />
      <trkpt lat="52.424908064" lon="4.773937249" />
      <trkpt lat="52.422544344" lon="4.791386950" />
      <trkpt lat="52.425051288" lon="4.792290704" />
      <trkpt lat="52.426109265" lon="4.784505190" />
      <trkpt lat="52.428321398" lon="4.784208851" />
      <trkpt lat="52.426543119" lon="4.780974691" />
      <trkpt lat="52.430678845" lon="4.751766607" />
      <trkpt lat="52.439806506" lon="4.753926417" />
      <trkpt lat="52.438873981" lon="4.750225805" />
      <trkpt lat="52.440336540" lon="4.747604559" />
      <trkpt lat="52.436556260" lon="4.751063742" />
      <trkpt lat="52.431825683" lon="4.749782113" />
      <trkpt lat="52.431090745" lon="4.748133646" />
      <trkpt lat="52.433950000" lon="4.725957311" />
      <trkpt lat="52.436470535" lon="4.714545805" />
      <trkpt lat="52.440254996" lon="4.705166266" />
      <trkpt lat="52.456275186" lon="4.675993270" />
      <trkpt lat="52.458419365" lon="4.672195639" />
      <trkpt lat="52.460371186" lon="4.671570973" />
      <trkpt lat="52.460022012" lon="4.669218821" />
      <trkpt lat="52.462251917" lon="4.663892712" />
      <trkpt lat="52.465987243" lon="4.666506332" />
      <trkpt lat="52.466563275" lon="4.664955775" />
      <trkpt lat="52.463281666" lon="4.661087496" />
      <trkpt lat="52.466171239" lon="4.647441518" />
      <trkpt lat="52.465731112" lon="4.633251802" />
      <trkpt lat="52.466698136" lon="4.631738757" />
      <trkpt lat="52.470271420" lon="4.633272422" />
      <trkpt lat="52.470043516" lon="4.629361466" />
      <trkpt lat="52.469159081" lon="4.628583915" />
      <trkpt lat="52.470417781" lon="4.625305015" />
      <trkpt lat="52.477083451" lon="4.624084032" />
      <trkpt lat="52.478409058" lon="4.612462382" />
      <trkpt lat="52.477831979" lon="4.611351242" />
      <trkpt lat="52.476107018" lon="4.622483737" />
      <trkpt lat="52.470792045" lon="4.624024228" />
      <trkpt lat="52.472084198" lon="4.613273485" />
      <trkpt lat="52.470752319" lon="4.611932578" />
      <trkpt lat="52.472043426" lon="4.601840461" />
      <trkpt lat="52.470266193" lon="4.601520058" />
      <trkpt lat="52.469380713" lon="4.612256039" />
      <trkpt lat="52.467541799" lon="4.611163061" />
      <trkpt lat="52.467061946" lon="4.613545781" />
      <trkpt lat="52.466006060" lon="4.613513693" />
      <trkpt lat="52.466868541" lon="4.600841569" />
      <trkpt lat="52.465230350" lon="4.600578625" />
      <trkpt lat="52.464873858" lon="4.589977914" />
    </trkseg>
  </trk>
  <wpt lat="52.439045432" lon="4.704704621">
    <name>Sector Noordzeekanaal</name>
    <desc>Oproepnaam: Sector Noordzeekanaal
Type: vts
VHF-kanaal: 3
Gebruik: listen
Opmerking: PDF outline for Sector Noordzeekanaal (VHF 03), rotated to north with the map compass.
Telefoon: +31205234600
Bron/info: https://www.portofamsterdam.com/sites/default/files/2025-09/VTS%20communicatieregeling%202.0%20def.pdf</desc>
    <link href="https://www.portofamsterdam.com/sites/default/files/2025-09/VTS%20communicatieregeling%202.0%20def.pdf">
      <text>https://www.portofamsterdam.com/sites/default/files/2025-09/VTS%20communicatieregeling%202.0%20def.pdf</text>
    </link>
    <link href="tel:+31205234600">
      <text>tel:+31205234600</text>
    </link>
    <sym>vhf_unknown_3</sym>
    <type>WPT</type>
    <extensions>
      <opencpn:viz>1</opencpn:viz>
      <opencpn:viz_name>0</opencpn:viz_name>
      <opencpn:scale_min_max UseScale="false" ScaleMin="2147483646" ScaleMax="0" />
    </extensions>
  </wpt>
  <trk>
    <name>VHF 61 - Botlek</name>
    <desc>Oproepnaam: Sector Botlek
Type: vts
VHF-kanaal: 61
Gebruik: report
Bron/info: https://varendoejesamen.nl/storage/app/media//knooppunten/knooppuntenfoto-1-17.jpg</desc>
    <extensions>
      <opencpn:viz>1</opencpn:viz>
      <opencpn:style width="7" style="101" />
      <gpxx:TrackExtension>
        <gpxx:DisplayColor>Red</gpxx:DisplayColor>
      </gpxx:TrackExtension>
    </extensions>
    <trkseg>
      <trkpt lat="51.907827392" lon="4.268059731" />
      <trkpt lat="51.906451388" lon="4.271707535" />
      <trkpt lat="51.905763370" lon="4.270977974" />
      <trkpt lat="51.905022416" lon="4.271857738" />
      <trkpt lat="51.905220887" lon="4.272780418" />
      <trkpt lat="51.904863639" lon="4.274153709" />
      <trkpt lat="51.905339970" lon="4.274539948" />
      <trkpt lat="51.904109438" lon="4.277973175" />
      <trkpt lat="51.904228524" lon="4.279282093" />
      <trkpt lat="51.904638703" lon="4.279882908" />
      <trkpt lat="51.901886458" lon="4.286749363" />
      <trkpt lat="51.901251300" lon="4.287693501" />
      <trkpt lat="51.898044327" lon="4.308528900" />
      <trkpt lat="51.899314724" lon="4.308786392" />
      <trkpt lat="51.899235325" lon="4.309988022" />
      <trkpt lat="51.897885525" lon="4.310245514" />
      <trkpt lat="51.896588620" lon="4.322648048" />
      <trkpt lat="51.900188101" lon="4.321703911" />
      <trkpt lat="51.900267498" lon="4.323291779" />
      <trkpt lat="51.896456281" lon="4.324021339" />
      <trkpt lat="51.897012104" lon="4.338612556" />
      <trkpt lat="51.899976375" lon="4.348139763" />
      <trkpt lat="51.894709365" lon="4.349169731" />
      <trkpt lat="51.893227080" lon="4.343419075" />
      <trkpt lat="51.891797688" lon="4.346723557" />
      <trkpt lat="51.889203489" lon="4.347367287" />
      <trkpt lat="51.889150212" lon="4.346852303" />
      <trkpt lat="51.888356038" lon="4.347238541" />
      <trkpt lat="51.888356038" lon="4.347624779" />
      <trkpt lat="51.879619205" lon="4.350113869" />
      <trkpt lat="51.879354426" lon="4.347925186" />
      <trkpt lat="51.878480645" lon="4.348311424" />
      <trkpt lat="51.878480645" lon="4.347624779" />
      <trkpt lat="51.884835034" lon="4.345607758" />
      <trkpt lat="51.884887984" lon="4.344921112" />
      <trkpt lat="51.881604998" lon="4.341015816" />
      <trkpt lat="51.882849384" lon="4.338998795" />
      <trkpt lat="51.883087667" lon="4.339342117" />
      <trkpt lat="51.882928812" lon="4.339814186" />
      <trkpt lat="51.885258628" lon="4.342389107" />
      <trkpt lat="51.885443949" lon="4.341917038" />
      <trkpt lat="51.887429485" lon="4.344062805" />
      <trkpt lat="51.890789143" lon="4.342861176" />
      <trkpt lat="51.892695033" lon="4.338569641" />
      <trkpt lat="51.891583274" lon="4.325523376" />
      <trkpt lat="51.890577373" lon="4.324150085" />
      <trkpt lat="51.884965092" lon="4.327497482" />
      <trkpt lat="51.881152577" lon="4.328355789" />
      <trkpt lat="51.878989669" lon="4.329643250" />
      <trkpt lat="51.878247955" lon="4.325045943" />
      <trkpt lat="51.886241053" lon="4.321060181" />
      <trkpt lat="51.885711572" lon="4.318313599" />
      <trkpt lat="51.888464808" lon="4.315052032" />
      <trkpt lat="51.888464808" lon="4.312305450" />
      <trkpt lat="51.880416413" lon="4.310073853" />
      <trkpt lat="51.871095418" lon="4.314365387" />
      <trkpt lat="51.870353892" lon="4.310760498" />
      <trkpt lat="51.877133101" lon="4.306983948" />
      <trkpt lat="51.878192260" lon="4.303894043" />
      <trkpt lat="51.875650236" lon="4.290504456" />
      <trkpt lat="51.878298174" lon="4.288787842" />
      <trkpt lat="51.881687308" lon="4.304580688" />
      <trkpt lat="51.887405891" lon="4.306640625" />
      <trkpt lat="51.884440790" lon="4.295654297" />
      <trkpt lat="51.882746359" lon="4.289131165" />
      <trkpt lat="51.883593583" lon="4.287757874" />
      <trkpt lat="51.881687308" lon="4.278144836" />
      <trkpt lat="51.870777623" lon="4.273853302" />
      <trkpt lat="51.871519141" lon="4.270076752" />
      <trkpt lat="51.879675041" lon="4.272994995" />
      <trkpt lat="51.878615916" lon="4.268188477" />
      <trkpt lat="51.879992773" lon="4.266300201" />
      <trkpt lat="51.879780952" lon="4.264411926" />
      <trkpt lat="51.882746359" lon="4.262351990" />
      <trkpt lat="51.884652590" lon="4.270420074" />
      <trkpt lat="51.884333811" lon="4.271793365" />
      <trkpt lat="51.884863309" lon="4.274368286" />
      <trkpt lat="51.894657894" lon="4.269218445" />
      <trkpt lat="51.896457748" lon="4.277114868" />
      <trkpt lat="51.895875450" lon="4.277286530" />
      <trkpt lat="51.894393204" lon="4.275226593" />
      <trkpt lat="51.892487386" lon="4.276599884" />
      <trkpt lat="51.892275624" lon="4.274797440" />
      <trkpt lat="51.886187027" lon="4.278573990" />
      <trkpt lat="51.886451765" lon="4.281320572" />
      <trkpt lat="51.888251948" lon="4.280548096" />
      <trkpt lat="51.888781399" lon="4.283981323" />
      <trkpt lat="51.885975234" lon="4.285612106" />
      <trkpt lat="51.886292922" lon="4.287071228" />
      <trkpt lat="51.889099067" lon="4.285526276" />
      <trkpt lat="51.889310845" lon="4.284324646" />
      <trkpt lat="51.892857968" lon="4.282350540" />
      <trkpt lat="51.893916757" lon="4.287071228" />
      <trkpt lat="51.890369717" lon="4.288873672" />
      <trkpt lat="51.890740316" lon="4.290504456" />
      <trkpt lat="51.887140079" lon="4.292564392" />
      <trkpt lat="51.888887289" lon="4.299860001" />
      <trkpt lat="51.889310845" lon="4.299516678" />
      <trkpt lat="51.888569619" lon="4.295482635" />
      <trkpt lat="51.891534447" lon="4.294109344" />
      <trkpt lat="51.892646208" lon="4.300804138" />
      <trkpt lat="51.890687374" lon="4.304838181" />
      <trkpt lat="51.891110913" lon="4.305095673" />
      <trkpt lat="51.893122668" lon="4.300546646" />
      <trkpt lat="51.894975520" lon="4.295053482" />
      <trkpt lat="51.894869645" lon="4.294281006" />
      <trkpt lat="51.896351876" lon="4.286556244" />
      <trkpt lat="51.896246004" lon="4.286298752" />
      <trkpt lat="51.900057239" lon="4.272050858" />
      <trkpt lat="51.902121523" lon="4.268445969" />
      <trkpt lat="51.904010573" lon="4.263811111" />
      <trkpt lat="51.907827392" lon="4.268059731" />
    </trkseg>
  </trk>
  <wpt lat="51.889873832" lon="4.302637022">
    <name>Botlek</name>
    <desc>Oproepnaam: Sector Botlek
Type: vts
VHF-kanaal: 61
Gebruik: report
Bron/info: https://varendoejesamen.nl/storage/app/media//knooppunten/knooppuntenfoto-1-17.jpg</desc>
    <link href="https://varendoejesamen.nl/storage/app/media//knooppunten/knooppuntenfoto-1-17.jpg">
      <text>https://varendoejesamen.nl/storage/app/media//knooppunten/knooppuntenfoto-1-17.jpg</text>
    </link>
    <sym>vhf_unknown_61</sym>
    <type>WPT</type>
    <extensions>
      <opencpn:viz>1</opencpn:viz>
      <opencpn:viz_name>0</opencpn:viz_name>
      <opencpn:scale_min_max UseScale="false" ScaleMin="2147483646" ScaleMax="0" />
    </extensions>
  </wpt>
  <trk>
    <name>VHF 71 - Verkeers-en spoorbrug Dordrecht</name>
    <desc>Oproepnaam: Spoorbrug Dordrecht
Type: bridge
VHF-kanaal: 71
Gebruik: listen
Opmerking: Bridge closed  9,75 m
Telefoon: +31887970800
Bron/info: https://varendoejesamen.nl/storage/app/media/downloads/Marifoonblokkanalen-regio-zuid-holland.pdf</desc>
    <extensions>
      <opencpn:viz>1</opencpn:viz>
      <opencpn:style width="5" style="101" />
      <gpxx:TrackExtension>
        <gpxx:DisplayColor>Cyan</gpxx:DisplayColor>
      </gpxx:TrackExtension>
    </extensions>
    <trkseg>
      <trkpt lat="51.811798736" lon="4.648724198" />
      <trkpt lat="51.810399137" lon="4.651830196" />
      <trkpt lat="51.810239939" lon="4.651604891" />
      <trkpt lat="51.811659441" lon="4.648504257" />
      <trkpt lat="51.811798736" lon="4.648724198" />
    </trkseg>
  </trk>
  <wpt lat="51.811013556" lon="4.650188856">
    <name>Verkeers-en spoorbrug Dordrecht</name>
    <desc>Oproepnaam: Spoorbrug Dordrecht
Type: bridge
VHF-kanaal: 71
Gebruik: listen
Opmerking: Bridge closed  9,75 m
Telefoon: +31887970800
Bron/info: https://varendoejesamen.nl/storage/app/media/downloads/Marifoonblokkanalen-regio-zuid-holland.pdf</desc>
    <link href="https://varendoejesamen.nl/storage/app/media/downloads/Marifoonblokkanalen-regio-zuid-holland.pdf">
      <text>https://varendoejesamen.nl/storage/app/media/downloads/Marifoonblokkanalen-regio-zuid-holland.pdf</text>
    </link>
    <link href="tel:+31887970800">
      <text>tel:+31887970800</text>
    </link>
    <sym>vhf_unknown_71</sym>
    <type>WPT</type>
    <extensions>
      <opencpn:viz>1</opencpn:viz>
      <opencpn:viz_name>0</opencpn:viz_name>
      <opencpn:scale_min_max UseScale="false" ScaleMin="2147483646" ScaleMax="0" />
    </extensions>
  </wpt>
  <trk>
    <name>VHF 31 - WSV Den Osse</name>
    <desc>Type: marina
VHF-kanaal: 31
Gebruik: listen
Telefoon: +31 (0)111691457
Bron/info: https://www.wsvdenosse.nl/contact/</desc>
    <extensions>
      <opencpn:viz>1</opencpn:viz>
      <opencpn:style width="4" style="101" />
      <gpxx:TrackExtension>
        <gpxx:DisplayColor>Green</gpxx:DisplayColor>
      </gpxx:TrackExtension>
    </extensions>
    <trkseg>
      <trkpt lat="51.742231922" lon="3.896090984" />
      <trkpt lat="51.742391273" lon="3.895661831" />
      <trkpt lat="51.742457670" lon="3.895039558" />
      <trkpt lat="51.743705903" lon="3.891735077" />
      <trkpt lat="51.742975558" lon="3.889117241" />
      <trkpt lat="51.741302359" lon="3.890104294" />
      <trkpt lat="51.740917249" lon="3.889739513" />
      <trkpt lat="51.740837571" lon="3.890469074" />
      <trkpt lat="51.739987659" lon="3.891198635" />
      <trkpt lat="51.740332938" lon="3.893902302" />
      <trkpt lat="51.741913217" lon="3.895425797" />
      <trkpt lat="51.741833540" lon="3.895962238" />
      <trkpt lat="51.742231922" lon="3.896090984" />
    </trkseg>
  </trk>
  <wpt lat="51.741864613" lon="3.892287074">
    <name>WSV Den Osse</name>
    <desc>Type: marina
VHF-kanaal: 31
Gebruik: listen
Telefoon: +31 (0)111691457
Bron/info: https://www.wsvdenosse.nl/contact/</desc>
    <link href="https://www.wsvdenosse.nl/contact/">
      <text>https://www.wsvdenosse.nl/contact/</text>
    </link>
    <link href="tel:+310111691457">
      <text>tel:+310111691457</text>
    </link>
    <sym>vhf_unknown_31</sym>
    <type>WPT</type>
    <extensions>
      <opencpn:viz>1</opencpn:viz>
      <opencpn:viz_name>0</opencpn:viz_name>
      <opencpn:scale_min_max UseScale="false" ScaleMin="2147483646" ScaleMax="0" />
    </extensions>
  </wpt>
  <trk>
    <name>VHF 20 - Koninginnebrug</name>
    <desc>Type: bridge
VHF-kanaal: 20
Gebruik: announce
Telefoon: +31 (0)10-4857900
Bron/info: http://veerhavenrotterdam.nl/bruggen-en-sluizen/</desc>
    <extensions>
      <opencpn:viz>1</opencpn:viz>
      <opencpn:style width="5" style="101" />
      <gpxx:TrackExtension>
        <gpxx:DisplayColor>Cyan</gpxx:DisplayColor>
      </gpxx:TrackExtension>
    </extensions>
    <trkseg>
      <trkpt lat="51.912885832" lon="4.497412741" />
      <trkpt lat="51.912482122" lon="4.498000145" />
      <trkpt lat="51.912745196" lon="4.498440027" />
      <trkpt lat="51.913130704" lon="4.497868717" />
      <trkpt lat="51.912885832" lon="4.497412741" />
    </trkseg>
  </trk>
  <wpt lat="51.912809916" lon="4.497929638">
    <name>Koninginnebrug</name>
    <desc>Type: bridge
VHF-kanaal: 20
Gebruik: announce
Telefoon: +31 (0)10-4857900
Bron/info: http://veerhavenrotterdam.nl/bruggen-en-sluizen/</desc>
    <link href="http://veerhavenrotterdam.nl/bruggen-en-sluizen/">
      <text>http://veerhavenrotterdam.nl/bruggen-en-sluizen/</text>
    </link>
    <link href="tel:+310104857900">
      <text>tel:+310104857900</text>
    </link>
    <sym>vhf_unknown_20</sym>
    <type>WPT</type>
    <extensions>
      <opencpn:viz>1</opencpn:viz>
      <opencpn:viz_name>0</opencpn:viz_name>
      <opencpn:scale_min_max UseScale="false" ScaleMin="2147483646" ScaleMax="0" />
    </extensions>
  </wpt>
  <trk>
    <name>VHF 22 - Keersluisbrug Vlissingen</name>
    <desc>Oproepnaam: Keersluisbrug Vlissingen
Type: bridge
VHF-kanaal: 22
Gebruik: listen
Opmerking: Let op: blauwe golf.
Bron/info: https://www.zeeland.nl/actueel/bedieningstijden-sluizen-en-bruggen</desc>
    <extensions>
      <opencpn:viz>1</opencpn:viz>
      <opencpn:style width="5" style="101" />
      <gpxx:TrackExtension>
        <gpxx:DisplayColor>Cyan</gpxx:DisplayColor>
      </gpxx:TrackExtension>
    </extensions>
    <trkseg>
      <trkpt lat="51.449339420" lon="3.586199284" />
      <trkpt lat="51.449412929" lon="3.585802317" />
      <trkpt lat="51.449569970" lon="3.585909605" />
      <trkpt lat="51.449479755" lon="3.586301208" />
      <trkpt lat="51.449339420" lon="3.586199284" />
    </trkseg>
  </trk>
  <wpt lat="51.449452919" lon="3.586049896">
    <name>Keersluisbrug Vlissingen</name>
    <desc>Oproepnaam: Keersluisbrug Vlissingen
Type: bridge
VHF-kanaal: 22
Gebruik: listen
Opmerking: Let op: blauwe golf.
Bron/info: https://www.zeeland.nl/actueel/bedieningstijden-sluizen-en-bruggen</desc>
    <link href="https://www.zeeland.nl/actueel/bedieningstijden-sluizen-en-bruggen">
      <text>https://www.zeeland.nl/actueel/bedieningstijden-sluizen-en-bruggen</text>
    </link>
    <sym>vhf_unknown_22</sym>
    <type>WPT</type>
    <extensions>
      <opencpn:viz>1</opencpn:viz>
      <opencpn:viz_name>0</opencpn:viz_name>
      <opencpn:scale_min_max UseScale="false" ScaleMin="2147483646" ScaleMax="0" />
    </extensions>
  </wpt>
  <trk>
    <name>VHF 84 - Robbengatsluis</name>
    <desc>Oproepnaam: Sluis Robbengat
Type: lock
VHF-kanaal: 84
Gebruik: announce
Bron/info: https://varendoejesamen.nl/kenniscentrum/artikel/knooppunt-5-6</desc>
    <extensions>
      <opencpn:viz>1</opencpn:viz>
      <opencpn:style width="5" style="101" />
      <gpxx:TrackExtension>
        <gpxx:DisplayColor>Blue</gpxx:DisplayColor>
      </gpxx:TrackExtension>
    </extensions>
    <trkseg>
      <trkpt lat="53.408026184" lon="6.196053028" />
      <trkpt lat="53.408748484" lon="6.196868420" />
      <trkpt lat="53.408665388" lon="6.197147369" />
      <trkpt lat="53.407943086" lon="6.196278334" />
      <trkpt lat="53.408026184" lon="6.196053028" />
    </trkseg>
  </trk>
  <wpt lat="53.408353232" lon="6.196597751">
    <name>Robbengatsluis</name>
    <desc>Oproepnaam: Sluis Robbengat
Type: lock
VHF-kanaal: 84
Gebruik: announce
Bron/info: https://varendoejesamen.nl/kenniscentrum/artikel/knooppunt-5-6</desc>
    <link href="https://varendoejesamen.nl/kenniscentrum/artikel/knooppunt-5-6">
      <text>https://varendoejesamen.nl/kenniscentrum/artikel/knooppunt-5-6</text>
    </link>
    <sym>vhf_unknown_84</sym>
    <type>WPT</type>
    <extensions>
      <opencpn:viz>1</opencpn:viz>
      <opencpn:viz_name>0</opencpn:viz_name>
      <opencpn:scale_min_max UseScale="false" ScaleMin="2147483646" ScaleMax="0" />
    </extensions>
  </wpt>
  <trk>
    <name>VHF 18 - Sluis I</name>
    <desc>Type: lock
VHF-kanaal: 18
Gebruik: announce
Telefoon: +31 (0)88 7974825
Bron/info: https://waterkaart.net/gids/sluis.php?naam=sluis-I</desc>
    <extensions>
      <opencpn:viz>1</opencpn:viz>
      <opencpn:style width="5" style="101" />
      <gpxx:TrackExtension>
        <gpxx:DisplayColor>Blue</gpxx:DisplayColor>
      </gpxx:TrackExtension>
    </extensions>
    <trkseg>
      <trkpt lat="51.644320373" lon="4.839649200" />
      <trkpt lat="51.644298736" lon="4.839944243" />
      <trkpt lat="51.643080362" lon="4.839721620" />
      <trkpt lat="51.643100336" lon="4.839437306" />
      <trkpt lat="51.644320373" lon="4.839649200" />
    </trkseg>
  </trk>
  <wpt lat="51.643704046" lon="4.839688781">
    <name>Sluis I</name>
    <desc>Type: lock
VHF-kanaal: 18
Gebruik: announce
Telefoon: +31 (0)88 7974825
Bron/info: https://waterkaart.net/gids/sluis.php?naam=sluis-I</desc>
    <link href="https://waterkaart.net/gids/sluis.php?naam=sluis-I">
      <text>https://waterkaart.net/gids/sluis.php?naam=sluis-I</text>
    </link>
    <link href="tel:+310887974825">
      <text>tel:+310887974825</text>
    </link>
    <sym>vhf_unknown_18</sym>
    <type>WPT</type>
    <extensions>
      <opencpn:viz>1</opencpn:viz>
      <opencpn:viz_name>0</opencpn:viz_name>
      <opencpn:scale_min_max UseScale="false" ScaleMin="2147483646" ScaleMax="0" />
    </extensions>
  </wpt>
  <trk>
    <name>VHF 78 - Reitdiep Brug</name>
    <desc>Oproepnaam: Reitdiep Brug
Type: bridge
VHF-kanaal: 78
Gebruik: report</desc>
    <extensions>
      <opencpn:viz>1</opencpn:viz>
      <opencpn:style width="5" style="101" />
      <gpxx:TrackExtension>
        <gpxx:DisplayColor>Cyan</gpxx:DisplayColor>
      </gpxx:TrackExtension>
    </extensions>
    <trkseg>
      <trkpt lat="53.337545545" lon="6.296791434" />
      <trkpt lat="53.337420625" lon="6.296625137" />
      <trkpt lat="53.336975391" lon="6.297547817" />
      <trkpt lat="53.337071485" lon="6.297655106" />
      <trkpt lat="53.337545545" lon="6.296791434" />
    </trkseg>
  </trk>
  <wpt lat="53.337265823" lon="6.297130358">
    <name>Reitdiep Brug</name>
    <desc>Oproepnaam: Reitdiep Brug
Type: bridge
VHF-kanaal: 78
Gebruik: report</desc>
    <link href="https://">
      <text>https://</text>
    </link>
    <sym>vhf_unknown_78</sym>
    <type>WPT</type>
    <extensions>
      <opencpn:viz>1</opencpn:viz>
      <opencpn:viz_name>0</opencpn:viz_name>
      <opencpn:scale_min_max UseScale="false" ScaleMin="2147483646" ScaleMax="0" />
    </extensions>
  </wpt>
  <trk>
    <name>VHF 81 - Sluis Empel</name>
    <desc>Type: lock
VHF-kanaal: 81
Gebruik: announce
Telefoon: +31 (0)88 7974825</desc>
    <extensions>
      <opencpn:viz>1</opencpn:viz>
      <opencpn:style width="5" style="101" />
      <gpxx:TrackExtension>
        <gpxx:DisplayColor>Blue</gpxx:DisplayColor>
      </gpxx:TrackExtension>
    </extensions>
    <trkseg>
      <trkpt lat="51.738787563" lon="5.333983004" />
      <trkpt lat="51.738858984" lon="5.334229767" />
      <trkpt lat="51.740181080" lon="5.333274901" />
      <trkpt lat="51.740111322" lon="5.333041549" />
      <trkpt lat="51.738787563" lon="5.333983004" />
    </trkseg>
  </trk>
  <wpt lat="51.739478266" lon="5.333636207">
    <name>Sluis Empel</name>
    <desc>Type: lock
VHF-kanaal: 81
Gebruik: announce
Telefoon: +31 (0)88 7974825</desc>
    <link href="https://">
      <text>https://</text>
    </link>
    <link href="tel:+310887974825">
      <text>tel:+310887974825</text>
    </link>
    <sym>vhf_unknown_81</sym>
    <type>WPT</type>
    <extensions>
      <opencpn:viz>1</opencpn:viz>
      <opencpn:viz_name>0</opencpn:viz_name>
      <opencpn:scale_min_max UseScale="false" ScaleMin="2147483646" ScaleMax="0" />
    </extensions>
  </wpt>
  <trk>
    <name>VHF 20 - De Hef</name>
    <desc>Type: bridge
VHF-kanaal: 20
Gebruik: announce
Opmerking: See link for details
Telefoon: +31 (0)10-4857900
Bron/info: http://veerhavenrotterdam.nl/bruggen-en-sluizen/</desc>
    <extensions>
      <opencpn:viz>1</opencpn:viz>
      <opencpn:style width="5" style="101" />
      <gpxx:TrackExtension>
        <gpxx:DisplayColor>Cyan</gpxx:DisplayColor>
      </gpxx:TrackExtension>
    </extensions>
    <trkseg>
      <trkpt lat="51.913458301" lon="4.498547316" />
      <trkpt lat="51.913110850" lon="4.499118626" />
      <trkpt lat="51.913190267" lon="4.499220550" />
      <trkpt lat="51.913529445" lon="4.498654604" />
      <trkpt lat="51.913458301" lon="4.498547316" />
    </trkseg>
  </trk>
  <wpt lat="51.913320635" lon="4.498886818">
    <name>De Hef</name>
    <desc>Type: bridge
VHF-kanaal: 20
Gebruik: announce
Opmerking: See link for details
Telefoon: +31 (0)10-4857900
Bron/info: http://veerhavenrotterdam.nl/bruggen-en-sluizen/</desc>
    <link href="http://veerhavenrotterdam.nl/bruggen-en-sluizen/">
      <text>http://veerhavenrotterdam.nl/bruggen-en-sluizen/</text>
    </link>
    <link href="tel:+310104857900">
      <text>tel:+310104857900</text>
    </link>
    <sym>vhf_unknown_20</sym>
    <type>WPT</type>
    <extensions>
      <opencpn:viz>1</opencpn:viz>
      <opencpn:viz_name>0</opencpn:viz_name>
      <opencpn:scale_min_max UseScale="false" ScaleMin="2147483646" ScaleMax="0" />
    </extensions>
  </wpt>
  <trk>
    <name>VHF 31 - Haven Port Zeelande</name>
    <desc>Type: marina
VHF-kanaal: 31
Gebruik: listen
Telefoon: +31 (0)111-671920 optie 1
Bron/info: https://www.mpz.nl/contact/</desc>
    <extensions>
      <opencpn:viz>1</opencpn:viz>
      <opencpn:style width="4" style="101" />
      <gpxx:TrackExtension>
        <gpxx:DisplayColor>Green</gpxx:DisplayColor>
      </gpxx:TrackExtension>
    </extensions>
    <trkseg>
      <trkpt lat="51.762210875" lon="3.860921860" />
      <trkpt lat="51.762317063" lon="3.860514164" />
      <trkpt lat="51.762688717" lon="3.858518600" />
      <trkpt lat="51.761056070" lon="3.857016563" />
      <trkpt lat="51.760140169" lon="3.856458664" />
      <trkpt lat="51.757949895" lon="3.855192661" />
      <trkpt lat="51.756994105" lon="3.856952190" />
      <trkpt lat="51.757126855" lon="3.857445717" />
      <trkpt lat="51.756861355" lon="3.858475685" />
      <trkpt lat="51.756516203" lon="3.858668804" />
      <trkpt lat="51.756741880" lon="3.859291077" />
      <trkpt lat="51.757299429" lon="3.859033585" />
      <trkpt lat="51.757352529" lon="3.858861923" />
      <trkpt lat="51.757564926" lon="3.858733177" />
      <trkpt lat="51.757883521" lon="3.859055042" />
      <trkpt lat="51.757963169" lon="3.859312534" />
      <trkpt lat="51.757817147" lon="3.859741688" />
      <trkpt lat="51.757538377" lon="3.859827518" />
      <trkpt lat="51.757405628" lon="3.859763145" />
      <trkpt lat="51.756874630" lon="3.860042095" />
      <trkpt lat="51.757007380" lon="3.860685825" />
      <trkpt lat="51.757179955" lon="3.860535622" />
      <trkpt lat="51.757644575" lon="3.860878944" />
      <trkpt lat="51.757710949" lon="3.861372471" />
      <trkpt lat="51.758002993" lon="3.861265182" />
      <trkpt lat="51.760511841" lon="3.863174915" />
      <trkpt lat="51.760856963" lon="3.863024712" />
      <trkpt lat="51.762025047" lon="3.861243725" />
      <trkpt lat="51.762210875" lon="3.860921860" />
    </trkseg>
  </trk>
  <wpt lat="51.759646886" lon="3.859183635">
    <name>Haven Port Zeelande</name>
    <desc>Type: marina
VHF-kanaal: 31
Gebruik: listen
Telefoon: +31 (0)111-671920 optie 1
Bron/info: https://www.mpz.nl/contact/</desc>
    <link href="https://www.mpz.nl/contact/">
      <text>https://www.mpz.nl/contact/</text>
    </link>
    <link href="tel:+3101116719201">
      <text>tel:+3101116719201</text>
    </link>
    <sym>vhf_unknown_31</sym>
    <type>WPT</type>
    <extensions>
      <opencpn:viz>1</opencpn:viz>
      <opencpn:viz_name>0</opencpn:viz_name>
      <opencpn:scale_min_max UseScale="false" ScaleMin="2147483646" ScaleMax="0" />
    </extensions>
  </wpt>
  <trk>
    <name>VHF 80 - Brug Dronrijp</name>
    <desc>Oproepnaam: Brug Dronrijp
Type: bridge
VHF-kanaal: 80
Gebruik: report</desc>
    <extensions>
      <opencpn:viz>1</opencpn:viz>
      <opencpn:style width="5" style="101" />
      <gpxx:TrackExtension>
        <gpxx:DisplayColor>Cyan</gpxx:DisplayColor>
      </gpxx:TrackExtension>
    </extensions>
    <trkseg>
      <trkpt lat="53.190209013" lon="5.640975237" />
      <trkpt lat="53.189839384" lon="5.640749931" />
      <trkpt lat="53.189778315" lon="5.641061068" />
      <trkpt lat="53.190144730" lon="5.641286373" />
      <trkpt lat="53.190209013" lon="5.640975237" />
    </trkseg>
  </trk>
  <wpt lat="53.189989976" lon="5.641017728">
    <name>Brug Dronrijp</name>
    <desc>Oproepnaam: Brug Dronrijp
Type: bridge
VHF-kanaal: 80
Gebruik: report</desc>
    <link href="https://">
      <text>https://</text>
    </link>
    <sym>vhf_unknown_80</sym>
    <type>WPT</type>
    <extensions>
      <opencpn:viz>1</opencpn:viz>
      <opencpn:viz_name>0</opencpn:viz_name>
      <opencpn:scale_min_max UseScale="false" ScaleMin="2147483646" ScaleMax="0" />
    </extensions>
  </wpt>
  <trk>
    <name>VHF 18 - Koningsbrug</name>
    <desc>Oproepnaam: Koningsbrug
Type: bridge
VHF-kanaal: 18
Gebruik: report</desc>
    <extensions>
      <opencpn:viz>1</opencpn:viz>
      <opencpn:style width="5" style="101" />
      <gpxx:TrackExtension>
        <gpxx:DisplayColor>Cyan</gpxx:DisplayColor>
      </gpxx:TrackExtension>
    </extensions>
    <trkseg>
      <trkpt lat="53.177594845" lon="5.442491770" />
      <trkpt lat="53.178006375" lon="5.443038940" />
      <trkpt lat="53.177247613" lon="5.444819927" />
      <trkpt lat="53.176906809" lon="5.444272757" />
      <trkpt lat="53.177594845" lon="5.442491770" />
    </trkseg>
  </trk>
  <wpt lat="53.177447013" lon="5.443639947">
    <name>Koningsbrug</name>
    <desc>Oproepnaam: Koningsbrug
Type: bridge
VHF-kanaal: 18
Gebruik: report</desc>
    <link href="https://">
      <text>https://</text>
    </link>
    <sym>vhf_unknown_18</sym>
    <type>WPT</type>
    <extensions>
      <opencpn:viz>1</opencpn:viz>
      <opencpn:viz_name>0</opencpn:viz_name>
      <opencpn:scale_min_max UseScale="false" ScaleMin="2147483646" ScaleMax="0" />
    </extensions>
  </wpt>
  <trk>
    <name>VHF 18 - Volkeraksluizen</name>
    <desc>Oproepnaam: Volkeraksluizen Jachtensluis
Type: lock
VHF-kanaal: 18
Gebruik: listen
Telefoon: +31887970800
Bron/info: https://varendoejesamen.nl/storage/app/media/downloads/Marifoonblokkanalen-regio-zuid-holland.pdf</desc>
    <extensions>
      <opencpn:viz>1</opencpn:viz>
      <opencpn:style width="5" style="101" />
      <gpxx:TrackExtension>
        <gpxx:DisplayColor>Blue</gpxx:DisplayColor>
      </gpxx:TrackExtension>
    </extensions>
    <trkseg>
      <trkpt lat="51.694484895" lon="4.402121902" />
      <trkpt lat="51.694612914" lon="4.401928782" />
      <trkpt lat="51.693668561" lon="4.400126338" />
      <trkpt lat="51.693525577" lon="4.400324821" />
      <trkpt lat="51.694484895" lon="4.402121902" />
    </trkseg>
  </trk>
  <wpt lat="51.694067361" lon="4.401114404">
    <name>Volkeraksluizen</name>
    <desc>Oproepnaam: Volkeraksluizen Jachtensluis
Type: lock
VHF-kanaal: 18
Gebruik: listen
Telefoon: +31887970800
Bron/info: https://varendoejesamen.nl/storage/app/media/downloads/Marifoonblokkanalen-regio-zuid-holland.pdf</desc>
    <link href="https://varendoejesamen.nl/storage/app/media/downloads/Marifoonblokkanalen-regio-zuid-holland.pdf">
      <text>https://varendoejesamen.nl/storage/app/media/downloads/Marifoonblokkanalen-regio-zuid-holland.pdf</text>
    </link>
    <link href="tel:+31887970800">
      <text>tel:+31887970800</text>
    </link>
    <sym>vhf_unknown_18</sym>
    <type>WPT</type>
    <extensions>
      <opencpn:viz>1</opencpn:viz>
      <opencpn:viz_name>0</opencpn:viz_name>
      <opencpn:scale_min_max UseScale="false" ScaleMin="2147483646" ScaleMax="0" />
    </extensions>
  </wpt>
  <trk>
    <name>VHF 78 - Brug Garnwerd</name>
    <desc>Oproepnaam: Brug Garnwerd
Type: bridge
VHF-kanaal: 78
Gebruik: announce</desc>
    <extensions>
      <opencpn:viz>1</opencpn:viz>
      <opencpn:style width="5" style="101" />
      <gpxx:TrackExtension>
        <gpxx:DisplayColor>Cyan</gpxx:DisplayColor>
      </gpxx:TrackExtension>
    </extensions>
    <trkseg>
      <trkpt lat="53.305302252" lon="6.494542658" />
      <trkpt lat="53.305345526" lon="6.494706273" />
      <trkpt lat="53.305174031" lon="6.494888663" />
      <trkpt lat="53.305113126" lon="6.494733095" />
      <trkpt lat="53.305302252" lon="6.494542658" />
    </trkseg>
  </trk>
  <wpt lat="53.305251758" lon="6.494719624">
    <name>Brug Garnwerd</name>
    <desc>Oproepnaam: Brug Garnwerd
Type: bridge
VHF-kanaal: 78
Gebruik: announce</desc>
    <link href="https://">
      <text>https://</text>
    </link>
    <sym>vhf_unknown_78</sym>
    <type>WPT</type>
    <extensions>
      <opencpn:viz>1</opencpn:viz>
      <opencpn:viz_name>0</opencpn:viz_name>
      <opencpn:scale_min_max UseScale="false" ScaleMin="2147483646" ScaleMax="0" />
    </extensions>
  </wpt>
  <trk>
    <name>VHF 14 - Bataviahaven</name>
    <desc>Oproepnaam: Bataviahaven
Type: marina
VHF-kanaal: 14
Gebruik: listen</desc>
    <extensions>
      <opencpn:viz>1</opencpn:viz>
      <opencpn:style width="4" style="101" />
      <gpxx:TrackExtension>
        <gpxx:DisplayColor>Green</gpxx:DisplayColor>
      </gpxx:TrackExtension>
    </extensions>
    <trkseg>
      <trkpt lat="52.518578999" lon="5.437587780" />
      <trkpt lat="52.518837495" lon="5.438752364" />
      <trkpt lat="52.518507336" lon="5.439668896" />
      <trkpt lat="52.518005696" lon="5.440616960" />
      <trkpt lat="52.517383756" lon="5.440291129" />
      <trkpt lat="52.516869305" lon="5.439702531" />
      <trkpt lat="52.516299819" lon="5.439155975" />
      <trkpt lat="52.515780236" lon="5.438891105" />
      <trkpt lat="52.515996516" lon="5.438071271" />
      <trkpt lat="52.516262706" lon="5.438403409" />
      <trkpt lat="52.516583923" lon="5.437684478" />
      <trkpt lat="52.517854690" lon="5.436536711" />
      <trkpt lat="52.516891060" lon="5.438247851" />
      <trkpt lat="52.516732373" lon="5.438134336" />
      <trkpt lat="52.516484103" lon="5.438481188" />
      <trkpt lat="52.516737492" lon="5.438941557" />
      <trkpt lat="52.516687326" lon="5.438801554" />
      <trkpt lat="52.518189973" lon="5.436955036" />
      <trkpt lat="52.518578999" lon="5.437587780" />
    </trkseg>
  </trk>
  <wpt lat="52.517548683" lon="5.438732042">
    <name>Bataviahaven</name>
    <desc>Oproepnaam: Bataviahaven
Type: marina
VHF-kanaal: 14
Gebruik: listen</desc>
    <link href="https://">
      <text>https://</text>
    </link>
    <sym>vhf_unknown_14</sym>
    <type>WPT</type>
    <extensions>
      <opencpn:viz>1</opencpn:viz>
      <opencpn:viz_name>0</opencpn:viz_name>
      <opencpn:scale_min_max UseScale="false" ScaleMin="2147483646" ScaleMax="0" />
    </extensions>
  </wpt>
  <trk>
    <name>VHF 18 - Sluizen Veere</name>
    <desc>Oproepnaam: Sluis Veere
Type: lock
VHF-kanaal: 18
Gebruik: listen
Bron/info: https://www.zeeland.nl/actueel/bedieningstijden-sluizen-en-bruggen</desc>
    <extensions>
      <opencpn:viz>1</opencpn:viz>
      <opencpn:style width="5" style="101" />
      <gpxx:TrackExtension>
        <gpxx:DisplayColor>Blue</gpxx:DisplayColor>
      </gpxx:TrackExtension>
    </extensions>
    <trkseg>
      <trkpt lat="51.541997999" lon="3.667180538" />
      <trkpt lat="51.542181498" lon="3.666719198" />
      <trkpt lat="51.542465086" lon="3.666740656" />
      <trkpt lat="51.542605211" lon="3.666880131" />
      <trkpt lat="51.543372555" lon="3.667008877" />
      <trkpt lat="51.544226627" lon="3.667266369" />
      <trkpt lat="51.544760413" lon="3.667631149" />
      <trkpt lat="51.544533555" lon="3.669004440" />
      <trkpt lat="51.543979748" lon="3.668628931" />
      <trkpt lat="51.543292485" lon="3.668371439" />
      <trkpt lat="51.542328296" lon="3.668189049" />
      <trkpt lat="51.542164816" lon="3.667920828" />
      <trkpt lat="51.540590037" lon="3.667684793" />
      <trkpt lat="51.540516635" lon="3.668124676" />
      <trkpt lat="51.538107648" lon="3.667845726" />
      <trkpt lat="51.537667210" lon="3.667641878" />
      <trkpt lat="51.537720597" lon="3.666880131" />
      <trkpt lat="51.538314519" lon="3.666365147" />
      <trkpt lat="51.541190595" lon="3.666665554" />
      <trkpt lat="51.541344833" lon="3.667019606" />
      <trkpt lat="51.541997999" lon="3.667180538" />
    </trkseg>
  </trk>
  <wpt lat="51.541176987" lon="3.667453242">
    <name>Sluizen Veere</name>
    <desc>Oproepnaam: Sluis Veere
Type: lock
VHF-kanaal: 18
Gebruik: listen
Bron/info: https://www.zeeland.nl/actueel/bedieningstijden-sluizen-en-bruggen</desc>
    <link href="https://www.zeeland.nl/actueel/bedieningstijden-sluizen-en-bruggen">
      <text>https://www.zeeland.nl/actueel/bedieningstijden-sluizen-en-bruggen</text>
    </link>
    <sym>vhf_unknown_18</sym>
    <type>WPT</type>
    <extensions>
      <opencpn:viz>1</opencpn:viz>
      <opencpn:viz_name>0</opencpn:viz_name>
      <opencpn:scale_min_max UseScale="false" ScaleMin="2147483646" ScaleMax="0" />
    </extensions>
  </wpt>
  <trk>
    <name>VHF 31 - Passantenhaven Terschelling</name>
    <desc>Oproepnaam: Terschelling
Type: marina
VHF-kanaal: 31
Gebruik: Listen
Telefoon: +31562443337
Bron/info: https://www.jachthaventerschelling.nl/</desc>
    <extensions>
      <opencpn:viz>1</opencpn:viz>
      <opencpn:style width="4" style="101" />
      <gpxx:TrackExtension>
        <gpxx:DisplayColor>Green</gpxx:DisplayColor>
      </gpxx:TrackExtension>
    </extensions>
    <trkseg>
      <trkpt lat="53.363875884" lon="5.222461336" />
      <trkpt lat="53.364216481" lon="5.223905566" />
      <trkpt lat="53.364345494" lon="5.225349797" />
      <trkpt lat="53.364448705" lon="5.225963811" />
      <trkpt lat="53.364763495" lon="5.226223253" />
      <trkpt lat="53.365811057" lon="5.226119476" />
      <trkpt lat="53.365754294" lon="5.224190953" />
      <trkpt lat="53.365171170" lon="5.220800904" />
      <trkpt lat="53.364314531" lon="5.221198716" />
      <trkpt lat="53.364304210" lon="5.222158653" />
      <trkpt lat="53.363875884" lon="5.222461336" />
    </trkseg>
  </trk>
  <wpt lat="53.364922954" lon="5.223715186">
    <name>Passantenhaven Terschelling</name>
    <desc>Oproepnaam: Terschelling
Type: marina
VHF-kanaal: 31
Gebruik: Listen
Telefoon: +31562443337
Bron/info: https://www.jachthaventerschelling.nl/</desc>
    <link href="https://www.jachthaventerschelling.nl/">
      <text>https://www.jachthaventerschelling.nl/</text>
    </link>
    <link href="tel:+31562443337">
      <text>tel:+31562443337</text>
    </link>
    <sym>vhf_unknown_31</sym>
    <type>WPT</type>
    <extensions>
      <opencpn:viz>1</opencpn:viz>
      <opencpn:viz_name>0</opencpn:viz_name>
      <opencpn:scale_min_max UseScale="false" ScaleMin="2147483646" ScaleMax="0" />
    </extensions>
  </wpt>
  <trk>
    <name>VHF 11 - Vissershaven</name>
    <desc>Type: marina
VHF-kanaal: 11
Gebruik: report
Bron/info: https://varendoejesamen.nl/kenniscentrum/artikel/knooppunt-5-6</desc>
    <extensions>
      <opencpn:viz>1</opencpn:viz>
      <opencpn:style width="4" style="101" />
      <gpxx:TrackExtension>
        <gpxx:DisplayColor>Green</gpxx:DisplayColor>
      </gpxx:TrackExtension>
    </extensions>
    <trkseg>
      <trkpt lat="53.409378770" lon="6.199808121" />
      <trkpt lat="53.409429905" lon="6.202597618" />
      <trkpt lat="53.411296294" lon="6.211481094" />
      <trkpt lat="53.409557742" lon="6.212425232" />
      <trkpt lat="53.407883041" lon="6.203198433" />
      <trkpt lat="53.407895826" lon="6.201074123" />
      <trkpt lat="53.408637304" lon="6.201095581" />
      <trkpt lat="53.409378770" lon="6.199808121" />
    </trkseg>
  </trk>
  <wpt lat="53.409414356" lon="6.206579244">
    <name>Vissershaven</name>
    <desc>Type: marina
VHF-kanaal: 11
Gebruik: report
Bron/info: https://varendoejesamen.nl/kenniscentrum/artikel/knooppunt-5-6</desc>
    <link href="https://varendoejesamen.nl/kenniscentrum/artikel/knooppunt-5-6">
      <text>https://varendoejesamen.nl/kenniscentrum/artikel/knooppunt-5-6</text>
    </link>
    <sym>vhf_unknown_11</sym>
    <type>WPT</type>
    <extensions>
      <opencpn:viz>1</opencpn:viz>
      <opencpn:viz_name>0</opencpn:viz_name>
      <opencpn:scale_min_max UseScale="false" ScaleMin="2147483646" ScaleMax="0" />
    </extensions>
  </wpt>
  <trk>
    <name>VHF 0 - Jachthaven Bruinisse</name>
    <desc>Type: marina
VHF-kanaal: 0
Gebruik: listen
Telefoon: +31111481485
Bron/info: https://www.port-adhoc.com/nl/onze-havens/jachthaven-bruinisse/</desc>
    <extensions>
      <opencpn:viz>1</opencpn:viz>
      <opencpn:style width="4" style="101" />
      <gpxx:TrackExtension>
        <gpxx:DisplayColor>Green</gpxx:DisplayColor>
      </gpxx:TrackExtension>
    </extensions>
    <trkseg>
      <trkpt lat="51.669150133" lon="4.086871147" />
      <trkpt lat="51.670759502" lon="4.088308811" />
      <trkpt lat="51.671677215" lon="4.085819721" />
      <trkpt lat="51.672102815" lon="4.084081650" />
      <trkpt lat="51.672581610" lon="4.083824158" />
      <trkpt lat="51.675002107" lon="4.078245163" />
      <trkpt lat="51.673911569" lon="4.076464176" />
      <trkpt lat="51.673459387" lon="4.077343941" />
      <trkpt lat="51.672648109" lon="4.076313972" />
      <trkpt lat="51.670879204" lon="4.080820084" />
      <trkpt lat="51.671770315" lon="4.083116055" />
      <trkpt lat="51.671517614" lon="4.083845615" />
      <trkpt lat="51.670493494" lon="4.082944393" />
      <trkpt lat="51.669150133" lon="4.086871147" />
    </trkseg>
  </trk>
  <wpt lat="51.672093118" lon="4.081847120">
    <name>Jachthaven Bruinisse</name>
    <desc>Type: marina
VHF-kanaal: 0
Gebruik: listen
Telefoon: +31111481485
Bron/info: https://www.port-adhoc.com/nl/onze-havens/jachthaven-bruinisse/</desc>
    <link href="https://www.port-adhoc.com/nl/onze-havens/jachthaven-bruinisse/">
      <text>https://www.port-adhoc.com/nl/onze-havens/jachthaven-bruinisse/</text>
    </link>
    <link href="tel:+31111481485">
      <text>tel:+31111481485</text>
    </link>
    <sym>vhfinfo</sym>
    <type>WPT</type>
    <extensions>
      <opencpn:viz>1</opencpn:viz>
      <opencpn:viz_name>1</opencpn:viz_name>
      <opencpn:scale_min_max UseScale="false" ScaleMin="2147483646" ScaleMax="0" />
    </extensions>
  </wpt>
  <trk>
    <name>VHF 18 - Sluis 12</name>
    <desc>Type: lock
VHF-kanaal: 18
Gebruik: announce
Telefoon: +31 (0)88 7974825
Bron/info: https://www.binnenvaartinbeeld.com/nl/zuid_willemsvaart/sluis_12</desc>
    <extensions>
      <opencpn:viz>1</opencpn:viz>
      <opencpn:style width="5" style="101" />
      <gpxx:TrackExtension>
        <gpxx:DisplayColor>Blue</gpxx:DisplayColor>
      </gpxx:TrackExtension>
    </extensions>
    <trkseg>
      <trkpt lat="51.350548989" lon="5.743180811" />
      <trkpt lat="51.350562390" lon="5.743352473" />
      <trkpt lat="51.349677885" lon="5.743499994" />
      <trkpt lat="51.349666158" lon="5.743322968" />
      <trkpt lat="51.350548989" lon="5.743180811" />
    </trkseg>
  </trk>
  <wpt lat="51.350112822" lon="5.743339565">
    <name>Sluis 12</name>
    <desc>Type: lock
VHF-kanaal: 18
Gebruik: announce
Telefoon: +31 (0)88 7974825
Bron/info: https://www.binnenvaartinbeeld.com/nl/zuid_willemsvaart/sluis_12</desc>
    <link href="https://www.binnenvaartinbeeld.com/nl/zuid_willemsvaart/sluis_12">
      <text>https://www.binnenvaartinbeeld.com/nl/zuid_willemsvaart/sluis_12</text>
    </link>
    <link href="tel:+310887974825">
      <text>tel:+310887974825</text>
    </link>
    <sym>vhf_unknown_18</sym>
    <type>WPT</type>
    <extensions>
      <opencpn:viz>1</opencpn:viz>
      <opencpn:viz_name>0</opencpn:viz_name>
      <opencpn:scale_min_max UseScale="false" ScaleMin="2147483646" ScaleMax="0" />
    </extensions>
  </wpt>
  <trk>
    <name>VHF 20 - Manders sluis</name>
    <desc>Type: lock
VHF-kanaal: 20
Gebruik: announce
Opmerking: In general the lock is open.
Bron/info: https://www.vaarweginformatie.nl/frp/main/#/geo/detail/LOCK/32698</desc>
    <extensions>
      <opencpn:viz>1</opencpn:viz>
      <opencpn:style width="5" style="101" />
      <gpxx:TrackExtension>
        <gpxx:DisplayColor>Blue</gpxx:DisplayColor>
      </gpxx:TrackExtension>
    </extensions>
    <trkseg>
      <trkpt lat="51.652844739" lon="4.377678931" />
      <trkpt lat="51.652941258" lon="4.377858639" />
      <trkpt lat="51.652125839" lon="4.379140735" />
      <trkpt lat="51.652029319" lon="4.378998578" />
      <trkpt lat="51.652844739" lon="4.377678931" />
    </trkseg>
  </trk>
  <wpt lat="51.652492681" lon="4.378406055">
    <name>Manders sluis</name>
    <desc>Type: lock
VHF-kanaal: 20
Gebruik: announce
Opmerking: In general the lock is open.
Bron/info: https://www.vaarweginformatie.nl/frp/main/#/geo/detail/LOCK/32698</desc>
    <link href="https://www.vaarweginformatie.nl/frp/main/#/geo/detail/LOCK/32698">
      <text>https://www.vaarweginformatie.nl/frp/main/#/geo/detail/LOCK/32698</text>
    </link>
    <sym>vhf_unknown_20</sym>
    <type>WPT</type>
    <extensions>
      <opencpn:viz>1</opencpn:viz>
      <opencpn:viz_name>0</opencpn:viz_name>
      <opencpn:scale_min_max UseScale="false" ScaleMin="2147483646" ScaleMax="0" />
    </extensions>
  </wpt>
  <trk>
    <name>VHF 18 - Sluis 13</name>
    <desc>Type: lock
VHF-kanaal: 18
Gebruik: announce
Telefoon: +31 (0)88 7974825
Bron/info: https://www.binnenvaartinbeeld.com/nl/zuid_willemsvaart/sluis_13_someren</desc>
    <extensions>
      <opencpn:viz>1</opencpn:viz>
      <opencpn:style width="5" style="101" />
      <gpxx:TrackExtension>
        <gpxx:DisplayColor>Blue</gpxx:DisplayColor>
      </gpxx:TrackExtension>
    </extensions>
    <trkseg>
      <trkpt lat="51.329733451" lon="5.746691823" />
      <trkpt lat="51.329751886" lon="5.746879578" />
      <trkpt lat="51.330772525" lon="5.746689141" />
      <trkpt lat="51.330760794" lon="5.746520162" />
      <trkpt lat="51.329733451" lon="5.746691823" />
    </trkseg>
  </trk>
  <wpt lat="51.330240604" lon="5.746696246">
    <name>Sluis 13</name>
    <desc>Type: lock
VHF-kanaal: 18
Gebruik: announce
Telefoon: +31 (0)88 7974825
Bron/info: https://www.binnenvaartinbeeld.com/nl/zuid_willemsvaart/sluis_13_someren</desc>
    <link href="https://www.binnenvaartinbeeld.com/nl/zuid_willemsvaart/sluis_13_someren">
      <text>https://www.binnenvaartinbeeld.com/nl/zuid_willemsvaart/sluis_13_someren</text>
    </link>
    <link href="tel:+310887974825">
      <text>tel:+310887974825</text>
    </link>
    <sym>vhf_unknown_18</sym>
    <type>WPT</type>
    <extensions>
      <opencpn:viz>1</opencpn:viz>
      <opencpn:viz_name>0</opencpn:viz_name>
      <opencpn:scale_min_max UseScale="false" ScaleMin="2147483646" ScaleMax="0" />
    </extensions>
  </wpt>
  <trk>
    <name>VHF 22 - Sloebrug</name>
    <desc>Oproepnaam: Sloebrug
Type: bridge
VHF-kanaal: 22
Gebruik: listen
Opmerking: Let op:  blauwe golf.
Bron/info: https://www.zeeland.nl/actueel/bedieningstijden-sluizen-en-bruggen</desc>
    <extensions>
      <opencpn:viz>1</opencpn:viz>
      <opencpn:style width="5" style="101" />
      <gpxx:TrackExtension>
        <gpxx:DisplayColor>Cyan</gpxx:DisplayColor>
      </gpxx:TrackExtension>
    </extensions>
    <trkseg>
      <trkpt lat="51.457664404" lon="3.590952158" />
      <trkpt lat="51.457858164" lon="3.590018749" />
      <trkpt lat="51.458038561" lon="3.590115309" />
      <trkpt lat="51.457858164" lon="3.591016531" />
      <trkpt lat="51.457664404" lon="3.590952158" />
    </trkseg>
  </trk>
  <wpt lat="51.457853553" lon="3.590527975">
    <name>Sloebrug</name>
    <desc>Oproepnaam: Sloebrug
Type: bridge
VHF-kanaal: 22
Gebruik: listen
Opmerking: Let op:  blauwe golf.
Bron/info: https://www.zeeland.nl/actueel/bedieningstijden-sluizen-en-bruggen</desc>
    <link href="https://www.zeeland.nl/actueel/bedieningstijden-sluizen-en-bruggen">
      <text>https://www.zeeland.nl/actueel/bedieningstijden-sluizen-en-bruggen</text>
    </link>
    <sym>vhf_unknown_22</sym>
    <type>WPT</type>
    <extensions>
      <opencpn:viz>1</opencpn:viz>
      <opencpn:viz_name>0</opencpn:viz_name>
      <opencpn:scale_min_max UseScale="false" ScaleMin="2147483646" ScaleMax="0" />
    </extensions>
  </wpt>
  <trk>
    <name>VHF 22 - New feature</name>
    <desc>Type: bridge
VHF-kanaal: 22
Gebruik: announce
Bron/info: https://www.binnenvaartinbeeld.com/nl/wilhelminakanaal/brug_sluis_v</desc>
    <extensions>
      <opencpn:viz>1</opencpn:viz>
      <opencpn:style width="5" style="101" />
      <gpxx:TrackExtension>
        <gpxx:DisplayColor>Cyan</gpxx:DisplayColor>
      </gpxx:TrackExtension>
    </extensions>
    <trkseg>
      <trkpt lat="51.511964275" lon="5.566074550" />
      <trkpt lat="51.511970953" lon="5.566138923" />
      <trkpt lat="51.512061093" lon="5.566112101" />
      <trkpt lat="51.512057755" lon="5.566053092" />
      <trkpt lat="51.511964275" lon="5.566074550" />
    </trkseg>
  </trk>
  <wpt lat="51.512007843" lon="5.566096008">
    <name>New feature</name>
    <desc>Type: bridge
VHF-kanaal: 22
Gebruik: announce
Bron/info: https://www.binnenvaartinbeeld.com/nl/wilhelminakanaal/brug_sluis_v</desc>
    <link href="https://www.binnenvaartinbeeld.com/nl/wilhelminakanaal/brug_sluis_v">
      <text>https://www.binnenvaartinbeeld.com/nl/wilhelminakanaal/brug_sluis_v</text>
    </link>
    <sym>vhf_unknown_22</sym>
    <type>WPT</type>
    <extensions>
      <opencpn:viz>1</opencpn:viz>
      <opencpn:viz_name>0</opencpn:viz_name>
      <opencpn:scale_min_max UseScale="false" ScaleMin="2147483646" ScaleMax="0" />
    </extensions>
  </wpt>
  <trk>
    <name>VHF 22 - Brug Houtens</name>
    <desc>Type: bridge
VHF-kanaal: 22
Gebruik: announce
Telefoon: +31 (0)88 7974825
Bron/info: https://waterkaart.net/gids/brug.php?naam=Brug-Houtens</desc>
    <extensions>
      <opencpn:viz>1</opencpn:viz>
      <opencpn:style width="5" style="101" />
      <gpxx:TrackExtension>
        <gpxx:DisplayColor>Cyan</gpxx:DisplayColor>
      </gpxx:TrackExtension>
    </extensions>
    <trkseg>
      <trkpt lat="51.504590487" lon="5.471907556" />
      <trkpt lat="51.504680642" lon="5.471899509" />
      <trkpt lat="51.504680642" lon="5.471958518" />
      <trkpt lat="51.504593826" lon="5.471966565" />
      <trkpt lat="51.504590487" lon="5.471907556" />
    </trkseg>
  </trk>
  <wpt lat="51.504626549" lon="5.471933037">
    <name>Brug Houtens</name>
    <desc>Type: bridge
VHF-kanaal: 22
Gebruik: announce
Telefoon: +31 (0)88 7974825
Bron/info: https://waterkaart.net/gids/brug.php?naam=Brug-Houtens</desc>
    <link href="https://waterkaart.net/gids/brug.php?naam=Brug-Houtens">
      <text>https://waterkaart.net/gids/brug.php?naam=Brug-Houtens</text>
    </link>
    <link href="tel:+310887974825">
      <text>tel:+310887974825</text>
    </link>
    <sym>vhf_unknown_22</sym>
    <type>WPT</type>
    <extensions>
      <opencpn:viz>1</opencpn:viz>
      <opencpn:viz_name>0</opencpn:viz_name>
      <opencpn:scale_min_max UseScale="false" ScaleMin="2147483646" ScaleMax="0" />
    </extensions>
  </wpt>
  <trk>
    <name>VHF N.A. - Vlietbrug</name>
    <desc>Type: bridge
VHF-kanaal: N.A.
Gebruik: announce
Telefoon: +31  (0)165 579800</desc>
    <extensions>
      <opencpn:viz>1</opencpn:viz>
      <opencpn:style width="5" style="101" />
      <gpxx:TrackExtension>
        <gpxx:DisplayColor>Cyan</gpxx:DisplayColor>
      </gpxx:TrackExtension>
    </extensions>
    <trkseg>
      <trkpt lat="51.541132208" lon="4.450557232" />
      <trkpt lat="51.541153894" lon="4.450734258" />
      <trkpt lat="51.541297360" lon="4.450683296" />
      <trkpt lat="51.541282346" lon="4.450519681" />
      <trkpt lat="51.541132208" lon="4.450557232" />
    </trkseg>
  </trk>
  <wpt lat="51.541232193" lon="4.450624907">
    <name>Vlietbrug</name>
    <desc>Type: bridge
VHF-kanaal: N.A.
Gebruik: announce
Telefoon: +31  (0)165 579800</desc>
    <link href="https://">
      <text>https://</text>
    </link>
    <link href="tel:+310165579800">
      <text>tel:+310165579800</text>
    </link>
    <sym>vhfinfo</sym>
    <type>WPT</type>
    <extensions>
      <opencpn:viz>1</opencpn:viz>
      <opencpn:viz_name>1</opencpn:viz_name>
      <opencpn:scale_min_max UseScale="false" ScaleMin="2147483646" ScaleMax="0" />
    </extensions>
  </wpt>
  <trk>
    <name>VHF 31 - Marina Volendam</name>
    <desc>Type: marina
VHF-kanaal: 31
Gebruik: listen
Telefoon: +31299320262
Bron/info: https://marinavolendam.nl/</desc>
    <extensions>
      <opencpn:viz>1</opencpn:viz>
      <opencpn:style width="4" style="101" />
      <gpxx:TrackExtension>
        <gpxx:DisplayColor>Green</gpxx:DisplayColor>
      </gpxx:TrackExtension>
    </extensions>
    <trkseg>
      <trkpt lat="52.488947753" lon="5.067036152" />
      <trkpt lat="52.486831028" lon="5.064697266" />
      <trkpt lat="52.488020065" lon="5.061135292" />
      <trkpt lat="52.488425114" lon="5.061736107" />
      <trkpt lat="52.488425114" lon="5.062723160" />
      <trkpt lat="52.490183279" lon="5.064108521" />
      <trkpt lat="52.490480518" lon="5.064282864" />
      <trkpt lat="52.490103252" lon="5.065469742" />
      <trkpt lat="52.489816626" lon="5.065874755" />
      <trkpt lat="52.489509583" lon="5.066961050" />
      <trkpt lat="52.489326662" lon="5.067261457" />
      <trkpt lat="52.488947753" lon="5.067036152" />
    </trkseg>
  </trk>
  <wpt lat="52.488592368" lon="5.064502440">
    <name>Marina Volendam</name>
    <desc>Type: marina
VHF-kanaal: 31
Gebruik: listen
Telefoon: +31299320262
Bron/info: https://marinavolendam.nl/</desc>
    <link href="https://marinavolendam.nl/">
      <text>https://marinavolendam.nl/</text>
    </link>
    <link href="tel:+31299320262">
      <text>tel:+31299320262</text>
    </link>
    <sym>vhf_unknown_31</sym>
    <type>WPT</type>
    <extensions>
      <opencpn:viz>1</opencpn:viz>
      <opencpn:viz_name>0</opencpn:viz_name>
      <opencpn:scale_min_max UseScale="false" ScaleMin="2147483646" ScaleMax="0" />
    </extensions>
  </wpt>
  <trk>
    <name>VHF 22 - Stationsbrug</name>
    <desc>Oproepnaam: Stationsbrug Vlissingen
Type: bridge
VHF-kanaal: 22
Gebruik: listen
Opmerking: Let op: blauwe golf.
Bron/info: https://www.zeeland.nl/actueel/bedieningstijden-sluizen-en-bruggen</desc>
    <extensions>
      <opencpn:viz>1</opencpn:viz>
      <opencpn:style width="5" style="101" />
      <gpxx:TrackExtension>
        <gpxx:DisplayColor>Cyan</gpxx:DisplayColor>
      </gpxx:TrackExtension>
    </extensions>
    <trkseg>
      <trkpt lat="51.496039838" lon="3.617361188" />
      <trkpt lat="51.496119947" lon="3.617543578" />
      <trkpt lat="51.495592558" lon="3.618058562" />
      <trkpt lat="51.495519124" lon="3.617843986" />
      <trkpt lat="51.496039838" lon="3.617361188" />
    </trkseg>
  </trk>
  <wpt lat="51.495815316" lon="3.617706325">
    <name>Stationsbrug</name>
    <desc>Oproepnaam: Stationsbrug Vlissingen
Type: bridge
VHF-kanaal: 22
Gebruik: listen
Opmerking: Let op: blauwe golf.
Bron/info: https://www.zeeland.nl/actueel/bedieningstijden-sluizen-en-bruggen</desc>
    <link href="https://www.zeeland.nl/actueel/bedieningstijden-sluizen-en-bruggen">
      <text>https://www.zeeland.nl/actueel/bedieningstijden-sluizen-en-bruggen</text>
    </link>
    <sym>vhf_unknown_22</sym>
    <type>WPT</type>
    <extensions>
      <opencpn:viz>1</opencpn:viz>
      <opencpn:viz_name>0</opencpn:viz_name>
      <opencpn:scale_min_max UseScale="false" ScaleMin="2147483646" ScaleMax="0" />
    </extensions>
  </wpt>
  <trk>
    <name>VHF 68 - Maassluis Haven</name>
    <desc>Type: vts
VHF-kanaal: 68
Gebruik: listen
Telefoon: +31 88-5445253
Bron/info: https://waterkaart.net/gids/brug.php?naam=Havenspoorbrug%2C-Maassluis</desc>
    <extensions>
      <opencpn:viz>1</opencpn:viz>
      <opencpn:style width="7" style="101" />
      <gpxx:TrackExtension>
        <gpxx:DisplayColor>Red</gpxx:DisplayColor>
      </gpxx:TrackExtension>
    </extensions>
    <trkseg>
      <trkpt lat="51.924935917" lon="4.248758554" />
      <trkpt lat="51.921468788" lon="4.253146648" />
      <trkpt lat="51.918577104" lon="4.249638319" />
      <trkpt lat="51.918497696" lon="4.249767065" />
      <trkpt lat="51.917723460" lon="4.248951674" />
      <trkpt lat="51.917822721" lon="4.248715639" />
      <trkpt lat="51.917617580" lon="4.248350859" />
      <trkpt lat="51.917438908" lon="4.248651266" />
      <trkpt lat="51.915658763" lon="4.246677160" />
      <trkpt lat="51.915294784" lon="4.247310162" />
      <trkpt lat="51.915923473" lon="4.245314598" />
      <trkpt lat="51.915983033" lon="4.245378971" />
      <trkpt lat="51.915824207" lon="4.246097803" />
      <trkpt lat="51.915969797" lon="4.246290922" />
      <trkpt lat="51.916102151" lon="4.246333838" />
      <trkpt lat="51.921376152" lon="4.252127409" />
      <trkpt lat="51.921759932" lon="4.251805544" />
      <trkpt lat="51.921925353" lon="4.252148867" />
      <trkpt lat="51.921970017" lon="4.252170324" />
      <trkpt lat="51.922800422" lon="4.250939190" />
      <trkpt lat="51.922785535" lon="4.250577092" />
      <trkpt lat="51.921892269" lon="4.249689281" />
      <trkpt lat="51.921844297" lon="4.249769747" />
      <trkpt lat="51.921607743" lon="4.249490798" />
      <trkpt lat="51.921314945" lon="4.249759018" />
      <trkpt lat="51.920954320" lon="4.251218140" />
      <trkpt lat="51.920734305" lon="4.251413941" />
      <trkpt lat="51.920658209" lon="4.251336157" />
      <trkpt lat="51.920661518" lon="4.251043797" />
      <trkpt lat="51.921119745" lon="4.249222577" />
      <trkpt lat="51.921192531" lon="4.249276221" />
      <trkpt lat="51.921156138" lon="4.249426425" />
      <trkpt lat="51.921262009" lon="4.249504209" />
      <trkpt lat="51.921811212" lon="4.248884618" />
      <trkpt lat="51.922924486" lon="4.249852896" />
      <trkpt lat="51.922945990" lon="4.249807298" />
      <trkpt lat="51.923389306" lon="4.250086248" />
      <trkpt lat="51.924740732" lon="4.248372316" />
      <trkpt lat="51.924935917" lon="4.248758554" />
    </trkseg>
  </trk>
  <wpt lat="51.921079464" lon="4.249622226">
    <name>Maassluis Haven</name>
    <desc>Type: vts
VHF-kanaal: 68
Gebruik: listen
Telefoon: +31 88-5445253
Bron/info: https://waterkaart.net/gids/brug.php?naam=Havenspoorbrug%2C-Maassluis</desc>
    <link href="https://waterkaart.net/gids/brug.php?naam=Havenspoorbrug%2C-Maassluis">
      <text>https://waterkaart.net/gids/brug.php?naam=Havenspoorbrug%2C-Maassluis</text>
    </link>
    <link href="tel:+31885445253">
      <text>tel:+31885445253</text>
    </link>
    <sym>vhf_unknown_68</sym>
    <type>WPT</type>
    <extensions>
      <opencpn:viz>1</opencpn:viz>
      <opencpn:viz_name>0</opencpn:viz_name>
      <opencpn:scale_min_max UseScale="false" ScaleMin="2147483646" ScaleMax="0" />
    </extensions>
  </wpt>
  <trk>
    <name>VHF 18 - Oranjesluizen</name>
    <desc>Type: lock
VHF-kanaal: 18
Gebruik: report
Telefoon: +31887973464
Bron/info: https://waterkaart.net/gids/sluis.php?naam=Oranjesluizen</desc>
    <extensions>
      <opencpn:viz>1</opencpn:viz>
      <opencpn:style width="5" style="101" />
      <gpxx:TrackExtension>
        <gpxx:DisplayColor>Blue</gpxx:DisplayColor>
      </gpxx:TrackExtension>
    </extensions>
    <trkseg>
      <trkpt lat="52.380165518" lon="4.958662228" />
      <trkpt lat="52.379405693" lon="4.961472266" />
      <trkpt lat="52.379657371" lon="4.961641827" />
      <trkpt lat="52.381222217" lon="4.960783892" />
      <trkpt lat="52.381355127" lon="4.960952058" />
      <trkpt lat="52.381300568" lon="4.961126758" />
      <trkpt lat="52.381472654" lon="4.961325864" />
      <trkpt lat="52.381547589" lon="4.961181713" />
      <trkpt lat="52.381677517" lon="4.961350826" />
      <trkpt lat="52.382195266" lon="4.960265313" />
      <trkpt lat="52.381833224" lon="4.959850413" />
      <trkpt lat="52.381760357" lon="4.960004015" />
      <trkpt lat="52.381646611" lon="4.959873366" />
      <trkpt lat="52.381449969" lon="4.960236444" />
      <trkpt lat="52.380398281" lon="4.958826098" />
      <trkpt lat="52.380165518" lon="4.958662228" />
    </trkseg>
  </trk>
  <wpt lat="52.380645444" lon="4.960346533">
    <name>Oranjesluizen</name>
    <desc>Type: lock
VHF-kanaal: 18
Gebruik: report
Telefoon: +31887973464
Bron/info: https://waterkaart.net/gids/sluis.php?naam=Oranjesluizen</desc>
    <link href="https://waterkaart.net/gids/sluis.php?naam=Oranjesluizen">
      <text>https://waterkaart.net/gids/sluis.php?naam=Oranjesluizen</text>
    </link>
    <link href="tel:+31887973464">
      <text>tel:+31887973464</text>
    </link>
    <sym>vhf_unknown_18</sym>
    <type>WPT</type>
    <extensions>
      <opencpn:viz>1</opencpn:viz>
      <opencpn:viz_name>0</opencpn:viz_name>
      <opencpn:scale_min_max UseScale="false" ScaleMin="2147483646" ScaleMax="0" />
    </extensions>
  </wpt>
  <trk>
    <name>VHF 22 - Tjerck Hiddes sluis</name>
    <desc>Oproepnaam: Tjerck Hiddes sluis
Type: lock
VHF-kanaal: 22
Gebruik: report</desc>
    <extensions>
      <opencpn:viz>1</opencpn:viz>
      <opencpn:style width="5" style="101" />
      <gpxx:TrackExtension>
        <gpxx:DisplayColor>Blue</gpxx:DisplayColor>
      </gpxx:TrackExtension>
    </extensions>
    <trkseg>
      <trkpt lat="53.180263289" lon="5.424499512" />
      <trkpt lat="53.179626735" lon="5.421624184" />
      <trkpt lat="53.179491707" lon="5.421613455" />
      <trkpt lat="53.179028752" lon="5.418866873" />
      <trkpt lat="53.178925872" lon="5.418008566" />
      <trkpt lat="53.178829423" lon="5.417450666" />
      <trkpt lat="53.178295729" lon="5.417783260" />
      <trkpt lat="53.178829423" lon="5.419553518" />
      <trkpt lat="53.179080192" lon="5.420916080" />
      <trkpt lat="53.179176641" lon="5.421838760" />
      <trkpt lat="53.179845350" lon="5.424746275" />
      <trkpt lat="53.180263289" lon="5.424499512" />
    </trkseg>
  </trk>
  <wpt lat="53.179309349" lon="5.421190287">
    <name>Tjerck Hiddes sluis</name>
    <desc>Oproepnaam: Tjerck Hiddes sluis
Type: lock
VHF-kanaal: 22
Gebruik: report</desc>
    <link href="https://">
      <text>https://</text>
    </link>
    <sym>vhf_unknown_22</sym>
    <type>WPT</type>
    <extensions>
      <opencpn:viz>1</opencpn:viz>
      <opencpn:viz_name>0</opencpn:viz_name>
      <opencpn:scale_min_max UseScale="false" ScaleMin="2147483646" ScaleMax="0" />
    </extensions>
  </wpt>
  <trk>
    <name>VHF 12 - Haven West-Terschelling</name>
    <desc>Oproepnaam: Haven West-Terschelling
Type: marina
VHF-kanaal: 12
Gebruik: announce
Telefoon: +31562446244
Bron/info: https://www.terschelling.nl/de-haven-van-terschelling</desc>
    <extensions>
      <opencpn:viz>1</opencpn:viz>
      <opencpn:style width="4" style="101" />
      <gpxx:TrackExtension>
        <gpxx:DisplayColor>Green</gpxx:DisplayColor>
      </gpxx:TrackExtension>
    </extensions>
    <trkseg>
      <trkpt lat="53.354444913" lon="5.219922066" />
      <trkpt lat="53.356609290" lon="5.218677521" />
      <trkpt lat="53.359132123" lon="5.218205452" />
      <trkpt lat="53.361052962" lon="5.219128132" />
      <trkpt lat="53.362333473" lon="5.220329762" />
      <trkpt lat="53.363015330" lon="5.222196579" />
      <trkpt lat="53.363786807" lon="5.222432613" />
      <trkpt lat="53.364270173" lon="5.221858621" />
      <trkpt lat="53.364257369" lon="5.221048594" />
      <trkpt lat="53.362775241" lon="5.219385624" />
      <trkpt lat="53.362026154" lon="5.218666792" />
      <trkpt lat="53.361994142" lon="5.218076706" />
      <trkpt lat="53.361449925" lon="5.217711926" />
      <trkpt lat="53.360739231" lon="5.217744112" />
      <trkpt lat="53.358619885" lon="5.216488838" />
      <trkpt lat="53.357063923" lon="5.215190649" />
      <trkpt lat="53.355879305" lon="5.212090015" />
      <trkpt lat="53.354476931" lon="5.215877295" />
      <trkpt lat="53.354521756" lon="5.217314959" />
      <trkpt lat="53.354304032" lon="5.218141079" />
      <trkpt lat="53.354444913" lon="5.219922066" />
    </trkseg>
  </trk>
  <wpt lat="53.358017307" lon="5.217523645">
    <name>Haven West-Terschelling</name>
    <desc>Oproepnaam: Haven West-Terschelling
Type: marina
VHF-kanaal: 12
Gebruik: announce
Telefoon: +31562446244
Bron/info: https://www.terschelling.nl/de-haven-van-terschelling</desc>
    <link href="https://www.terschelling.nl/de-haven-van-terschelling">
      <text>https://www.terschelling.nl/de-haven-van-terschelling</text>
    </link>
    <link href="tel:+31562446244">
      <text>tel:+31562446244</text>
    </link>
    <sym>vhf_unknown_12</sym>
    <type>WPT</type>
    <extensions>
      <opencpn:viz>1</opencpn:viz>
      <opencpn:viz_name>0</opencpn:viz_name>
      <opencpn:scale_min_max UseScale="false" ScaleMin="2147483646" ScaleMax="0" />
    </extensions>
  </wpt>
  <trk>
    <name>VHF 1 - Centrale meldpost IJsselmeer</name>
    <desc>Type: area
VHF-kanaal: 1
Gebruik: listen
Opmerking: Ship to ship on VHF 10
Telefoon: +31887973300</desc>
    <extensions>
      <opencpn:viz>1</opencpn:viz>
      <opencpn:style width="7" style="101" />
      <gpxx:TrackExtension>
        <gpxx:DisplayColor>Yellow</gpxx:DisplayColor>
      </gpxx:TrackExtension>
    </extensions>
    <trkseg>
      <trkpt lat="53.090793486" lon="5.377941836" />
      <trkpt lat="53.072842971" lon="5.340138457" />
      <trkpt lat="53.069705352" lon="5.339440096" />
      <trkpt lat="53.063027554" lon="5.341289587" />
      <trkpt lat="53.064721903" lon="5.337098732" />
      <trkpt lat="53.071892297" lon="5.333394876" />
      <trkpt lat="53.067379730" lon="5.299334413" />
      <trkpt lat="53.060357804" lon="5.284137011" />
      <trkpt lat="52.935062978" lon="5.045048578" />
      <trkpt lat="52.927104943" lon="5.055177871" />
      <trkpt lat="52.921989704" lon="5.050938161" />
      <trkpt lat="52.887551913" lon="5.079971709" />
      <trkpt lat="52.848707206" lon="5.116978893" />
      <trkpt lat="52.779357818" lon="5.108325069" />
      <trkpt lat="52.761273748" lon="5.115738908" />
      <trkpt lat="52.735608998" lon="5.153338283" />
      <trkpt lat="52.741190720" lon="5.169841543" />
      <trkpt lat="52.756152311" lon="5.194709378" />
      <trkpt lat="52.752436244" lon="5.258468247" />
      <trkpt lat="52.736757020" lon="5.286845029" />
      <trkpt lat="52.719921637" lon="5.286890053" />
      <trkpt lat="52.701675432" lon="5.302151273" />
      <trkpt lat="52.686207038" lon="5.269801482" />
      <trkpt lat="52.684106350" lon="5.247948735" />
      <trkpt lat="52.652417201" lon="5.233802388" />
      <trkpt lat="52.613721371" lon="5.134466864" />
      <trkpt lat="52.632892599" lon="5.120026967" />
      <trkpt lat="52.638013898" lon="5.090220432" />
      <trkpt lat="52.631156108" lon="5.064799413" />
      <trkpt lat="52.633571586" lon="5.054091478" />
      <trkpt lat="52.638479816" lon="5.053999149" />
      <trkpt lat="52.639951134" lon="5.047110391" />
      <trkpt lat="52.636630024" lon="5.041315510" />
      <trkpt lat="52.630319251" lon="5.022788863" />
      <trkpt lat="52.596299322" lon="5.025023496" />
      <trkpt lat="52.567980674" lon="5.032706928" />
      <trkpt lat="52.503773363" lon="5.087407691" />
      <trkpt lat="52.491798011" lon="5.079927993" />
      <trkpt lat="52.486678175" lon="5.060579772" />
      <trkpt lat="52.440688827" lon="5.050194410" />
      <trkpt lat="52.437274211" lon="5.087959163" />
      <trkpt lat="52.412612636" lon="5.067615124" />
      <trkpt lat="52.413922923" lon="5.055540151" />
      <trkpt lat="52.395332145" lon="5.029632385" />
      <trkpt lat="52.376611528" lon="5.014086386" />
      <trkpt lat="52.356553854" lon="5.019128315" />
      <trkpt lat="52.334982854" lon="5.045764233" />
      <trkpt lat="52.339953384" lon="5.079771933" />
      <trkpt lat="52.339060879" lon="5.093704875" />
      <trkpt lat="52.330558601" lon="5.112831157" />
      <trkpt lat="52.330021314" lon="5.123732590" />
      <trkpt lat="52.325765849" lon="5.129769807" />
      <trkpt lat="52.332573620" lon="5.143536982" />
      <trkpt lat="52.337691164" lon="5.134416114" />
      <trkpt lat="52.336750647" lon="5.131666402" />
      <trkpt lat="52.337604489" lon="5.127846719" />
      <trkpt lat="52.349154574" lon="5.133363801" />
      <trkpt lat="52.350711981" lon="5.130704086" />
      <trkpt lat="52.364776685" lon="5.131813764" />
      <trkpt lat="52.376833526" lon="5.119724545" />
      <trkpt lat="52.382991521" lon="5.122564311" />
      <trkpt lat="52.436289536" lon="5.263632147" />
      <trkpt lat="52.493946517" lon="5.388457153" />
      <trkpt lat="52.510808580" lon="5.420619003" />
      <trkpt lat="52.547194708" lon="5.432484760" />
      <trkpt lat="52.554650397" lon="5.496091529" />
      <trkpt lat="52.592883623" lon="5.555465912" />
      <trkpt lat="52.606033316" lon="5.629111215" />
      <trkpt lat="52.616631758" lon="5.649929745" />
      <trkpt lat="52.648682730" lon="5.616656398" />
      <trkpt lat="52.662864740" lon="5.590014068" />
      <trkpt lat="52.765636431" lon="5.591118663" />
      <trkpt lat="52.832640776" lon="5.660966308" />
      <trkpt lat="52.832751952" lon="5.678979535" />
      <trkpt lat="52.843475868" lon="5.665976462" />
      <trkpt lat="52.843461566" lon="5.657256650" />
      <trkpt lat="52.854173014" lon="5.656292696" />
      <trkpt lat="52.859909358" lon="5.642151482" />
      <trkpt lat="52.849544992" lon="5.619038079" />
      <trkpt lat="52.851723818" lon="5.601894063" />
      <trkpt lat="52.847837679" lon="5.585433749" />
      <trkpt lat="52.836943450" lon="5.580935118" />
      <trkpt lat="52.830885299" lon="5.546251185" />
      <trkpt lat="52.852571122" lon="5.461016651" />
      <trkpt lat="52.845596832" lon="5.418640626" />
      <trkpt lat="52.869531542" lon="5.376372606" />
      <trkpt lat="52.873831270" lon="5.358983733" />
      <trkpt lat="52.887335679" lon="5.350861707" />
      <trkpt lat="52.899291465" lon="5.370175749" />
      <trkpt lat="52.906094847" lon="5.390458537" />
      <trkpt lat="52.905569043" lon="5.393770958" />
      <trkpt lat="52.906717342" lon="5.401273593" />
      <trkpt lat="52.911403613" lon="5.406262099" />
      <trkpt lat="52.921205659" lon="5.409759706" />
      <trkpt lat="52.943311144" lon="5.395339879" />
      <trkpt lat="52.949192190" lon="5.407578620" />
      <trkpt lat="52.959681298" lon="5.402846993" />
      <trkpt lat="52.966902082" lon="5.408468511" />
      <trkpt lat="53.003188936" lon="5.395439863" />
      <trkpt lat="53.016098583" lon="5.405421176" />
      <trkpt lat="53.040084019" lon="5.387062479" />
      <trkpt lat="53.063868244" lon="5.363557401" />
      <trkpt lat="53.075818934" lon="5.363314526" />
      <trkpt lat="53.074406160" lon="5.389776739" />
      <trkpt lat="53.090793486" lon="5.377941836" />
    </trkseg>
  </trk>
  <wpt lat="52.711540575" lon="5.303743035">
    <name>Centrale meldpost IJsselmeer</name>
    <desc>Type: area
VHF-kanaal: 1
Gebruik: listen
Opmerking: Ship to ship on VHF 10
Telefoon: +31887973300</desc>
    <link href="tel:+31887973300">
      <text>tel:+31887973300</text>
    </link>
    <sym>vhf_unknown_1</sym>
    <type>WPT</type>
    <extensions>
      <opencpn:viz>1</opencpn:viz>
      <opencpn:viz_name>0</opencpn:viz_name>
      <opencpn:scale_min_max UseScale="false" ScaleMin="2147483646" ScaleMax="0" />
    </extensions>
  </wpt>
  <wpt lat="52.478771376" lon="5.180309673">
    <name>Centrale meldpost IJsselmeer</name>
    <desc>Type: area
VHF-kanaal: 1
Gebruik: listen
Opmerking: Ship to ship on VHF 10
Telefoon: +31887973300</desc>
    <link href="tel:+31887973300">
      <text>tel:+31887973300</text>
    </link>
    <sym>vhf_unknown_1</sym>
    <type>WPT</type>
    <extensions>
      <opencpn:viz>1</opencpn:viz>
      <opencpn:viz_name>0</opencpn:viz_name>
      <opencpn:scale_min_max UseScale="false" ScaleMin="2147483646" ScaleMax="0" />
    </extensions>
  </wpt>
  <wpt lat="52.631776904" lon="5.512756248">
    <name>Centrale meldpost IJsselmeer</name>
    <desc>Type: area
VHF-kanaal: 1
Gebruik: listen
Opmerking: Ship to ship on VHF 10
Telefoon: +31887973300</desc>
    <link href="tel:+31887973300">
      <text>tel:+31887973300</text>
    </link>
    <sym>vhf_unknown_1</sym>
    <type>WPT</type>
    <extensions>
      <opencpn:viz>1</opencpn:viz>
      <opencpn:viz_name>0</opencpn:viz_name>
      <opencpn:scale_min_max UseScale="false" ScaleMin="2147483646" ScaleMax="0" />
    </extensions>
  </wpt>
  <wpt lat="52.937787959" lon="5.180309673">
    <name>Centrale meldpost IJsselmeer</name>
    <desc>Type: area
VHF-kanaal: 1
Gebruik: listen
Opmerking: Ship to ship on VHF 10
Telefoon: +31887973300</desc>
    <link href="tel:+31887973300">
      <text>tel:+31887973300</text>
    </link>
    <sym>vhf_unknown_1</sym>
    <type>WPT</type>
    <extensions>
      <opencpn:viz>1</opencpn:viz>
      <opencpn:viz_name>0</opencpn:viz_name>
      <opencpn:scale_min_max UseScale="false" ScaleMin="2147483646" ScaleMax="0" />
    </extensions>
  </wpt>
  <trk>
    <name>VHF 18 - Goesche Sas</name>
    <desc>Oproepnaam: Goesche Sas
Type: lock
VHF-kanaal: 18
Gebruik: listen
Telefoon: +31113216744
Bron/info: https://www.goes.nl/contactgegevens-sluis-en-bruggen</desc>
    <extensions>
      <opencpn:viz>1</opencpn:viz>
      <opencpn:style width="5" style="101" />
      <gpxx:TrackExtension>
        <gpxx:DisplayColor>Blue</gpxx:DisplayColor>
      </gpxx:TrackExtension>
    </extensions>
    <trkseg>
      <trkpt lat="51.537341307" lon="3.924527764" />
      <trkpt lat="51.537401334" lon="3.926078081" />
      <trkpt lat="51.537571412" lon="3.926040530" />
      <trkpt lat="51.537518055" lon="3.924484849" />
      <trkpt lat="51.537341307" lon="3.924527764" />
    </trkseg>
  </trk>
  <wpt lat="51.537457604" lon="3.925277696">
    <name>Goesche Sas</name>
    <desc>Oproepnaam: Goesche Sas
Type: lock
VHF-kanaal: 18
Gebruik: listen
Telefoon: +31113216744
Bron/info: https://www.goes.nl/contactgegevens-sluis-en-bruggen</desc>
    <link href="https://www.goes.nl/contactgegevens-sluis-en-bruggen">
      <text>https://www.goes.nl/contactgegevens-sluis-en-bruggen</text>
    </link>
    <link href="tel:+31113216744">
      <text>tel:+31113216744</text>
    </link>
    <sym>vhf_unknown_18</sym>
    <type>WPT</type>
    <extensions>
      <opencpn:viz>1</opencpn:viz>
      <opencpn:viz_name>0</opencpn:viz_name>
      <opencpn:scale_min_max UseScale="false" ScaleMin="2147483646" ScaleMax="0" />
    </extensions>
  </wpt>
  <trk>
    <name>VHF 20 - Erasmusbrug</name>
    <desc>Type: bridge
VHF-kanaal: 20
Gebruik: announce
Telefoon: +31 (0)10 – 4857900
Bron/info: http://veerhavenrotterdam.nl/bruggen-en-sluizen/</desc>
    <extensions>
      <opencpn:viz>1</opencpn:viz>
      <opencpn:style width="5" style="101" />
      <gpxx:TrackExtension>
        <gpxx:DisplayColor>Cyan</gpxx:DisplayColor>
      </gpxx:TrackExtension>
    </extensions>
    <trkseg>
      <trkpt lat="51.908269416" lon="4.488403201" />
      <trkpt lat="51.908003006" lon="4.489057660" />
      <trkpt lat="51.908188335" lon="4.489454627" />
      <trkpt lat="51.908453089" lon="4.488810897" />
      <trkpt lat="51.908269416" lon="4.488403201" />
    </trkseg>
  </trk>
  <wpt lat="51.908227903" lon="4.488930733">
    <name>Erasmusbrug</name>
    <desc>Type: bridge
VHF-kanaal: 20
Gebruik: announce
Telefoon: +31 (0)10 – 4857900
Bron/info: http://veerhavenrotterdam.nl/bruggen-en-sluizen/</desc>
    <link href="http://veerhavenrotterdam.nl/bruggen-en-sluizen/">
      <text>http://veerhavenrotterdam.nl/bruggen-en-sluizen/</text>
    </link>
    <link href="tel:+310104857900">
      <text>tel:+310104857900</text>
    </link>
    <sym>vhf_unknown_20</sym>
    <type>WPT</type>
    <extensions>
      <opencpn:viz>1</opencpn:viz>
      <opencpn:viz_name>0</opencpn:viz_name>
      <opencpn:scale_min_max UseScale="false" ScaleMin="2147483646" ScaleMax="0" />
    </extensions>
  </wpt>
  <trk>
    <name>VHF 20 - Sluis Roermond</name>
    <desc>Oproepnaam: Sluis Roermond
Type: lock
VHF-kanaal: 20
Gebruik: announce
Bron/info: https://varendoejesamen.nl/kenniscentrum/artikel/knooppunt-4-5</desc>
    <extensions>
      <opencpn:viz>1</opencpn:viz>
      <opencpn:style width="5" style="101" />
      <gpxx:TrackExtension>
        <gpxx:DisplayColor>Blue</gpxx:DisplayColor>
      </gpxx:TrackExtension>
    </extensions>
    <trkseg>
      <trkpt lat="51.213342520" lon="5.980451703" />
      <trkpt lat="51.213396286" lon="5.980880857" />
      <trkpt lat="51.210909532" lon="5.981631875" />
      <trkpt lat="51.210869205" lon="5.981299281" />
      <trkpt lat="51.213342520" lon="5.980451703" />
    </trkseg>
  </trk>
  <wpt lat="51.212182183" lon="5.981048996">
    <name>Sluis Roermond</name>
    <desc>Oproepnaam: Sluis Roermond
Type: lock
VHF-kanaal: 20
Gebruik: announce
Bron/info: https://varendoejesamen.nl/kenniscentrum/artikel/knooppunt-4-5</desc>
    <link href="https://varendoejesamen.nl/kenniscentrum/artikel/knooppunt-4-5">
      <text>https://varendoejesamen.nl/kenniscentrum/artikel/knooppunt-4-5</text>
    </link>
    <sym>vhf_unknown_20</sym>
    <type>WPT</type>
    <extensions>
      <opencpn:viz>1</opencpn:viz>
      <opencpn:viz_name>0</opencpn:viz_name>
      <opencpn:scale_min_max UseScale="false" ScaleMin="2147483646" ScaleMax="0" />
    </extensions>
  </wpt>
  <trk>
    <name>VHF 18 - Henriettesluis</name>
    <desc>Type: lock
VHF-kanaal: 18
Gebruik: announce
Opmerking: Incl. bridge.
Telefoon: +31 (0)73 6311492
Bron/info: https://waterkaart.net/gids/sluis.php?naam=Henriettesluis-(Schutsluis-Engelen)</desc>
    <extensions>
      <opencpn:viz>1</opencpn:viz>
      <opencpn:style width="5" style="101" />
      <gpxx:TrackExtension>
        <gpxx:DisplayColor>Blue</gpxx:DisplayColor>
      </gpxx:TrackExtension>
    </extensions>
    <trkseg>
      <trkpt lat="51.729345728" lon="5.259554386" />
      <trkpt lat="51.729505212" lon="5.259728730" />
      <trkpt lat="51.730158096" lon="5.258331299" />
      <trkpt lat="51.730005259" lon="5.258119404" />
      <trkpt lat="51.729345728" lon="5.259554386" />
    </trkseg>
  </trk>
  <wpt lat="51.729755200" lon="5.258927908">
    <name>Henriettesluis</name>
    <desc>Type: lock
VHF-kanaal: 18
Gebruik: announce
Opmerking: Incl. bridge.
Telefoon: +31 (0)73 6311492
Bron/info: https://waterkaart.net/gids/sluis.php?naam=Henriettesluis-(Schutsluis-Engelen)</desc>
    <link href="https://waterkaart.net/gids/sluis.php?naam=Henriettesluis-(Schutsluis-Engelen)">
      <text>https://waterkaart.net/gids/sluis.php?naam=Henriettesluis-(Schutsluis-Engelen)</text>
    </link>
    <link href="tel:+310736311492">
      <text>tel:+310736311492</text>
    </link>
    <sym>vhf_unknown_18</sym>
    <type>WPT</type>
    <extensions>
      <opencpn:viz>1</opencpn:viz>
      <opencpn:viz_name>0</opencpn:viz_name>
      <opencpn:scale_min_max UseScale="false" ScaleMin="2147483646" ScaleMax="0" />
    </extensions>
  </wpt>
  <trk>
    <name>VHF 22 - Krammersluis</name>
    <desc>Oproepnaam: Krammersluizen
Type: lock
VHF-kanaal: 22
Gebruik: listen
Bron/info: https://varendoejesamen.nl/kenniscentrum/artikel/knooppunt-2-3-b</desc>
    <extensions>
      <opencpn:viz>1</opencpn:viz>
      <opencpn:style width="5" style="101" />
      <gpxx:TrackExtension>
        <gpxx:DisplayColor>Blue</gpxx:DisplayColor>
      </gpxx:TrackExtension>
    </extensions>
    <trkseg>
      <trkpt lat="51.665085807" lon="4.159966707" />
      <trkpt lat="51.665152317" lon="4.161865711" />
      <trkpt lat="51.664872975" lon="4.161908627" />
      <trkpt lat="51.664846371" lon="4.159934521" />
      <trkpt lat="51.665085807" lon="4.159966707" />
    </trkseg>
  </trk>
  <wpt lat="51.664988912" lon="4.160944826">
    <name>Krammersluis</name>
    <desc>Oproepnaam: Krammersluizen
Type: lock
VHF-kanaal: 22
Gebruik: listen
Bron/info: https://varendoejesamen.nl/kenniscentrum/artikel/knooppunt-2-3-b</desc>
    <link href="https://varendoejesamen.nl/kenniscentrum/artikel/knooppunt-2-3-b">
      <text>https://varendoejesamen.nl/kenniscentrum/artikel/knooppunt-2-3-b</text>
    </link>
    <sym>vhf_unknown_22</sym>
    <type>WPT</type>
    <extensions>
      <opencpn:viz>1</opencpn:viz>
      <opencpn:viz_name>0</opencpn:viz_name>
      <opencpn:scale_min_max UseScale="false" ScaleMin="2147483646" ScaleMax="0" />
    </extensions>
  </wpt>
  <trk>
    <name>VHF 22 - Sluis Sambeek</name>
    <desc>Type: lock
VHF-kanaal: 22
Gebruik: announce
Bron/info: https://varendoejesamen.nl/kenniscentrum/artikel/knooppunt-4-7</desc>
    <extensions>
      <opencpn:viz>1</opencpn:viz>
      <opencpn:style width="5" style="101" />
      <gpxx:TrackExtension>
        <gpxx:DisplayColor>Blue</gpxx:DisplayColor>
      </gpxx:TrackExtension>
    </extensions>
    <trkseg>
      <trkpt lat="51.641898575" lon="5.981143713" />
      <trkpt lat="51.641306005" lon="5.980596542" />
      <trkpt lat="51.641019705" lon="5.981304646" />
      <trkpt lat="51.640360541" lon="5.980778933" />
      <trkpt lat="51.639694709" lon="5.982656479" />
      <trkpt lat="51.640287300" lon="5.983225107" />
      <trkpt lat="51.640020968" lon="5.984115601" />
      <trkpt lat="51.640613554" lon="5.984619856" />
      <trkpt lat="51.641898575" lon="5.981143713" />
    </trkseg>
  </trk>
  <wpt lat="51.640733631" lon="5.982387544">
    <name>Sluis Sambeek</name>
    <desc>Type: lock
VHF-kanaal: 22
Gebruik: announce
Bron/info: https://varendoejesamen.nl/kenniscentrum/artikel/knooppunt-4-7</desc>
    <link href="https://varendoejesamen.nl/kenniscentrum/artikel/knooppunt-4-7">
      <text>https://varendoejesamen.nl/kenniscentrum/artikel/knooppunt-4-7</text>
    </link>
    <sym>vhf_unknown_22</sym>
    <type>WPT</type>
    <extensions>
      <opencpn:viz>1</opencpn:viz>
      <opencpn:viz_name>0</opencpn:viz_name>
      <opencpn:scale_min_max UseScale="false" ScaleMin="2147483646" ScaleMax="0" />
    </extensions>
  </wpt>
  <trk>
    <name>VHF 20 - Brug Holenakker</name>
    <desc>Type: bridge
VHF-kanaal: 20
Gebruik: announce
Telefoon: +31 (0)88 7974825
Bron/info: https://waterkaart.net/gids/brug.php?naam=Brug-Holenakker</desc>
    <extensions>
      <opencpn:viz>1</opencpn:viz>
      <opencpn:style width="5" style="101" />
      <gpxx:TrackExtension>
        <gpxx:DisplayColor>Cyan</gpxx:DisplayColor>
      </gpxx:TrackExtension>
    </extensions>
    <trkseg>
      <trkpt lat="51.511289883" lon="5.162404776" />
      <trkpt lat="51.511383364" lon="5.162485242" />
      <trkpt lat="51.511346639" lon="5.162576437" />
      <trkpt lat="51.511258166" lon="5.162501335" />
      <trkpt lat="51.511289883" lon="5.162404776" />
    </trkseg>
  </trk>
  <wpt lat="51.511287034" lon="5.162488169">
    <name>Brug Holenakker</name>
    <desc>Type: bridge
VHF-kanaal: 20
Gebruik: announce
Telefoon: +31 (0)88 7974825
Bron/info: https://waterkaart.net/gids/brug.php?naam=Brug-Holenakker</desc>
    <link href="https://waterkaart.net/gids/brug.php?naam=Brug-Holenakker">
      <text>https://waterkaart.net/gids/brug.php?naam=Brug-Holenakker</text>
    </link>
    <link href="tel:+310887974825">
      <text>tel:+310887974825</text>
    </link>
    <sym>vhf_unknown_20</sym>
    <type>WPT</type>
    <extensions>
      <opencpn:viz>1</opencpn:viz>
      <opencpn:viz_name>0</opencpn:viz_name>
      <opencpn:scale_min_max UseScale="false" ScaleMin="2147483646" ScaleMax="0" />
    </extensions>
  </wpt>
  <trk>
    <name>VHF N.A. - Beneden Sas</name>
    <desc>Type: lock
VHF-kanaal: N.A.
Gebruik: listen
Opmerking: In general the lock is open</desc>
    <extensions>
      <opencpn:viz>1</opencpn:viz>
      <opencpn:style width="5" style="101" />
      <gpxx:TrackExtension>
        <gpxx:DisplayColor>Blue</gpxx:DisplayColor>
      </gpxx:TrackExtension>
    </extensions>
    <trkseg>
      <trkpt lat="51.625748282" lon="4.254935682" />
      <trkpt lat="51.625591762" lon="4.254868627" />
      <trkpt lat="51.625057259" lon="4.255394340" />
      <trkpt lat="51.625097222" lon="4.255670607" />
      <trkpt lat="51.625170488" lon="4.255812764" />
      <trkpt lat="51.625799901" lon="4.255152941" />
      <trkpt lat="51.625748282" lon="4.254935682" />
    </trkseg>
  </trk>
  <wpt lat="51.625410577" lon="4.255307365">
    <name>Beneden Sas</name>
    <desc>Type: lock
VHF-kanaal: N.A.
Gebruik: listen
Opmerking: In general the lock is open</desc>
    <link href="https://">
      <text>https://</text>
    </link>
    <sym>vhfinfo</sym>
    <type>WPT</type>
    <extensions>
      <opencpn:viz>1</opencpn:viz>
      <opencpn:viz_name>1</opencpn:viz_name>
      <opencpn:scale_min_max UseScale="false" ScaleMin="2147483646" ScaleMax="0" />
    </extensions>
  </wpt>
</gpx>